date,region,media_buyer,platform_id,account_name,account_type,agent,platform,spend_today_cumulative,spend_yesterday_cumulative,fee,actual_spend,spend_with_fee,notes
2025-07-01,DE,HW,1815567322519393,FV92-zs-tthd-1642,美金户,开户美国三不限户,nan,0.04,,,,,
2025-07-01,IN,SG,549740840492004,Momentus_client3-140425-5,印度户,深圳芳林子,65000.0,63251.55775,,1748.44225,2083.793474,,335.3512236
2025-07-01,IN,HW,768369575850195,VH_HK_9_ZYA-004,印度户,深圳芳林子,1268.202143,,,1268.202143,1485.825631,,217.6234877
2025-07-01,IN,HY,187091920981012,Momentus_client3-140425-4,印度户,深圳芳林子,6669.293125,3152.472375,,3516.82075,4191.34697,,674.5262199
2025-07-01,IN,YJ,928490121876088,Momentus_client3-140425-2,印度户,深圳芳林子,22800.44975,20858.88625,,1941.5635,2313.955379,,372.3918793
2025-07-01,IN,MY,998366051600669,Momentus_130225-1,印度企业户,B哥-印度户15➕1,953.888,88.137875,,865.750125,1005.56877,,139.8186452
2025-07-01,DE,SG,874825774392808,JNS-MIG-Goldp-100page--3-48,美金户,印度企业户 欧洲美金户,154.23,51.99,,102.24,114.5088,,12.2688
2025-07-01,DE,LYD,674341622174942,GAA-LY-40-B,美金户,凤凰&洛阳,15.72,,,15.72,18.078,,2.358
2025-07-01,DE,ZJ,270564665627111,BON-XANY-VND-0519-06,越南户,海总-黑泽-欧洲户对接,1962.29108,1935.28384,,27.00724,29.45949739,,2.452257392
2025-07-01,DE,ZJ,2089020051607698,Quu-2803,二不限,十月二不限——（泰华）,100.0,86.01,,13.99,14.1299,,0.1399
2025-07-01,DE,LYD,1815567322519393,FV92-zs-tthd-1642,美金户,开户美国三不限户,15.22,0.04,,15.18,16.2426,,1.0626
2025-07-02,IN,YK,715586863787702,Daniel Trading 04,印度企业户,海总新渠道,16.2325,,,16.2325,18.018075,,1.785575
2025-07-02,IN,HW,768369575850195,VH_HK_9_ZYA-004,印度户,深圳芳林子,2276.475476,1268.202143,,1008.273333,1181.293037,,173.019704
2025-07-02,IN,HW,1606662079955923,FirstBridge_GF_034,印度企业户,印度企业户 欧洲美金户,4012.848,,,4012.848,4654.90368,,642.05568
2025-07-02,IN,SG,549740840492004,Momentus_client3-140425-5,印度户,深圳芳林子,75403.82088,65000.0,,10403.82088,12399.27372,,1995.452844
2025-07-02,IN,YJ,928490121876088,Momentus_client3-140425-2,印度户,深圳芳林子,31569.01575,22800.44975,,8768.566,10450.37696,,1681.810959
2025-07-02,IN,MY,998366051600669,Momentus_130225-1,印度企业户,B哥-印度户15➕1,4524.016125,953.888,,3570.128125,4146.703817,,576.5756922
2025-07-02,IN,HY,187091920981012,Momentus_client3-140425-4,印度户,深圳芳林子,17573.565,6669.293125,,10904.27188,12995.71122,,2091.439346
2025-07-02,DE,SG,1227525025693051,Quu-2008,二不限,十月二不限——（泰华）,763.49,700.01,,63.48,64.1148,,0.6348
2025-07-02,DE,SG,874825774392808,JNS-MIG-Goldp-100page--3-48,美金户,印度企业户 欧洲美金户,199.69,154.23,,45.46,50.9152,,5.4552
2025-07-02,DE,YK,1592756984785015,ADA-MUSH-zoner99-0606(DCD1)(GMT +7)(USD)2016,美金户,启航,505.06,413.52,,91.54,105.409697,,13.86969697
2025-07-02,DE,LYD,674341622174942,GAA-LY-40-B,美金户,凤凰&洛阳,20.69,15.72,,4.97,5.7155,,0.7455
2025-07-03,DE,LYD,1370079980689617,OC-SFD-OB-GUO-0516-1,美金户,启航,nan,586.89,,,,,
2025-07-03,DE,LYD,1364872014664099,OC-SFD-OB-GUO-0520-1,美金户,启航,nan,396.71,,,,,
2025-07-03,DE,ZJ,1200298588103864,OC-SFD-OB-GUO-0520-2,美金户,启航,nan,,,,,,
2025-07-03,DE,ZJ,1017510920442509,OC-SFD-OB-GUO-0522-01,美金户,启航,nan,,,,,,
2025-07-03,DE,YK,1057278136241649,OC-SFD-OB-GUO-0522-02,美金户,启航,nan,11.28,,,,,
2025-07-03,DE,YK,1747502139192664,OC-SFD-OB-GUO-0522-03,美金户,启航,nan,9.47,,,,,
2025-07-03,IN,LYD,715586863787702,Daniel Trading 04,印度企业户,海总新渠道,11.957625,,,11.957625,13.27296375,,1.31533875
2025-07-03,IN,MY,998366051600669,Momentus_130225-1,印度企业户,B哥-印度户15➕1,5710.848375,4524.016125,,1186.83225,1378.505658,,191.6734084
2025-07-03,IN,MY,1151902866551619,Xunfei_GF_21,印度企业户,泰华&ME-FB海外户对接群,55.549625,,,55.549625,64.437565,,8.88794
2025-07-03,IN,HY,187091920981012,Momentus_client3-140425-4,印度户,深圳芳林子,28890.85975,17573.565,,11317.29475,13487.95188,,2170.657133
2025-07-03,IN,YK,715586863787702,Daniel Trading 04,印度企业户,海总新渠道,27.2925,16.2325,,11.06,12.2766,,1.2166
2025-07-03,IN,YJ,928490121876088,Momentus_client3-140425-2,印度户,深圳芳林子,39595.50038,31569.01575,,8026.484625,9565.964376,,1539.479751
2025-07-03,IN,SG,549740840492004,Momentus_client3-140425-5,印度户,深圳芳林子,91837.04213,75403.82088,,16433.22125,19585.11309,,3151.891836
2025-07-03,IN,HW,1606662079955923,FirstBridge_GF_034,印度企业户,印度企业户 欧洲美金户,12729.9145,4012.848,,8717.0665,10111.79714,,1394.73064
2025-07-03,DE,LYD,674341622174942,GAA-LY-40-B,美金户,凤凰&洛阳,41.99,20.69,,21.3,24.495,,3.195
2025-07-03,DE,LYD,1370079980689617,OC-SFD-OB-GUO-0516-1,美金户,启航,589.95,586.89,,3.06,3.4,,0.34
2025-07-03,DE,SG,715586863787702,Daniel Trading 04,印度企业户,海总新渠道,72.14,,,72.14,80.0754,,7.9354
2025-07-03,DE,YK,1592756984785015,ADA-MUSH-zoner99-0606(DCD1)(GMT +7)(USD)2016,美金户,启航,550.71,505.06,,45.65,52.56666667,,6.916666667
2025-07-03,DE,YK,1622963095201354,JNS-MIG-Goldp-100page--3-59,美金户,印度企业户 欧洲美金户,172.62,155.25,,17.37,19.4544,,2.0844
2025-07-04,IN,MY,4742928909361966,Xunfei_GF_22,印度户,泰华&ME-FB海外户对接群,nan,412.216,,,,,
2025-07-04,IN,LYD,573567718851786,FirstBridge_GF_030,印度企业户,印度企业户 欧洲美金户,nan,4000.0,,,,,
2025-07-04,IN,YJ,928490121876088,Momentus_client3-140425-2,印度户,深圳芳林子,41647.5725,39595.50038,,2052.072125,2445.659559,,393.5874336
2025-07-04,IN,MY,187091920981012,Momentus_client3-140425-4,印度户,深圳芳林子,3566.749,2067.2045,,1499.5445,1787.157135,,287.6126351
2025-07-04,IN,MY,4742928909361966,Xunfei_GF_22,印度企业户,泰华&ME-FB海外户对接群,542.703875,,,542.703875,629.536495,,86.83262
2025-07-04,IN,HW,1606662079955923,FirstBridge_GF_034,印度企业户,印度企业户 欧洲美金户,18925.17075,12729.9145,,6195.25625,7186.49725,,991.241
2025-07-04,IN,HY,187091920981012,Momentus_client3-140425-4,印度户,深圳芳林子,40602.44013,28890.85975,,11711.58038,13957.86149,,2246.281116
2025-07-04,IN,LYD,715586863787702,Daniel Trading 04,印度企业户,海总新渠道,280.2355,11.957625,,268.277875,297.7884413,,29.51056625
2025-07-04,IN,SG,549740840492004,Momentus_client3-140425-5,印度户,深圳芳林子,97589.17025,91837.04213,,5752.128125,6855.386299,,1103.258174
2025-07-04,DE,YK,1057278136241649,OC-SFD-OB-GUO-0522-02,美金户,启航,77.18,11.28,,65.9,73.22222222,,7.322222222
2025-07-04,DE,YK,1747502139192664,OC-SFD-OB-GUO-0522-03,美金户,启航,67.97,9.47,,58.5,65.0,,6.5
2025-07-05,意大利,HW,1209577126987834,GAA-LY-183,美金户,凤凰&洛阳,340.74,,,340.74,391.851,,51.111
2025-07-05,DE,ZJ,1200298588103864,OC-SFD-OB-GUO-0520-2,美金户,启航,94.0,,,94.0,104.4444444,,10.44444444
2025-07-05,DE,ZJ,1017510920442509,OC-SFD-OB-GUO-0522-01,美金户,启航,23.95,,,23.95,26.61111111,,2.661111111
2025-07-05,DE,MY,1260858209097909,Kpp-118,二不限,十月二不限——（泰华）,37.53,19.62,,17.91,18.0891,,0.1791
2025-07-05,DE,YK,1057278136241649,OC-SFD-OB-GUO-0522-02,美金户,启航,202.18,77.18,,125.0,138.8888889,,13.88888889
2025-07-05,DE,YK,1747502139192664,OC-SFD-OB-GUO-0522-03,美金户,启航,112.74,67.97,,44.77,49.74444444,,4.974444444
2025-07-06,IN,HW,1606662079955923,FirstBridge_GF_034,印度企业户,印度企业户 欧洲美金户,20358.75538,18925.17075,,1433.584625,1662.958165,,229.37354
2025-07-05,DE,LYD,1370079980689617,OC-SFD-OB-GUO-0516-1,美金户,启航,605.56,589.95,,15.61,17.34444444,,1.734444444
2025-07-06,IN,SG,549740840492004,Momentus_client3-140425-5,印度户,深圳芳林子,98157.15963,97589.17025,,567.989375,676.9297371,,108.9403621
2025-07-06,IN,SG,187091920981012,Momentus_client3-140425-4,印度户,深圳芳林子,41732.9755,40971.79088,,761.184625,907.1798361,,145.9952111
2025-07-06,IN,SG,187091920981012,Momentus_client3-140425-4,印度户,深圳芳林子,245.50375,,,245.50375,292.5913693,,47.08761925
2025-07-06,DE,ZJ,1200298588103864,OC-SFD-OB-GUO-0520-2,美金户,启航,237.57,94.0,,143.57,159.5222222,,15.95222222
2025-07-06,DE,ZJ,1017510920442509,OC-SFD-OB-GUO-0522-01,美金户,启航,158.9,23.95,,134.95,149.9444444,,14.99444444
2025-07-06,DE,YK,1057278136241649,OC-SFD-OB-GUO-0522-02,美金户,启航,355.81,202.18,,153.63,170.7,,17.07
2025-07-06,DE,YK,1747502139192664,OC-SFD-OB-GUO-0522-03,美金户,启航,145.29,112.74,,32.55,36.16666667,,3.616666667
2025-07-06,DE,YK,1707827796474714,OC-SFD-OB-GUO-0705-05,美金户,启航,22.5,,,22.5,25.0,,2.5
2025-07-06,DE,YK,715586863787702,Daniel Trading 04,印度企业户,海总新渠道,15.580625,,,15.580625,17.29449375,,1.71386875
2025-07-06,DE,LYD,1370079980689617,OC-SFD-OB-GUO-0516-1,美金户,启航,621.79,605.56,,16.23,18.03333333,,1.803333333
2025-07-07,DE,HW,1209577126987834,GAA-LY-183,美金户,凤凰&洛阳,349.88,340.74,,9.14,10.511,,1.371
2025-07-06,IN,HY,187091920981012,Momentus_client3-140425-4,印度户,深圳芳林子,40971.79088,40602.44013,,369.35075,440.1922238,,70.84147385
2025-07-07,IN,HY,187091920981012,Momentus_client3-140425-4,印度户,深圳芳林子,43470.31175,41732.9755,,1737.33625,2070.557343,,333.2210928
2025-07-07,IN,MY,187091920981012,Momentus_client3-140425-4,印度户,深圳芳林子,5494.153,3566.749,,1681.904,2004.493187,,322.5891872
2025-07-07,IN,SG,549740840492004,Momentus_client3-140425-5,印度户,深圳芳林子,98898.28038,98157.15963,,741.12075,883.2677099,,142.1469599
2025-07-07,IN,LYD,573567718851786,FirstBridge_GF_030,印度企业户,印度企业户 欧洲美金户,195.706,,,195.706,225.0619,,29.3559
2025-07-07,IN,YJ,2793150467536488,FirstBridge_GF_040,印度企业户,海总新渠道,179.24875,,,179.24875,202.5510875,,23.3023375
2025-07-07,IN,YJ,928490121876088,Momentus_client3-140425-2,印度户,深圳芳林子,43756.13638,41647.5725,,2108.563875,2512.986426,,404.4225512
2025-07-07,IN,HW,1606662079955923,FirstBridge_GF_034,印度企业户,印度企业户 欧洲美金户,22220.81388,20358.75538,,1862.0585,2159.98786,,297.92936
2025-07-07,DE,ZJ,1200298588103864,OC-SFD-OB-GUO-0520-2,美金户,启航,389.5,237.57,,151.93,168.8111111,,16.88111111
2025-07-07,DE,ZJ,1017510920442509,OC-SFD-OB-GUO-0522-01,美金户,启航,315.63,158.9,,156.73,174.1444444,,17.41444444
2025-07-07,DE,ZJ,1321316532409389,OC-SFD-OB-GUO-0705-01,美金户,启航,14.95,,,14.95,16.61111111,,1.661111111
2025-07-07,DE,YK,1057278136241649,OC-SFD-OB-GUO-0522-02,美金户,启航,587.72,355.81,,231.91,257.6777778,,25.76777778
2025-07-07,DE,YK,1747502139192664,OC-SFD-OB-GUO-0522-03,美金户,启航,252.18,145.29,,106.89,118.7666667,,11.87666667
2025-07-07,DE,YK,1592756984785015,ADA-MUSH-zoner99-0606(DCD1)(GMT +7)(USD)2016,美金户,启航,675.7,550.71,,124.99,143.9278788,,18.93787879
2025-07-08,IN,YJ,928490121876088,Momentus_client3-140425-2,印度户,深圳芳林子,44314.00438,43756.13638,,557.868,664.8670824,,106.9990824
2025-07-08,IN,SG,549740840492004,Momentus_client3-140425-5,印度户,深圳芳林子,106970.8103,98898.28038,,8072.529875,9620.841105,,1548.31123
2025-07-08,IN,MY,187091920981012,Momentus_client3-140425-4,印度户,深圳芳林子,5682.18325,5494.153,,188.03025,224.094452,,36.06420195
2025-07-08,IN,MY,998366051600669,Momentus_130225-1,印度企业户,海总新渠道,8644.983,5710.848375,,2934.134625,3315.572126,,381.4375013
2025-07-08,IN,HY,187091920981012,Momentus_client3-140425-4,印度户,深圳芳林子,46760.84325,43470.31175,,3290.5315,3921.655442,,631.1239417
2025-07-08,意大利,HW,1209577126987834,GAA-LY-183,美金户,凤凰&洛阳,861.28,674.43,,186.85,214.8775,,28.0275
2025-07-08,DE,HW,1209577126987834,GAA-LY-183,美金户,凤凰&洛阳,333.69,9.14,,324.55,373.2325,,48.6825
2025-07-08,DE,LYD,715586863787702,Daniel Trading 04,印度企业户,海总新渠道,50.941625,,,50.941625,56.54520375,,5.60357875
2025-07-08,DE,LYD,1370079980689617,OC-SFD-OB-GUO-0516-1,美金户,启航,642.25,621.79,,20.46,22.73333333,,2.273333333
2025-07-08,DE,ZJ,1200298588103864,OC-SFD-OB-GUO-0520-2,美金户,启航,501.24,389.5,,111.74,124.1555556,,12.41555556
2025-07-08,DE,ZJ,1017510920442509,OC-SFD-OB-GUO-0522-01,美金户,启航,644.34,315.63,,328.71,365.2333333,,36.52333333
2025-07-08,DE,ZJ,1321316532409389,OC-SFD-OB-GUO-0705-01,美金户,启航,62.69,14.95,,47.74,53.04444444,,5.304444444
2025-07-08,DE,ZJ,2718442645021603,G-U-0703-Mobidata-02,美金户,启航,93.24,,,93.24,105.4836364,,12.24363636
2025-07-09,IN,HY,187091920981012,Momentus_client3-140425-4,印度户,深圳芳林子,56587.091,46760.84325,,9826.24775,11710.92207,,1884.674318
2025-07-09,IN,SG,549740840492004,Momentus_client3-140425-5,印度户,深圳芳林子,114978.0546,106970.8103,,8007.244375,9543.033846,,1535.789471
2025-07-09,IN,MY,187091920981012,Momentus_client3-140425-4,印度户,深圳芳林子,9704.96625,5682.18325,,4022.783,4794.352779,,771.5697794
2025-07-09,IN,MY,998366051600669,Momentus_130225-1,印度企业户,海总新渠道,10200.92863,8644.983,,1555.945625,1758.218556,,202.2729313
2025-07-09,IN,ZJ,998366051600669,Momentus_130225-1,印度企业户,海总新渠道,621.73575,,,621.73575,702.5613975,,80.8256475
2025-07-09,DE,YK,1057278136241649,OC-SFD-OB-GUO-0522-02,美金户,启航,592.9,587.72,,5.18,5.755555556,,0.5755555556
2025-07-09,DE,YK,1747502139192664,OC-SFD-OB-GUO-0522-03,美金户,启航,469.96,252.18,,217.78,241.9777778,,24.19777778
2025-07-09,DE,HW,1209577126987834,GAA-LY-183,美金户,凤凰&洛阳,1076.35,861.28,,215.07,247.3305,,32.2605
2025-07-09,DE,LYD,1370079980689617,OC-SFD-OB-GUO-0516-1,美金户,启航,819.75,642.25,,177.5,197.2222222,,19.72222222
2025-07-09,IN,LYD,715586863787702,Daniel Trading 04,印度企业户,海总新渠道,317.0175,280.2355,,36.782,40.82802,,4.04602
2025-07-09,DE,ZJ,2718442645021603,G-U-0703-Mobidata-02,美金户,启航,190.0,93.24,,96.76,109.4658586,,12.70585859
2025-07-09,DE,ZJ,1200298588103864,OC-SFD-OB-GUO-0520-2,美金户,启航,510.87,501.24,,9.63,10.7,,1.07
2025-07-09,DE,ZJ,1017510920442509,OC-SFD-OB-GUO-0522-01,美金户,启航,850.06,644.34,,205.72,228.5777778,,22.85777778
2025-07-09,DE,ZJ,1321316532409389,OC-SFD-OB-GUO-0705-01,美金户,启航,88.17,62.69,,25.48,28.31111111,,2.831111111
2025-07-10,IN,HY,187091920981012,Momentus_client3-140425-4,印度户,深圳芳林子,66227.64463,56587.091,,9640.553625,11489.61181,,1849.058185
2025-07-10,IN,SG,549740840492004,Momentus_client3-140425-5,印度户,深圳芳林子,124792.7624,114978.0546,,9814.70775,11697.1687,,1882.460946
2025-07-10,IN,MY,187091920981012,Momentus_client3-140425-4,印度户,深圳芳林子,12613.2525,9704.96625,,2908.28625,3466.095553,,557.8093027
2025-07-10,IN,MY,998366051600669,Momentus_130225-1,印度企业户,海总新渠道,13267.55238,10200.92863,,3066.62375,3465.284838,,398.6610875
2025-07-10,IN,ZJ,998366051600669,Momentus_130225-1,印度企业户,海总新渠道,6247.50975,621.73575,,5625.774,6357.12462,,731.35062
2025-07-10,DE,SG,2262270237560781,Kpp-321,二不限,十月二不限——（泰华）,31.21,,,31.21,31.5221,,0.3121
2025-07-10,DE,YK,1747502139192664,OC-SFD-OB-GUO-0522-03,美金户,启航,536.1,469.96,,66.14,73.48888889,,7.348888889
2025-07-10,DE,YK,596788349794362,Wee-1686,二不限,十月二不限——（泰华）,63.83,,,63.83,64.4683,,0.6383
2025-07-10,DE,YK,2146792169170779,G-U-0710-Mobidata-03,美金户,启航,17.48,,,17.48,19.77535354,,2.295353535
2025-07-10,DE,HW,1209577126987834,GAA-LY-183,美金户,凤凰&洛阳,1304.36,1076.35,,228.01,262.2115,,34.2015
2025-07-10,DE,LYD,1370079980689617,OC-SFD-OB-GUO-0516-1,美金户,启航,977.24,819.75,,157.49,174.9888889,,17.49888889
2025-07-10,DE,ZJ,1200298588103864,OC-SFD-OB-GUO-0520-2,美金户,启航,510.87,510.87,,0.0,0.0,,0.0
2025-07-10,DE,ZJ,1017510920442509,OC-SFD-OB-GUO-0522-01,美金户,启航,959.96,850.06,,109.9,122.1111111,,12.21111111
2025-07-10,DE,ZJ,1321316532409389,OC-SFD-OB-GUO-0705-01,美金户,启航,99.76,88.17,,11.59,12.87777778,,1.287777778
2025-07-10,DE,ZJ,2718442645021603,G-U-0703-Mobidata-02,美金户,启航,342.31,190.0,,152.31,172.310303,,20.00030303
2025-07-11,IN,HY,187091920981012,Momentus_client3-140425-4,印度户,深圳芳林子,87566.23188,66227.64463,,21338.58725,25431.32828,,4092.741035
2025-07-11,IN,SG,549740840492004,Momentus_client3-140425-5,印度户,深圳芳林子,134957.3566,124792.7624,,10164.59425,12114.16343,,1949.569177
2025-07-11,IN,MY,998366051600669,Momentus_130225-1,印度企业户,海总新渠道,21443.56813,13267.55238,,8176.01575,9238.897798,,1062.882048
2025-07-11,IN,ZJ,998366051600669,Momentus_130225-1,印度企业户,海总新渠道,14421.248,6247.50975,,8173.73825,9236.324223,,1062.585973
2025-07-11,IN,MY,187091920981012,Momentus_client3-140425-4,印度户,深圳芳林子,12897.30263,12613.2525,,284.050125,338.530939,,54.48081398
2025-07-11,DE,YK,2146792169170779,G-U-0710-Mobidata-03,美金户,启航,26.17,17.48,,8.69,9.831111111,,1.141111111
2025-07-11,DE,YK,1511071179856495,GAAUS-LY-297  +8,美金户,凤凰&洛阳,106.04,,,106.04,121.946,,15.906
2025-07-11,DE,YK,689346027242553,G-U-0710-Mobidata-04,美金户,启航,37.3,,,37.3,42.1979798,,4.897979798
2025-07-11,DE,YJ,1672336136815689,Wee-1681,二不限,十月二不限——（泰华）,354.22,,,354.22,357.7622,,3.5422
2025-07-11,DE,YJ,1070100691264372,Wee-1683,二不限,十月二不限——（泰华）,269.74,,,269.74,272.4374,,2.6974
2025-07-11,DE,YJ,4113319722315192,Wee-1684,二不限,十月二不限——（泰华）,226.71,,,226.71,228.9771,,2.2671
2025-07-11,DE,YJ,765392819394956,Wee-1685,二不限,十月二不限——（泰华）,301.81,,,301.81,304.8281,,3.0181
2025-07-12,IN,HY,187091920981012,Momentus_client3-140425-4,印度户,深圳芳林子,91713.8445,87566.23188,,4147.612625,4943.124726,,795.5121015
2025-07-12,IN,SG,187091920981012,Momentus_client3-140425-4,印度户,深圳芳林子,3888.183125,,,3888.183125,4633.936648,,745.7535234
2025-07-12,IN,SG,549740840492004,Momentus_client3-140425-5,印度户,深圳芳林子,135426.9623,134957.3566,,469.605625,559.6759839,,90.07035888
2025-07-12,DE,YJ,1672336136815689,Wee-1681,二不限,十月二不限——（泰华）,894.84,354.22,,540.62,546.0262,,5.4062
2025-07-12,DE,YJ,765392819394956,Wee-1685,二不限,十月二不限——（泰华）,881.15,301.81,,579.34,585.1334,,5.7934
2025-07-12,DE,YK,2146792169170779,G-U-0710-Mobidata-03,美金户,启航,126.45,26.17,,100.28,113.4480808,,13.16808081
2025-07-12,DE,YK,1511071179856495,GAAUS-LY-297  +8,美金户,凤凰&洛阳,463.83,106.04,,357.79,411.4585,,53.6685
2025-07-12,DE,YK,689346027242553,G-U-0710-Mobidata-04,美金户,启航,110.58,37.3,,73.28,82.90262626,,9.622626263
2025-07-12,DE,YJ,1471231444282488,TGA.HVUMedia-INVOICE-94-07/07,美金户,深圳芳林子,nan,15.7,,,,,
2025-07-12,DE,YJ,1070100691264372,Wee-1683,二不限,十月二不限——（泰华）,272.33,269.74,,2.59,2.6159,,0.0259
2025-07-12,DE,YJ,4113319722315192,Wee-1684,二不限,十月二不限——（泰华）,229.15,226.71,,2.44,2.4644,,0.0244
2025-07-12,DE,YK,724616010318172,XL-GPA-LMCL-Xiaomi--3-01-巴西货币,美国额度户,印度企业户 欧洲美金户,53.10071942,,,53.10071942,60.00381295,,6.903093525
2025-07-12,DE,YK,630661156231901,TGA.HVUMedia-INVOICE-104-07/07,美金户,深圳芳林子,9.18,,,9.18,10.755288,,1.575288
2025-07-13,IN,HY,187091920981012,Momentus_client3-140425-4,印度户,深圳芳林子,104614.4085,91713.8445,,12900.564,15374.89218,,2474.328175
2025-07-13,IN,SG,187091920981012,Momentus_client3-140425-4,印度户,深圳芳林子,12007.35975,3888.183125,,8119.176625,9676.434702,,1557.258077
2025-07-13,IN,MY,998366051600669,Momentus_130225-1,印度企业户,海总新渠道,31122.7235,21443.56813,,9679.155375,10937.44557,,1258.290199
2025-07-13,DE,HW,1209577126987834,GAA-LY-183,美金户,凤凰&洛阳,1715.92,1304.36,,411.56,473.294,,61.734
2025-07-13,DE,YJ,1672336136815689,Wee-1681,二不限,十月二不限——（泰华）,1181.99,894.84,,287.15,290.0215,,2.8715
2025-07-13,DE,YJ,765392819394956,Wee-1685,二不限,十月二不限——（泰华）,1100.01,881.15,,218.86,221.0486,,2.1886
2025-07-13,DE,YK,1511071179856495,GAAUS-LY-297  +8,美金户,凤凰&洛阳,1331.55,463.83,,867.72,997.878,,130.158
2025-07-13,DE,YK,2146792169170779,G-U-0710-Mobidata-03,美金户,启航,198.51,126.45,,72.06,81.52242424,,9.462424242
2025-07-13,DE,YK,689346027242553,G-U-0710-Mobidata-04,美金户,启航,157.9,110.58,,47.32,53.53373737,,6.213737374
2025-07-13,DE,YK,724616010318172,XL-GPA-LMCL-Xiaomi--3-01-巴西货币,美国额度户,印度企业户 欧洲美金户,251.307554,53.10071942,,198.2068345,223.973723,,25.76688849
2025-07-13,IN,ZJ,998366051600669,Momentus_130225-1,印度企业户,海总新渠道,20588.10763,14421.248,,6166.859625,6968.551376,,801.6917513
2025-07-14,IN,SG,187091920981012,Momentus_client3-140425-4,印度户,深圳芳林子,15101.35775,12007.35975,,3093.998,3687.426816,,593.4288164
2025-07-14,IN,HY,187091920981012,Momentus_client3-140425-4,印度户,深圳芳林子,110735.3479,104614.4085,,6120.939375,7294.935547,,1173.996172
2025-07-14,IN,ZJ,998366051600669,Momentus_130225-1,印度企业户,海总新渠道,24624.62463,20588.10763,,4036.517,4561.26421,,524.74721
2025-07-14,IN,MY,998366051600669,Momentus_130225-1,印度企业户,海总新渠道,37086.2165,31122.7235,,5963.493,6738.74709,,775.25409
2025-07-14,DE,YJ,1672336136815689,Wee-1681,二不限,十月二不限——（泰华）,1552.94,1181.99,,370.95,374.6595,,3.7095
2025-07-14,DE,YJ,765392819394956,Wee-1685,二不限,十月二不限——（泰华）,1299.99,1100.01,,199.98,201.9798,,1.9998
2025-07-14,DE,LYD,1292184755876668,Wee-2143,二不限,十月二不限——（泰华）,23.1,,,23.1,23.331,,0.231
2025-07-14,DE,LYD,2147147402378180,Wee-2144,二不限,十月二不限——（泰华）,80.14,,,80.14,80.9414,,0.8014
2025-07-14,DE,LYD,1390660295325191,Wee-2145,二不限,十月二不限——（泰华）,121.61,,,121.61,122.8261,,1.2161
2025-07-14,DE,HW,1209577126987834,GAA-LY-183,美金户,凤凰&洛阳,2797.22,1715.92,,1081.3,1243.495,,162.195
2025-07-14,DE,YK,1511071179856495,GAAUS-LY-297  +8,美金户,凤凰&洛阳,3179.78,1331.55,,1848.23,2125.4645,,277.2345
2025-07-14,DE,YK,2146792169170779,G-U-0710-Mobidata-03,美金户,启航,208.59,198.51,,10.08,11.40363636,,1.323636364
2025-07-14,DE,YK,689346027242553,G-U-0710-Mobidata-04,美金户,启航,165.88,157.9,,7.98,9.027878788,,1.047878788
2025-07-14,DE,YK,724616010318172,XL-GPA-LMCL-Xiaomi--3-01-巴西货币,美国额度户,印度企业户 欧洲美金户,295.8417266,251.307554,,44.53417266,50.32361511,,5.789442446
2025-07-14,DE,YK,9629968433759163,TGA.HVUMedia-INVOICE-112-10/07,美金户,深圳芳林子,53.42,,,53.42,62.586872,,9.166872
2025-07-14,DE,YK,1410139146995567,GAAUS-LY-356,美金户,凤凰&洛阳,12.04,,,12.04,13.846,,1.806
2025-07-15,IN,ZJ,998366051600669,Momentus_130225-1,印度企业户,海总新渠道,24679.13713,24624.62463,,54.5125,61.599125,,7.086625
2025-07-15,IN,MY,998366051600669,Momentus_130225-1,印度企业户,海总新渠道,37139.11938,37086.2165,,52.902875,59.78024875,,6.87737375
2025-07-15,IN,HY,187091920981012,Momentus_client3-140425-4,印度户,深圳芳林子,110943.1008,110735.3479,,207.752875,247.5998764,,39.84700143
2025-07-15,IN,HY,712066234924254,xm-0714+8-33,国内三不限,济宁韦宁&香港有意思 二不限 3%,464.56,,,464.56,506.3704,,41.8104
2025-07-15,DE,LYD,2149142772254174,G-U-0711-Mobidata-01,美金户,启航,87.38,,,87.38,98.85414141,,11.47414141
2025-07-15,DE,LYD,1760510674903298,G-U-0711-Mobidata-02,美金户,启航,10.59,,,10.59,11.98060606,,1.390606061
2025-07-15,DE,HW,1209577126987834,GAA-LY-183,美金户,凤凰&洛阳,4457.26,2797.22,,1660.04,1909.046,,249.006
2025-07-15,DE,YJ,2718442645021603,G-U-0703-Mobidata-02,美金户,启航,nan,369.69,,,,,
2025-07-16,IN,HW,1051872053050957,Renato_BA_043,美国授信户,深圳芳林子,499.11,,,499.11,569.634243,,70.524243
2025-07-15,DE,YJ,589480140925144,GAAUS-LY-355,美金户,凤凰&洛阳,176.39,,,176.39,202.8485,,26.4585
2025-07-15,DE,YJ,2718442645021603,G-U-0703-Mobidata-02,美金户,启航,548.34,,,548.34,620.3442424,,72.00424242
2025-07-15,DE,YJ,715640307540707,GAAUS-LY-364,美金户,凤凰&洛阳,240.69,,,240.69,276.7935,,36.1035
2025-07-15,DE,YJ,567761519708719,GAAUS-LY-372,美金户,凤凰&洛阳,21.72,,,21.72,24.978,,3.258
2025-07-15,DE,YK,1511071179856495,GAAUS-LY-297  +8,美金户,凤凰&洛阳,6238.86,3179.78,,3059.08,3517.942,,458.862
2025-07-16,IN,HY,712066234924254,xm-0714+8-33,国内三不限,济宁韦宁&香港有意思 二不限 3%,4000.01,464.56,,3535.45,3853.6405,,318.1905
2025-07-16,IN,HY,1610513093241254,xm-0707+8-24,国内三不限,济宁韦宁&香港有意思 二不限 3%,1336.98,,,1336.98,1457.3082,,120.3282
2025-07-16,DE,SG,2262270237560781,Kpp-321,二不限,十月二不限——（泰华）,73.36,31.21,,42.15,42.5715,,0.4215
2025-07-16,DE,HW,1209577126987834,GAA-LY-183,美金户,凤凰&洛阳,5844.61,4457.26,,1387.35,1595.4525,,208.1025
2025-07-16,DE,YK,1511071179856495,GAAUS-LY-297  +8,美金户,凤凰&洛阳,7910.52,6238.86,,1671.66,1922.409,,250.749
2025-07-16,DE,YJ,2718442645021603,G-U-0703-Mobidata-02,美金户,启航,686.19,548.34,,137.85,155.9515152,,18.10151515
2025-07-16,DE,YJ,715640307540707,GAAUS-LY-364,美金户,凤凰&洛阳,397.47,240.69,,156.78,180.297,,23.517
2025-07-16,DE,YJ,567761519708719,GAAUS-LY-372,美金户,凤凰&洛阳,719.01,21.72,,697.29,801.8835,,104.5935
2025-07-17,IN,MY,900481445226272,WBD 9 - VL IN 003,印度企业户,海总新渠道,1000.0,,,1000.0,1110.0,,110.0
2025-07-17,IN,HW,745074664780341,xm-0710-5-70,国内三不限,济宁韦宁&香港有意思 二不限 3%,4796.56,,,4796.56,5228.2504,,431.6904
2025-07-17,IN,HY,712066234924254,xm-0714+8-33,国内三不限,济宁韦宁&香港有意思 二不限 3%,5501.14,3000.01,,2501.13,2726.2317,,225.1017
2025-07-17,IN,HY,1610513093241254,xm-0707+8-24,国内三不限,济宁韦宁&香港有意思 二不限 3%,2384.14,336.98,,2047.16,2231.4044,,184.2444
2025-07-17,DE,YJ,589480140925144,GAAUS-LY-355,美金户,凤凰&洛阳,205.98,176.39,,29.59,34.0285,,4.4385
2025-07-17,DE,YJ,2718442645021603,G-U-0703-Mobidata-02,美金户,启航,1197.48,686.19,,511.29,578.4290909,,67.13909091
2025-07-17,DE,YJ,715640307540707,GAAUS-LY-364,美金户,凤凰&洛阳,452.3,397.47,,54.83,63.0545,,8.2245
2025-07-17,DE,YJ,567761519708719,GAAUS-LY-372,美金户,凤凰&洛阳,1576.95,719.01,,857.94,986.631,,128.691
2025-07-17,DE,HW,1209577126987834,GAA-LY-183,美金户,凤凰&洛阳,7540.38,5844.61,,1695.77,1950.1355,,254.3655
2025-07-17,DE,YK,1511071179856495,GAAUS-LY-297  +8,美金户,凤凰&洛阳,8538.73,7910.52,,628.21,722.4415,,94.2315
2025-07-18,IN,HW,745074664780341,xm-0710-5-70,国内三不限,济宁韦宁&香港有意思 二不限 3%,9855.63,4796.56,,5059.07,5514.3863,,455.3163
2025-07-18,IN,SG,615941226543731,Vys_K1,印度企业户,海总新渠道,3365.681,,,3365.681,3803.21953,,437.53853
2025-07-18,DE,SG,1792125998383385,Quu-3056,二不限,十月二不限——（泰华）,136.83,,,136.83,138.1983,,1.3683
2025-07-18,IN,HY,712066234924254,xm-0714+8-33,国内三不限,济宁韦宁&香港有意思 二不限 3%,5860.21,5501.14,,359.07,391.3863,,32.3163
2025-07-18,IN,HY,1610513093241254,xm-0707+8-24,国内三不限,济宁韦宁&香港有意思 二不限 3%,3177.75,2384.14,,793.61,865.0349,,71.4249
2025-07-18,DE,LYD,2149142772254174,G-U-0711-Mobidata-01,美金户,启航,288.48,87.38,,201.1,227.5070707,,26.40707071
2025-07-18,DE,LYD,1760510674903298,G-U-0711-Mobidata-02,美金户,启航,13.99,10.59,,3.4,3.846464646,,0.4464646465
2025-07-18,DE,LYD,724616010318172,XL-GPA-LMCL-Xiaomi--3-01-巴西货币,美国额度户,印度企业户 欧洲美金户,209.0521583,38.60431655,,170.4478417,192.6060612,,22.15821942
2025-07-18,DE,YJ,724616010318172,XL-GPA-LMCL-Xiaomi--3-01-巴西货币,美国额度户,印度企业户 欧洲美金户,475.2553957,,,475.2553957,537.0385971,,61.78320144
2025-07-18,DE,YK,724616010318172,XL-GPA-LMCL-Xiaomi--3-01-巴西货币,美国额度户,印度企业户 欧洲美金户,437.9208633,295.8417266,,142.0791367,160.5494245,,18.47028777
2025-07-18,DE,YJ,715640307540707,GAAUS-LY-364,美金户,凤凰&洛阳,452.68,452.3,,0.38,0.437,,0.057
2025-07-18,DE,YJ,567761519708719,GAAUS-LY-372,美金户,凤凰&洛阳,1736.96,1576.95,,160.01,184.0115,,24.0015
2025-07-18,DE,HW,1209577126987834,GAA-LY-183,美金户,凤凰&洛阳,8407.18,7540.38,,866.8,996.82,,130.02
2025-07-19,IN,HW,745074664780341,xm-0710-5-70,国内三不限,济宁韦宁&香港有意思 二不限 3%,11188.2,9855.63,,1332.57,1452.5013,,119.9313
2025-07-19,IN,SG,615941226543731,Vys_K1,印度企业户,海总新渠道,13010.1175,3365.681,,9644.4365,10898.21325,,1253.776745
2025-07-19,IN,HY,712066234924254,xm-0714+8-33,国内三不限,济宁韦宁&香港有意思 二不限 3%,7382.31,6860.21,,522.1,569.089,,46.989
2025-07-19,IN,HY,1610513093241254,xm-0707+8-24,国内三不限,济宁韦宁&香港有意思 二不限 3%,4491.56,4177.75,,313.81,342.0529,,28.2429
2025-07-19,IN,ZJ,1201279381734621,GAAUS-LY-371,美金户,凤凰&洛阳,2211.47,,,2211.47,2543.1905,,331.7205
2025-07-19,IN,ZJ,754598553564328,GAAUS-LY-370,美金户,凤凰&洛阳,1504.26,,,1504.26,1729.899,,225.639
2025-07-19,IN,MY,501455840310151,LSVPH -14,印度企业户,海总/户合作mom,51.13,,,51.13,57.7769,,6.6469
2025-07-20,IN,SG,615941226543731,Vys_K1,印度企业户,海总新渠道,29565.708,13010.1175,,16555.5905,18707.81727,,2152.226765
2025-07-20,IN,ZJ,1201279381734621,GAAUS-LY-371,美金户,凤凰&洛阳,6548.17,2211.47,,4336.7,4987.205,,650.505
2025-07-20,IN,ZJ,754598553564328,GAAUS-LY-370,美金户,凤凰&洛阳,5647.46,1504.26,,4143.2,4764.68,,621.48
2025-07-20,DE,SG,1792125998383385,Quu-3056,二不限,十月二不限——（泰华）,282.98,136.83,,146.15,147.6115,,1.4615
2025-07-20,DE,HW,1209577126987834,GAA-LY-183,美金户,凤凰&洛阳,8844.25,8407.18,,437.07,502.6305,,65.5605
2025-07-20,DE,YJ,567761519708719,GAAUS-LY-372,美金户,凤凰&洛阳,2149.8,1736.96,,412.84,474.766,,61.926
2025-07-21,DE,YJ,2149142772254174,G-U-0711-Mobidata-01,美金户,启航,nan,288.97,,,,,
2025-07-21,IN,HY,712066234924254,xm-0714+8-33,国内三不限,济宁韦宁&香港有意思 二不限 3%,7902.47,7382.31,,520.16,566.9744,,46.8144
2025-07-21,IN,HY,1610513093241254,xm-0707+8-24,国内三不限,济宁韦宁&香港有意思 二不限 3%,4500.01,4491.56,,8.45,9.2105,,0.7605
2025-07-21,IN,HY,1392703268660575,GAAUS-LY-368,美金户,凤凰&洛阳,218.26,,,218.26,250.999,,32.739
2025-07-21,IN,HY,1954763398598009,GAAUS-LY-369,美金户,凤凰&洛阳,104.32,,,104.32,119.968,,15.648
2025-07-21,IN,SG,615941226543731,Vys_K1,印度企业户,海总新渠道,32305.86563,29565.708,,2740.157625,3096.378116,,356.2204913
2025-07-21,IN,ZJ,1201279381734621,GAAUS-LY-371,美金户,凤凰&洛阳,8568.78,6548.17,,2020.61,2323.7015,,303.0915
2025-07-21,IN,ZJ,754598553564328,GAAUS-LY-370,美金户,凤凰&洛阳,7244.46,5647.46,,1597.0,1836.55,,239.55
2025-07-21,DE,YJ,589480140925144,GAAUS-LY-355,美金户,凤凰&洛阳,419.95,205.98,,213.97,246.0655,,32.0955
2025-07-21,DE,HW,1209577126987834,GAA-LY-183,美金户,凤凰&洛阳,10123.28,8844.25,,1279.03,1470.8845,,191.8545
2025-07-21,DE,ZJ,1136735318493561,GAAUS-LY-379,美金户,凤凰&洛阳,nan,62.4,,,,,
2025-07-21,DE,YJ,2149142772254174,G-U-0711-Mobidata-01,美金户,启航,476.54,,,476.54,539.1159596,,62.5759596
2025-07-21,DE,YJ,715640307540707,GAAUS-LY-364,美金户,凤凰&洛阳,1086.61,452.68,,633.93,729.0195,,95.0895
2025-07-21,DE,YJ,567761519708719,GAAUS-LY-372,美金户,凤凰&洛阳,2975.0,2149.8,,825.2,948.98,,123.78
2025-07-21,DE,YJ,724616010318172,XL-GPA-LMCL-Xiaomi--3-01-巴西货币,美国额度户,印度企业户 欧洲美金户,617.9100719,475.2553957,,142.6546763,161.1997842,,18.54510791
2025-07-21,DE,SG,1792125998383385,Quu-3056,二不限,十月二不限——（泰华）,437.66,282.98,,154.68,156.2268,,1.5468
2025-07-21,DE,SG,712357667840458,Quu-3057,二不限,十月二不限——（泰华）,39.48,,,39.48,39.8748,,0.3948
2025-07-21,DE,MY,1800147777383016,GAAUS-LY-382,美金户,凤凰&洛阳,25.77,,,25.77,29.6355,,3.8655
2025-07-22,DE,SG,1792125998383385,Quu-3056,二不限,十月二不限——（泰华）,562.13,437.66,,124.47,125.7147,,1.2447
2025-07-22,DE,YK,1511071179856495,GAAUS-LY-297  +8,美金户,凤凰&洛阳,8571.42,8538.73,,32.69,37.5935,,4.9035
2025-07-22,DE,YK,4357760397792421,GAAUS-LY-389,美金户,凤凰&洛阳,76.45,,,76.45,87.9175,,11.4675
2025-07-22,DE,YJ,724616010318172,XL-GPA-LMCL-Xiaomi--3-01-巴西货币,美国额度户,印度企业户 欧洲美金户,627.1294964,617.9100719,,9.21942446,10.41794964,,1.19852518
2025-07-22,DE,YJ,715640307540707,GAAUS-LY-364,美金户,凤凰&洛阳,1088.37,1086.61,,1.76,2.024,,0.264
2025-07-22,DE,YJ,567761519708719,GAAUS-LY-372,美金户,凤凰&洛阳,3106.21,2975.0,,131.21,150.8915,,19.6815
2025-07-22,DE,YJ,2149142772254174,G-U-0711-Mobidata-01,美金户,启航,711.08,476.54,,234.54,265.3381818,,30.79818182
2025-07-22,IN,HY,712066234924254,xm-0714+8-33,国内三不限,济宁韦宁&香港有意思 二不限 3%,9238.2,7902.47,,1335.73,1455.9457,,120.2157
2025-07-22,IN,HY,1392703268660575,GAAUS-LY-368,美金户,凤凰&洛阳,913.23,218.26,,694.97,799.2155,,104.2455
2025-07-22,IN,HY,1954763398598009,GAAUS-LY-369,美金户,凤凰&洛阳,3077.18,104.32,,2972.86,3418.789,,445.929
2025-07-22,IN,HY,269887998456727,CN - Rosie 1,印度企业户,深圳芳林子,188.52,,,188.52,220.870032,,32.350032
2025-07-22,IN,SG,615941226543731,Vys_K1,印度企业户,海总新渠道,42373.47675,32305.86563,,10067.61113,11376.40057,,1308.789446
2025-07-21,IN,MY,1412307579460468,BA VORNIX 9,印尼企业户,印度户印尼企业户,nan,826.6290462,,,,,
2025-07-21,IN,ZJ,936002028210213,BA GLADIUS 4,印尼企业户,印度户印尼企业户,nan,3932.74,,,,,
2025-07-23,IN,HW,469458258780186,China Account 1 - 220725,印度企业户,深圳芳林子,nan,2888.06575,,,,,
2025-07-24,IN,HW,745074664780341,xm-0710-5-70,国内三不限,济宁韦宁&香港有意思 二不限 3%,11198.34,11188.2,,10.14,11.0526,,0.9126
2025-07-23,IN,HY,1392703268660575,GAAUS-LY-368,美金户,凤凰&洛阳,925.55,913.23,,12.32,14.168,,1.848
2025-07-23,IN,HY,1954763398598009,GAAUS-LY-369,美金户,凤凰&洛阳,8254.6,3077.18,,5177.42,5954.033,,776.613
2025-07-23,IN,HY,269887998456727,CN - Rosie 1,印度企业户,深圳芳林子,1000.0,188.52,,811.48,950.729968,,139.249968
2025-07-23,IN,SG,615941226543731,Vys_K1,印度企业户,海总新渠道,51307.41113,42373.47675,,8933.934375,10095.34584,,1161.411469
2025-07-23,IN,MY,1412307579460468,BA VORNIX 9,印尼企业户,印度户印尼企业户,3502.503,,,3502.503,3782.70324,,280.20024
2025-07-23,IN,ZJ,1201279381734621,GAAUS-LY-371,美金户,凤凰&洛阳,10658.73,8568.78,,2089.95,2403.4425,,313.4925
2025-07-23,IN,ZJ,754598553564328,GAAUS-LY-370,美金户,凤凰&洛阳,10654.86,7244.46,,3410.4,3921.96,,511.56
2025-07-23,IN,ZJ,936002028210213,BA GLADIUS 4,印尼企业户,印度户印尼企业户,548.92,,,548.92,598.3228,,49.4028
2025-07-24,IN,MY,1412307579460468,BA VORNIX 9,印尼企业户,印度户印尼企业户,8810.860563,3502.503,,5308.357563,5733.026168,,424.668605
2025-07-24,IN,SG,615941226543731,Vys_K1,印度企业户,海总新渠道,54682.52175,51307.41113,,3375.110625,3813.875006,,438.7643813
2025-07-24,IN,HW,469458258780186,China Account 1 - 220725,印度企业户,深圳芳林子,3005.764125,2888.06575,,117.698375,137.8954162,,20.19704115
2025-07-24,IN,HY,1954763398598009,GAAUS-LY-369,美金户,凤凰&洛阳,13343.73,8254.6,,5089.13,5852.4995,,763.3695
2025-07-24,DE,YJ,715640307540707,GAAUS-LY-364,美金户,凤凰&洛阳,1133.88,1088.37,,45.51,52.3365,,6.8265
2025-07-24,DE,YJ,2149142772254174,G-U-0711-Mobidata-01,美金户,启航,1103.3,711.08,,392.22,443.7236364,,51.50363636
2025-07-24,DE,YK,1511071179856495,GAAUS-LY-297  +8,美金户,凤凰&洛阳,8820.79,8571.42,,249.37,286.7755,,37.4055
2025-07-24,DE,YK,4357760397792421,GAAUS-LY-389,美金户,凤凰&洛阳,211.68,76.45,,135.23,155.5145,,20.2845
2025-07-24,DE,YJ,724616010318172,XL-GPA-LMCL-Xiaomi--3-01-巴西货币,美国额度户,印度企业户 欧洲美金户,930.5413669,627.1294964,,303.4118705,342.8554137,,39.44354317
2025-07-24,DE,HW,1209577126987834,GAA-LY-183,美金户,凤凰&洛阳,10792.11,10123.28,,668.83,769.1545,,100.3245
2025-07-24,IN,ZJ,1201279381734621,GAAUS-LY-371,美金户,凤凰&洛阳,11735.58,10658.73,,1076.85,1238.3775,,161.5275
2025-07-24,IN,ZJ,754598553564328,GAAUS-LY-370,美金户,凤凰&洛阳,13540.67,10654.86,,2885.81,3318.6815,,432.8715
2025-07-25,IN,HY,1954763398598009,GAAUS-LY-369,美金户,凤凰&洛阳,23864.63,13343.73,,10520.9,12099.035,,1578.135
2025-07-25,IN,HY,269887998456727,CN - Rosie 1,印度企业户,深圳芳林子,10104.81,1000.0,,9104.81,10667.1954,,1562.385396
2025-07-25,IN,MY,1412307579460468,BA VORNIX 9,印尼企业户,印度户印尼企业户,17961.557,8810.860563,,9150.696438,9882.752153,,732.055715
2025-07-25,DE,YK,1511071179856495,GAAUS-LY-297  +8,美金户,凤凰&洛阳,8862.46,8820.79,,41.67,47.9205,,6.2505
2025-07-25,DE,YK,4357760397792421,GAAUS-LY-389,美金户,凤凰&洛阳,318.68,211.68,,107.0,123.05,,16.05
2025-07-25,DE,HW,4099799743588524,GAAUS-LY-305,美金户,凤凰&洛阳,186.54,,,186.54,214.521,,27.981
2025-07-25,DE,YJ,2149142772254174,G-U-0711-Mobidata-01,美金户,启航,1628.09,1103.3,,524.79,593.7018182,,68.91181818
2025-07-25,IN,HW,295765749156887,CN - RR 1,军工企业户,深圳芳林子,nan,2430.51,,,,,
2025-07-25,IN,SG,426415319138246,CN - RR 2,军工企业户,深圳芳林子,nan,5607.93,,,,,
2025-07-26,IN,HY,1954763398598009,GAAUS-LY-369,美金户,凤凰&洛阳,25057.34,23864.63,,1606.8,1847.82,,241.02
2025-07-26,IN,HY,269887998456727,CN - Rosie 1,印度企业户,深圳芳林子,10461.51,10104.81,,356.7,417.90972,,61.20972
2025-07-26,IN,MY,1412307579460468,BA VORNIX 9,印尼企业户,印度户印尼企业户,30727.42925,17961.557,,12765.87225,13787.14203,,1021.26978
2025-07-26,IN,ZJ,2072455606575973,GAAUS-LY-304,美金户,凤凰&洛阳,855.33,,,855.33,983.6295,,128.2995
2025-07-26,IN,ZJ,936002028210213,BA GLADIUS 4,印尼企业户,印度户印尼企业户,1451.11,548.92,,902.19,983.3871,,81.1971
2025-07-26,IN,SG,1625367118139342,UZI-6190-177(+7),美金户,路人互动-海总（50-7）山,163.53,,,163.53,179.883,,16.353
2025-07-26,IN,SG,426415319138246,CN - RR 2,军工企业户,深圳芳林子,1314.18,,,1314.18,1539.693288,,225.513288
2025-07-26,IN,ZJ,1201279381734621,GAAUS-LY-371,美金户,凤凰&洛阳,12496.15,11735.58,,760.57,874.6555,,114.0855
2025-07-26,IN,ZJ,754598553564328,GAAUS-LY-370,美金户,凤凰&洛阳,14961.5,13540.67,,1420.83,1633.9545,,213.1245
2025-07-27,IN,SG,426415319138246,CN - RR 2,军工企业户,深圳芳林子,2306.73,1314.18,,992.55,1162.87158,,170.32158
2025-07-27,IN,HY,269887998456727,CN - Rosie 1,印度企业户,深圳芳林子,13976.55,10461.51,,3515.04,4118.220864,,603.180864
2025-07-27,IN,HY,1954763398598009,GAAUS-LY-369,美金户,凤凰&洛阳,28070.87,25057.34,,3013.53,3465.5595,,452.0295
2025-07-27,IN,HW,1676482926403173,Account Gabriel 29 UTC 00:00 IN USE,美金企业户,启航,990.28,,,990.28,1168.5304,,178.2504
2025-07-27,IN,MY,1412307579460468,BA VORNIX 9,印尼企业户,印度户印尼企业户,38876.5025,30727.42925,,8149.07325,8800.99911,,651.92586
2025-07-27,IN,SG,1625367118139342,UZI-6190-177(+7),美金户,路人互动-海总（50-7）山,929.29,163.53,,765.76,842.336,,76.576
2025-07-27,IN,ZJ,2072455606575973,GAAUS-LY-304,美金户,凤凰&洛阳,1799.45,855.33,,944.12,1085.738,,141.618
2025-07-27,IN,ZJ,936002028210213,BA GLADIUS 4,印尼企业户,印度户印尼企业户,8475.71,1451.11,,3091.86,3370.1274,,278.2674
2025-07-28,DE,YK,724616010318172,XL-GPA-LMCL-Xiaomi--3-01-巴西货币,美国额度户,印度企业户 欧洲美金户,441.221223,437.9208633,,3.300359712,3.729406475,,0.4290467626
2025-07-28,DE,YJ,724616010318172,XL-GPA-LMCL-Xiaomi--3-01-巴西货币,美国额度户,印度企业户 欧洲美金户,934.5179856,930.5413669,,3.976618705,4.493579137,,0.5169604317
2025-07-28,IN,SG,426415319138246,CN - RR 2,军工企业户,深圳芳林子,3907.8,2306.73,,1601.07,1875.813612,,274.743612
2025-07-28,IN,SG,1625367118139342,UZI-6190-177(+7),美金户,路人互动-海总（50-7）山,929.29,929.29,,0.0,0.0,,0.0
2025-07-28,意大利,HW,4099799743588524,GAAUS-LY-305,美金户,凤凰&洛阳,90.29,,,90.29,103.8335,,13.5435
2025-07-28,意大利,YK,4357760397792421,GAAUS-LY-389,美金户,凤凰&洛阳,314.99,,,314.99,362.2385,,47.2485
2025-07-28,意大利,YK,1199554925202723,M003_1327_+5.30_0725_19_M2,美金户,凤凰&洛阳,188.2,,,188.2,210.784,,22.584
2025-07-28,意大利,YK,1647860445872112,GAAUS-LY-333,美金户,凤凰&洛阳,25.33,,,25.33,28.3696,,3.0396
2025-07-28,意大利,YK,1532906288095541,GAAUS-LY-334,美金户,凤凰&洛阳,11.04,,,11.04,12.3648,,1.3248
2025-07-29,意大利,HW,4099799743588524,GAAUS-LY-305,美金户,凤凰&洛阳,376.77,90.29,,286.48,329.452,,42.972
2025-07-29,意大利,YK,4357760397792421,GAAUS-LY-389,美金户,凤凰&洛阳,1467.18,314.99,,1152.19,1325.0185,,172.8285
2025-07-29,意大利,YK,1199554925202723,M003_1327_+5.30_0725_19_M2,美金户,凤凰&洛阳,700.69,188.2,,512.49,573.9888,,61.4988
2025-07-29,意大利,YK,1647860445872112,GAAUS-LY-333,美金户,凤凰&洛阳,34.18,25.33,,8.85,9.912,,1.062
2025-07-29,意大利,YK,1532906288095541,GAAUS-LY-334,美金户,凤凰&洛阳,38.22,11.04,,27.18,30.4416,,3.2616
2025-07-28,意大利,YJ,1252992835525875,Vys_K6,印度企业户,海总新渠道,703.8215,,,703.8215,795.318295,,91.496795
2025-07-28,意大利,YJ,567761519708719,GAAUS-LY-372,美金户,凤凰&洛阳,3825.7,3106.21,,719.49,827.4135,,107.9235
2025-07-29,意大利,YJ,1252992835525875,Vys_K6,印度企业户,海总新渠道,1155.215875,703.8215,,451.394375,510.0756438,,58.68126875
2025-07-29,意大利,YJ,567761519708719,GAAUS-LY-372,美金户,凤凰&洛阳,4251.73,3825.7,,426.03,489.9345,,63.9045
2025-07-29,IN,HW,1676482926403173,Account Gabriel 29 UTC 00:00 IN USE,美金企业户,启航,1995.58,990.28,,1005.3,1186.254,,180.954
2025-07-29,IN,HY,1954763398598009,GAAUS-LY-369,美金户,凤凰&洛阳,35987.09,28070.87,,7916.22,9103.653,,1187.433
2025-07-29,IN,HY,269887998456727,CN - Rosie 1,印度企业户,深圳芳林子,16762.53,13976.55,,2785.98,3264.054168,,478.074168
2025-07-29,IN,SG,1625367118139342,UZI-6190-177(+7),美金户,路人互动-海总（50-7）山,1500.0,929.29,,570.71,627.781,,57.071
2025-07-29,IN,SG,426415319138246,CN - RR 2,军工企业户,深圳芳林子,6510.23,3907.8,,2602.43,3049.006988,,446.576988
2025-07-29,IN,ZJ,2072455606575973,GAAUS-LY-304,美金户,凤凰&洛阳,3265.01,1799.45,,1465.56,1685.394,,219.834
2025-07-29,IN,ZJ,936002028210213,BA GLADIUS 4,印尼企业户,印度户印尼企业户,10460.5,8475.71,,1984.79,2163.4211,,178.6311
2025-07-29,IN,ZJ,1201279381734621,GAAUS-LY-371,美金户,凤凰&洛阳,13273.09,12496.15,,776.94,893.481,,116.541
2025-07-29,IN,ZJ,754598553564328,GAAUS-LY-370,美金户,凤凰&洛阳,15057.12,14961.5,,95.62,109.963,,14.343
2025-07-29,IN,MY,1412307579460468,BA VORNIX 9,印尼企业户,印度户印尼企业户,42600.47006,38876.5025,,3723.967562,4021.884967,,297.917405
2025-07-29,DE,YJ,2149142772254174,G-U-0711-Mobidata-01,美金户,启航,1964.64,1628.09,,336.55,380.7434343,,44.19343434
2025-07-30,IN,HY,1954763398598009,GAAUS-LY-369,美金户,凤凰&洛阳,44061.7,35987.09,,8074.61,9285.8015,,1211.1915
2025-07-30,IN,HY,269887998456727,CN - Rosie 1,印度企业户,深圳芳林子,19767.37,16762.53,,3004.84,3520.470544,,515.630544
2025-07-30,IN,SG,1625367118139342,UZI-6190-177(+7),美金户,路人互动-海总（50-7）山,3869.67,1500.0,,2369.67,2606.637,,236.967
2025-07-30,IN,SG,426415319138246,CN - RR 2,军工企业户,深圳芳林子,6691.46,6510.23,,181.23,212.329068,,31.099068
2025-07-30,IN,ZJ,2072455606575973,GAAUS-LY-304,美金户,凤凰&洛阳,6335.22,3265.01,,3070.21,3530.7415,,460.5315
2025-07-30,IN,ZJ,936002028210213,BA GLADIUS 4,印尼企业户,印度户印尼企业户,11133.54,10460.5,,673.04,733.6136,,60.5736
2025-07-30,IN,ZJ,1201279381734621,GAAUS-LY-371,美金户,凤凰&洛阳,15376.8,13273.09,,2103.71,2419.2665,,315.5565
2025-07-30,IN,ZJ,754598553564328,GAAUS-LY-370,美金户,凤凰&洛阳,15061.8,15057.12,,4.68,5.382,,0.702
2025-07-30,IN,MY,1412307579460468,BA VORNIX 9,印尼企业户,印度户印尼企业户,48615.19306,42600.47006,,6014.723,6495.90084,,481.17784
2025-07-29,DE,HW,4099799743588524,GAAUS-LY-305,美金户,凤凰&洛阳,1432.53,186.54,,1245.99,1432.8885,,186.8985
2025-07-30,意大利,HW,4099799743588524,GAAUS-LY-305,美金户,凤凰&洛阳,1856.17,376.77,,1479.4,1701.31,,221.91
2025-07-30,意大利,YK,4357760397792421,GAAUS-LY-389,美金户,凤凰&洛阳,2536.01,1467.18,,1068.83,1229.1545,,160.3245
2025-07-30,意大利,YJ,1252992835525875,Vys_K6,印度企业户,海总新渠道,1585.75625,1155.215875,,430.540375,486.5106238,,55.97024875
2025-07-30,意大利,YJ,567761519708719,GAAUS-LY-372,美金户,凤凰&洛阳,4694.42,4251.73,,442.69,509.0935,,66.4035
2025-07-30,NG,SG,1145302554089087,Quu-4300,二不限,十月二不限——（泰华）,42.76,,,42.76,43.1876,,0.4276
2025-07-30,DE,YJ,2149142772254174,G-U-0711-Mobidata-01,美金户,启航,2449.59,1964.64,,484.95,548.630303,,63.68030303
2025-07-31,IN,HW,1676482926403173,Account Gabriel 29 UTC 00:00 IN USE,美金企业户,启航,2366.93,1995.58,,371.35,438.193,,66.843
2025-07-31,IN,MY,1412307579460468,BA VORNIX 9,印尼企业户,印度户印尼企业户,48932.28331,48615.19306,,317.09025,342.45747,,25.36722
2025-07-31,IN,HY,1954763398598009,GAAUS-LY-369,美金户,凤凰&洛阳,47887.86,44061.7,,3412.07,3923.8805,,511.8105
2025-07-31,IN,HY,269887998456727,CN - Rosie 1,印度企业户,深圳芳林子,20896.84,19767.37,,1129.47,1323.287052,,193.817052
2025-07-31,IN,SG,426415319138246,CN - RR 2,军工企业户,深圳芳林子,9898.17,6691.46,,3206.71,3756.981436,,550.271436
2025-07-31,IN,SG,4228148210748565,GAAUS-LY-375,美金户,凤凰&洛阳,4079.42,,,4079.42,4691.333,,611.913
2025-07-31,IN,SG,691019773639952,GAAUS-LY-376,美金户,凤凰&洛阳,1.97,,,1.97,2.2655,,0.2955
2025-07-31,IN,SG,1205097476842196,Alpha - 22-07-2025,印度企业户,阿水 印度mom 11+1,734.599625,,,734.599625,822.75158,,88.151955
2025-07-31,意大利,HW,4099799743588524,GAAUS-LY-305,美金户,凤凰&洛阳,3401.12,1856.17,,1544.95,1776.6925,,231.7425
2025-07-31,意大利,YJ,567761519708719,GAAUS-LY-372,美金户,凤凰&洛阳,4930.77,4694.42,,236.35,271.8025,,35.4525
2025-07-30,DE,HW,4099799743588524,GAAUS-LY-305,美金户,凤凰&洛阳,3047.49,1432.53,,1614.96,1857.204,,242.244
2025-07-31,意大利,HW,878991607007807,FirstBridge_092,美金户,海总新渠道,154.47,,,154.47,176.0958,,21.6258
2025-07-31,意大利,YK,4357760397792421,GAAUS-LY-389,美金户,凤凰&洛阳,3630.45,2536.01,,1094.44,1258.606,,164.166
2025-07-31,DE,YK,1199554925202723,M003_1327_+5.30_0725_19_M2,美金户,凤凰&洛阳,849.78,700.69,,149.09,166.9808,,17.8908
2025-07-31,DE,YK,4357760397792421,GAAUS-LY-389,美金户,凤凰&洛阳,1087.5,318.68,,768.82,884.143,,115.323
2025-07-31,IN,ZJ,936002028210213,BA GLADIUS 4,印尼企业户,印度户印尼企业户,12652.12,11133.54,,1518.58,1655.2522,,136.6722
2025-07-31,IN,ZJ,1201279381734621,GAAUS-LY-371,美金户,凤凰&洛阳,19262.59,15376.8,,3885.79,4468.6585,,582.8685
2025-07-31,IN,ZJ,754598553564328,GAAUS-LY-370,美金户,凤凰&洛阳,16809.21,15061.8,,1747.41,2009.5215,,262.1115
2025-07-31,IN,ZJ,1136735318493561,GAAUS-LY-379,美金户,凤凰&洛阳,88.08,62.4,,25.68,29.532,,3.852
2025-07-31,IN,ZJ,2072455606575973,GAAUS-LY-304,美金户,凤凰&洛阳,7250.89,6335.22,,915.67,1053.0205,,137.3505
2025-07-31,NG,SG,1145302554089087,Quu-4300,二不限,十月二不限——（泰华）,87.29,42.76,,44.53,44.9753,,0.4453
2025-07-31,DE,YJ,2149142772254174,G-U-0711-Mobidata-01,美金户,启航,2595.63,2449.59,,146.04,165.2169697,,19.1769697
2025-07-31,DE,HW,4099799743588524,GAAUS-LY-305,美金户,凤凰&洛阳,3445.96,3047.49,,398.47,458.2405,,59.7705
2025-07-31,DE,HW,878991607007807,FirstBridge_092,美金户,海总新渠道,107.87,,,107.87,122.9718,,15.1018
2025-07-31,IN,SG,1205097476842196,Alpha - 22-07-2025,印度企业户,阿水 印度mom 11+1,755.8805,734.599625,,21.280875,24.2601975,,2.9793225
2025-08-01,IN,SG,4228148210748565,GAAUS-LY-375,美金户,凤凰&洛阳,7581.83,4079.42,,3502.41,4027.7715,,525.3615
2025-08-01,IN,HY,269887998456727,CN - Rosie 1,印度企业户,深圳芳林子,21329.57,20896.84,,432.73,506.986468,,74.256468
2025-08-01,IN,HY,1954763398598009,GAAUS-LY-369,美金户,凤凰&洛阳,52456.48,47887.86,,4568.62,5253.913,,685.293
2025-08-01,IN,SG,2119386791910117,GAAUS-LY-219,美金户,凤凰&洛阳,389.77,,,389.77,448.2355,,58.4655
2025-08-01,IN,SG,426415319138246,CN - RR 2,军工企业户,深圳芳林子,10603.25,9898.17,,705.08,826.071728,,120.991728
2025-08-01,意大利,YJ,567761519708719,GAAUS-LY-372,美金户,凤凰&洛阳,5437.05,4930.77,,506.28,582.222,,75.942
2025-08-01,意大利,YJ,1388514002200302,GAAUS-LY-259,美金户,凤凰&洛阳,191.5,,,191.5,220.225,,28.725
2025-08-01,意大利,YJ,1563584101283980,WBD 02 INR - D013,印度企业户,海总新渠道,61.196625,,,61.196625,67.92825375,,6.73162875
2025-08-01,意大利,HW,4099799743588524,GAAUS-LY-305,美金户,凤凰&洛阳,4745.66,3401.12,,1344.54,1546.221,,201.681
2025-08-01,IN,MY,1412307579460468,BA VORNIX 9,印尼企业户,印度户印尼企业户,49021.28613,48932.28331,,89.0028125,96.1230375,,7.120225
2025-08-02,IN,SG,4228148210748565,GAAUS-LY-375,美金户,凤凰&洛阳,12653.17,7581.83,,5071.34,5832.041,,760.701
2025-08-02,IN,HY,269887998456727,CN - Rosie 1,印度企业户,深圳芳林子,21329.57,21329.57,,0.0,0.0,,0
2025-08-02,IN,HY,1954763398598009,GAAUS-LY-369,美金户,凤凰&洛阳,58133.99,52456.48,,5677.51,6529.1365,,851.6265
2025-08-02,IN,SG,2119386791910117,GAAUS-LY-219,美金户,凤凰&洛阳,389.77,389.77,,0.0,0.0,,0
2025-08-02,IN,SG,426415319138246,CN - RR 2,军工企业户,深圳芳林子,11404.19,10603.25,,800.94,938.381304,,137.441304
2025-08-02,意大利,YJ,567761519708719,GAAUS-LY-372,美金户,凤凰&洛阳,5833.42,5437.05,,396.37,455.8255,,59.4555
2025-08-02,意大利,YJ,1388514002200302,GAAUS-LY-259,美金户,凤凰&洛阳,558.48,191.5,,366.98,422.027,,55.047
2025-08-02,意大利,YJ,1563584101283980,WBD 02 INR - D013,印度企业户,海总新渠道,61.196625,61.196625,,0.0,0.0,,0
2025-08-02,意大利,HW,4099799743588524,GAAUS-LY-305,美金户,凤凰&洛阳,5748.84,4745.66,,1003.18,1153.657,,150.477
2025-08-02,IN,MY,1412307579460468,BA VORNIX 9,印尼企业户,印度户印尼企业户,49234.15219,49021.28613,,212.8660625,229.8953475,,17.029285
2025-08-02,意大利,YK,4357760397792421,GAAUS-LY-389,美金户,凤凰&洛阳,3832.93,3630.45,,202.48,232.852,,30.372
2025-08-02,意大利,YJ,2149142772254174,G-U-0711-Mobidata-01,美金户,启航,528.29,,,528.29,597.6614141,,69.37141414
2025-08-03,IN,SG,4228148210748565,GAAUS-LY-375,美金户,凤凰&洛阳,19499.04,12653.17,,6845.87,7872.7505,,1026.8805
2025-08-03,IN,SG,426415319138246,CN - RR 2,军工企业户,深圳芳林子,14055.43,11404.19,,2651.24,3106.192784,,454.952784
2025-08-03,意大利,HW,4099799743588524,GAAUS-LY-305,美金户,凤凰&洛阳,6712.81,5748.84,,963.97,1108.5655,,144.5955
2025-08-03,意大利,YK,4357760397792421,GAAUS-LY-389,美金户,凤凰&洛阳,4059.9,3832.93,,226.97,261.0155,,34.0455
2025-08-03,意大利,YK,1199554925202723,M003_1327_+5.30_0725_19_M2,美金户,凤凰&洛阳,1006.63,849.78,,156.85,175.672,,18.822
2025-08-03,意大利,YJ,567761519708719,GAAUS-LY-372,美金户,凤凰&洛阳,6291.32,5833.42,,457.9,526.585,,68.685
2025-08-03,意大利,YJ,1388514002200302,GAAUS-LY-259,美金户,凤凰&洛阳,867.64,558.48,,309.16,355.534,,46.374
2025-08-03,DE,YK,686600012327840,CC - Velvet 02,越南美金户,深圳芳林子,123.56,,,123.56,144.762896,,21.202896
2025-08-03,DE,YJ,617668969573215,CC - Velvet 01,越南美金户,深圳芳林子,313.6,,,313.6,367.41376,,53.81376
2025-08-03,DE,HW,4099799743588524,GAAUS-LY-305,美金户,凤凰&洛阳,3668.57,3445.96,,222.61,256.0015,,33.3915
2025-08-04,意大利,HW,4099799743588524,GAAUS-LY-305,美金户,凤凰&洛阳,8100.78,6712.81,,1387.97,1596.1655,,208.1955
2025-08-04,意大利,YJ,567761519708719,GAAUS-LY-372,美金户,凤凰&洛阳,6473.9,6291.32,,182.58,209.967,,27.387
2025-08-04,意大利,YJ,1388514002200302,GAAUS-LY-259,美金户,凤凰&洛阳,1119.45,867.64,,251.81,289.5815,,37.7715
2025-08-04,意大利,YK,4357760397792421,GAAUS-LY-389,美金户,凤凰&洛阳,4554.62,4059.9,,494.72,568.928,,74.208
2025-08-04,意大利,YK,1199554925202723,M003_1327_+5.30_0725_19_M2,美金户,凤凰&洛阳,1125.11,1006.63,,118.48,132.6976,,14.2176
2025-08-04,DE,HW,4099799743588524,GAAUS-LY-305,美金户,凤凰&洛阳,3795.2,3668.57,,126.63,145.6245,,18.9945
2025-08-04,DE,YJ,2149142772254174,G-U-0711-Mobidata-01,美金户,启航,2691.81,2595.63,,96.18,108.809697,,12.62969697
2025-08-04,DE,YK,1511071179856495,GAAUS-LY-297  +8,美金户,凤凰&洛阳,9181.08,8862.46,,318.62,366.413,,47.793
2025-08-04,IN,SG,426415319138246,CN - RR 2,军工企业户,深圳芳林子,15872.22,14055.43,,1816.79,2128.551164,,311.761164
2025-08-05,IN,HW,1225443189131882,GAA-LY-166,美金户,凤凰&洛阳,338.5,,,338.5,389.275,,50.775
2025-08-05,IN,SG,426415319138246,CN - RR 2,军工企业户,深圳芳林子,16402.63,15872.22,,530.41,621.428356,,91.018356
2025-08-05,IN,SG,4228148210748565,GAAUS-LY-375,美金户,凤凰&洛阳,20119.77,19499.04,,620.73,713.8395,,93.1095
2025-08-05,意大利,HW,4099799743588524,GAAUS-LY-305,美金户,凤凰&洛阳,8946.22,8100.78,,845.44,972.256,,126.816
2025-08-05,IN,HY,269887998456727,CN - Rosie 1,印度企业户,深圳芳林子,22331.57,21329.57,,1002.0,1173.9432,,171.9432
2025-08-06,IN,SG,426415319138246,CN - RR 2,军工企业户,深圳芳林子,16985.51,16402.63,,582.88,682.902208,,100.022208
2025-08-06,意大利,HW,1357278615578211,STAR-GMT+8-USD4368-JJ-JXCH-0287,美金户,Y-5208 FB欧/美户,205.99,,,205.99,241.337884,,35.347884
2025-08-06,IN,MY,555693546283729,Vys_K10,印度企业户,海总新渠道,4.84675,,,4.84675,5.4768275,,0.6300775
2025-08-07,IN,SG,426415319138246,CN - RR 2,军工企业户,深圳芳林子,18410.88,16985.51,,1425.37,1669.963492,,244.593492
2025-08-07,意大利,HW,1357278615578211,STAR-GMT+8-USD4368-JJ-JXCH-0287,美金户,Y-5208 FB欧/美户,641.27,205.99,,435.28,509.974048,,74.694048
2025-08-08,IN,ZJ,348554390757448,QT - F Stock 1,美金企业户,🌹R|泰华&云峰合作群美金企业户12+1,nan,28698.32,,,,,
2025-08-07,IN,ZJ,348554390757448,QT - F Stock 1,美金企业户,🌹R|泰华&云峰合作群美金企业户12+1,61.11,,,61.11,69.127632,,8.017632
2025-08-07,IN,ZJ,1201279381734621,GAAUS-LY-371,美金户,凤凰&洛阳,19359.4,19262.59,,96.81,111.3315,,14.5215
2025-08-07,IN,ZJ,754598553564328,GAAUS-LY-370,美金户,凤凰&洛阳,16872.44,16809.21,,63.23,72.7145,,9.4845
2025-08-07,IN,ZJ,2072455606575973,GAAUS-LY-304,美金户,凤凰&洛阳,7317.23,7250.89,,66.34,76.291,,9.951
2025-08-08,IN,MY,474450907685159,King-HK+8-Mark-03,香港三不限,印度企业户 欧洲美金户,1.31,,,1.31,1.4279,,0.1179
2025-08-08,意大利,HW,1357278615578211,STAR-GMT+8-USD4368-JJ-JXCH-0287,美金户,Y-5208 FB欧/美户,996.03,641.27,,354.76,415.636816,,60.876816
2025-08-08,IN,SG,282767320547673,King-HK+7-Mark-08,香港三不限,GT&SHEN 欧洲户８＋１ 港60+5+1,260.02,,,260.02,275.6212,,15.6012
2025-08-08,DE,YK,724616010318172,XL-GPA-LMCL-Xiaomi--3-01-巴西货币,美国额度户,印度企业户 欧洲美金户,989.6110092,450.1266055,,539.4844037,609.6173761,,70.13297248
2025-08-08,DE,YJ,724616010318172,XL-GPA-LMCL-Xiaomi--3-01-巴西货币,美国额度户,印度企业户 欧洲美金户,9.895412844,,,9.895412844,11.18181651,,1.28640367
2025-08-09,意大利,HW,1357278615578211,STAR-GMT+8-USD4368-JJ-JXCH-0287,美金户,Y-5208 FB欧/美户,1366.96,996.03,,370.93,434.581588,,63.651588
2025-08-09,IN,SG,282767320547673,King-HK+7-Mark-08,香港三不限,GT&SHEN 欧洲户８＋１ 港60+5+1,2671.42,260.02,,2411.4,2556.084,,144.684
2025-08-11,DE,YK,724616010318172,XL-GPA-LMCL-Xiaomi--3-01-巴西货币,美国额度户,印度企业户 欧洲美金户,1619.354128,989.6110092,,629.7431193,711.6097248,,81.8666055
2025-08-11,DE,YJ,724616010318172,XL-GPA-LMCL-Xiaomi--3-01-巴西货币,美国额度户,印度企业户 欧洲美金户,481.7082569,9.895412844,,471.812844,533.1485138,,61.33566972
2025-08-10,意大利,HW,1357278615578211,STAR-GMT+8-USD4368-JJ-JXCH-0287,美金户,Y-5208 FB欧/美户,1575.69,1366.96,,208.73,244.548068,,35.818068
2025-08-10,IN,SG,282767320547673,King-HK+7-Mark-08,香港三不限,GT&SHEN 欧洲户８＋１ 港60+5+1,5157.8,2671.42,,2486.38,2635.5628,,149.1828
2025-08-10,DE,YJ,1685332432282883,GT-DK+8-RTD-01,欧洲户,GT&SHEN 欧洲户８＋１ 港60+5+1,52.82,,,52.82,57.5738,,4.7538
2025-08-11,意大利,HW,1357278615578211,STAR-GMT+8-USD4368-JJ-JXCH-0287,美金户,Y-5208 FB欧/美户,1884.3,1575.69,,308.61,361.567476,,52.957476
2025-08-11,IN,SG,282767320547673,King-HK+7-Mark-08,香港三不限,GT&SHEN 欧洲户８＋１ 港60+5+1,6575.56,5157.8,,1417.76,1502.8256,,85.0656
2025-08-11,意大利,YJ,379583851294920,Hongyn - HY -(+8) 1786,越南美金户,印度企业户 欧洲美金户,107.04,,,107.04,117.744,,10.704
2025-08-12,意大利,HW,1357278615578211,STAR-GMT+8-USD4368-JJ-JXCH-0287,美金户,Y-5208 FB欧/美户,2205.93,1884.3,,321.63,376.821708,,55.191708
2025-08-12,意大利,HW,1339798650447511,GAA-LY-78,美金户,凤凰&洛阳,nan,2428.63,,,,,
2025-08-12,意大利,HW,1339798650447511,GAA-LY-78,美金户,凤凰&洛阳,2482.85,2428.63,,54.22,62.353,,8.133
2025-08-12,意大利,YJ,379583851294920,Hongyn - HY -(+8) 1786,越南美金户,印度企业户 欧洲美金户,266.53,107.04,,159.49,175.439,,15.949
2025-08-12,意大利,YJ,4243358952656492,Hongyn - HY -(+8) 1788,越南美金户,印度企业户 欧洲美金户,76.93,,,76.93,84.623,,7.693
2025-08-12,意大利,YJ,1869824043854105,STAR-GMT+8-USD4368-JJ-JXCH-0312,美金户,Y-5208 FB欧/美户,122.65,,,122.65,134.915,,12.265
2025-08-12,意大利,YK,1900798030693900,GAA-LY-28,美金户,凤凰&洛阳,nan,1908.59,,,,,
2025-08-12,意大利,YK,496695885230268,NHHMAX-7-250-19,欧洲户,GT&SHEN 欧洲户８＋１ 港60+5+1,nan,2.67,,,,,
2025-08-13,意大利,HW,1357278615578211,STAR-GMT+8-USD4368-JJ-JXCH-0287,美金户,Y-5208 FB欧/美户,2587.11,2205.93,,381.18,446.590488,,65.410488
2025-08-13,意大利,HW,1339798650447511,GAA-LY-78,美金户,凤凰&洛阳,2640.45,2482.85,,157.6,181.24,,23.64
2025-08-13,意大利,YJ,379583851294920,Hongyn - HY -(+8) 1786,越南美金户,印度企业户 欧洲美金户,455.01,266.53,,188.48,207.328,,18.848
2025-08-13,意大利,YJ,4243358952656492,Hongyn - HY -(+8) 1788,越南美金户,印度企业户 欧洲美金户,240.32,76.93,,163.39,179.729,,16.339
2025-08-13,意大利,YJ,1869824043854105,STAR-GMT+8-USD4368-JJ-JXCH-0312,美金户,Y-5208 FB欧/美户,233.58,122.65,,110.93,122.023,,11.093
2025-08-14,意大利,YJ,379583851294920,Hongyn - HY -(+8) 1786,越南美金户,印度企业户 欧洲美金户,645.78,455.01,,190.77,209.847,,19.077
2025-08-14,意大利,YJ,4243358952656492,Hongyn - HY -(+8) 1788,越南美金户,印度企业户 欧洲美金户,351.96,240.32,,111.64,122.804,,11.164
2025-08-14,意大利,YJ,1869824043854105,STAR-GMT+8-USD4368-JJ-JXCH-0312,美金户,Y-5208 FB欧/美户,385.34,233.58,,151.76,166.936,,15.176
2025-08-14,意大利,YJ,1200194811772505,King-HK+7-CTCP-06,香港三不限,GT&SHEN 欧洲户８＋１ 港60+5+1,193.05,,,193.05,204.633,,11.583
2025-08-14,意大利,HW,1339798650447511,GAA-LY-78,美金户,凤凰&洛阳,2947.56,2640.45,,307.11,353.1765,,46.0665
2025-08-14,意大利,HW,1758848624842808,King-HK+7-CTCP-09,香港三不限,GT&SHEN 欧洲户８＋１ 港60+5+1,93.81,,,93.81,99.4386,,5.6286
2025-08-14,DE,YK,1728007691425348,King-HK+8-THAI-29,香港三不限,GT&SHEN 欧洲户８＋１ 港60+5+1,103.42,,,103.42,109.6252,,6.2052
2025-08-14,DE,YK,1383800343071293,STAR-GMT+8-USD4368-JJ-JXCH-0313,美金户,Y-5208 FB欧/美户,5.62,,,5.62,6.182,,0.562
2025-08-14,IN,MY,1412307579460468,BA VORNIX 9,印尼企业户,印度户印尼企业户,50928.42494,49234.15219,,1694.27275,1829.81457,,135.54182
2025-08-14,IN,ZJ,936002028210213,BA GLADIUS 4,印尼企业户,印度户印尼企业户,12719.19,12652.12,,67.07,73.1063,,6.0363
2025-08-15,IN,MY,1412307579460468,BA VORNIX 9,印尼企业户,印度户印尼企业户,51933.88625,50928.42494,,1005.461313,1085.898218,,80.436905
2025-08-15,意大利,HW,1258020049131282,STAR-GMT+8-USD4368-JJ-JXCH-0315,美金户,Y-5208 FB欧/美户,nan,3001.93,,,,,
2025-08-15,意大利,HW,1258020049131282,STAR-GMT+8-USD4368-JJ-JXCH-0315,美金户,Y-5208 FB欧/美户,3164.0,3001.93,,162.07,178.277,,16.207
2025-08-15,意大利,HW,1339798650447511,GAA-LY-78,美金户,凤凰&洛阳,3216.17,2947.56,,268.61,308.9015,,40.2915
2025-08-15,意大利,HW,1758848624842808,King-HK+7-CTCP-09,香港三不限,GT&SHEN 欧洲户８＋１ 港60+5+1,271.33,93.81,,177.52,188.1712,,10.6512
2025-08-15,意大利,HW,1787595238490477,King-HK+7-THAI-37,香港三不限,GT&SHEN 欧洲户８＋１ 港60+5+1,86.68,,,86.68,91.8808,,5.2008
2025-08-15,DE,YK,1728007691425348,King-HK+8-THAI-29,香港三不限,GT&SHEN 欧洲户８＋１ 港60+5+1,127.46,103.42,,24.04,25.4824,,1.4424
2025-08-15,DE,YK,721145704114811,GT+7-TN-47,欧洲美金户,GT&SHEN 欧洲户８＋１ 港60+5+1,97.67,,,97.67,106.4603,,8.7903
2025-08-15,DE,YK,1071103527502369,JNS-MIG-GoldP-Backup--3-82,美金户,印度企业户 欧洲美金户,44.41,,,44.41,50.1833,,5.7733
2025-08-15,DE,YK,642222004873813,GOGO-ZDD-ADA+7-GX-551,金融户,海总&志诚三不限,84.51504,,,84.51504,92.966544,,8.451504
2025-08-16,意大利,HW,1258020049131282,STAR-GMT+8-USD4368-JJ-JXCH-0315,美金户,Y-5208 FB欧/美户,3220.2,3164.0,,56.2,61.82,,5.62
2025-08-16,意大利,HW,1339798650447511,GAA-LY-78,美金户,凤凰&洛阳,3353.23,3216.17,,137.06,157.619,,20.559
2025-08-16,意大利,HW,1758848624842808,King-HK+7-CTCP-09,香港三不限,GT&SHEN 欧洲户８＋１ 港60+5+1,422.02,271.33,,150.69,159.7314,,9.0414
2025-08-16,意大利,HW,1787595238490477,King-HK+7-THAI-37,香港三不限,GT&SHEN 欧洲户８＋１ 港60+5+1,137.84,86.68,,51.16,54.2296,,3.0696
2025-08-17,意大利,HW,1758848624842808,King-HK+7-CTCP-09,香港三不限,GT&SHEN 欧洲户８＋１ 港60+5+1,818.79,422.02,,396.77,420.5762,,23.8062
2025-08-17,意大利,YJ,379583851294920,Hongyn - HY -(+8) 1786,越南美金户,印度企业户 欧洲美金户,721.48,645.78,,75.7,83.27,,7.57
2025-08-17,意大利,YJ,4243358952656492,Hongyn - HY -(+8) 1788,越南美金户,印度企业户 欧洲美金户,372.53,351.96,,20.57,22.627,,2.057
2025-08-17,意大利,YJ,1869824043854105,STAR-GMT+8-USD4368-JJ-JXCH-0312,美金户,Y-5208 FB欧/美户,426.37,385.34,,41.03,45.133,,4.103
2025-08-17,意大利,YJ,1200194811772505,King-HK+7-CTCP-06,香港三不限,GT&SHEN 欧洲户８＋１ 港60+5+1,249.84,193.05,,56.79,60.1974,,3.4074
2025-08-18,IN,SG,1526724018310731,Meta-USD+8-Alex -081601,金融验证户,Alex Summer-客户服务群-L0816,167.65,,,167.65,182.7385,,15.0885
2025-08-18,意大利,HW,1758848624842808,King-HK+7-CTCP-09,香港三不限,GT&SHEN 欧洲户８＋１ 港60+5+1,1317.37,818.79,,498.58,528.4948,,29.9148
2025-08-18,意大利,YJ,379583851294920,Hongyn - HY -(+8) 1786,越南美金户,印度企业户 欧洲美金户,843.82,721.48,,122.34,134.574,,12.234
2025-08-18,意大利,YJ,4243358952656492,Hongyn - HY -(+8) 1788,越南美金户,印度企业户 欧洲美金户,506.08,372.53,,133.55,146.905,,13.355
2025-08-18,意大利,YJ,1869824043854105,STAR-GMT+8-USD4368-JJ-JXCH-0312,美金户,Y-5208 FB欧/美户,505.88,426.37,,79.51,87.461,,7.951
2025-08-18,意大利,YJ,1200194811772505,King-HK+7-CTCP-06,香港三不限,GT&SHEN 欧洲户８＋１ 港60+5+1,454.34,249.84,,204.5,216.77,,12.27
2025-08-18,DE,YK,1071103527502369,JNS-MIG-GoldP-Backup--3-82,美金户,印度企业户 欧洲美金户,190.55,44.41,,146.14,165.1382,,18.9982
2025-08-18,DE,YK,642222004873813,GOGO-ZDD-ADA+7-GX-551,金融户,海总&志诚三不限,730.68588,84.51504,,646.17084,710.787924,,64.617084
2025-08-18,DE,YK,1199532571792937,ACC |- Joanna x CC （-8）0809-84,欧洲美金户,Y-5208 FB欧/美户,24.47,,,24.47,27.4064,,2.9364
2025-08-18,DE,YK,1046625369773271,JNS-MIG-GoldP-backup--3-81,美金户,印度企业户 欧洲美金户,252.03,,,252.03,284.7939,,32.7639
2025-08-19,IN,SG,1526724018310731,Meta-USD+8-Alex -081601,金融验证户,Alex Summer-客户服务群-L0816,1226.12,167.65,,1058.47,1153.7323,,95.2623
2025-08-19,IN,SG,1284789809782815,Books-ZK+8-QQB-85,直客户,海总&志诚三不限,726.93,,,726.93,777.8151,,50.8851
2025-08-19,意大利,HW,1758848624842808,King-HK+7-CTCP-09,香港三不限,GT&SHEN 欧洲户８＋１ 港60+5+1,1634.17,1317.37,,316.8,335.808,,19.008
2025-08-19,DE,YK,642222004873813,GOGO-ZDD-ADA+7-GX-551,金融户,海总&志诚三不限,1456.83716,730.68588,,726.15128,798.766408,,72.615128
2025-08-19,DE,YK,1046625369773271,JNS-MIG-GoldP-backup--3-81,美金户,印度企业户 欧洲美金户,332.3,252.03,,80.27,90.7051,,10.4351
2025-08-19,意大利,YJ,379583851294920,Hongyn - HY -(+8) 1786,越南美金户,印度企业户 欧洲美金户,964.72,843.82,,120.9,132.99,,12.09
2025-08-19,意大利,YJ,1514008402483020,JNS-MIG-GoldP-backup--3-89,美金户,印度企业户 欧洲美金户,17.28,,,17.28,19.5264,,2.2464
2025-08-19,意大利,YJ,1614094699994364,"KKda Co.,Limited+3-032",美金户,B哥-欧洲户10➕1,11.75,,,11.75,13.0425,,1.2925
2025-08-19,意大利,YJ,252716927877866,JNS-MIG-GoldP-backup--3-80,美金户,印度企业户 欧洲美金户,279.01,,,279.01,315.2813,,36.2713
2025-08-20,IN,MY,1412307579460468,BA VORNIX 9,印尼企业户,印度户印尼企业户,54457.52988,51933.88625,,2523.643625,2725.535115,,201.89149
2025-08-20,IN,SG,1284789809782815,Books-ZK+8-QQB-85,直客户,海总&志诚三不限,1410.0,726.93,,683.07,730.8849,,47.8149
2025-08-20,意大利,YJ,379583851294920,Hongyn - HY -(+8) 1786,越南美金户,印度企业户 欧洲美金户,1008.0,964.72,,43.28,47.608,,4.328
2025-08-20,意大利,YJ,1514008402483020,JNS-MIG-GoldP-backup--3-89,美金户,印度企业户 欧洲美金户,240.7,17.28,,223.42,252.4646,,29.0446
2025-08-20,意大利,YJ,1614094699994364,"KKda Co.,Limited+3-032",美金户,B哥-欧洲户10➕1,157.81,11.75,,146.06,162.1266,,16.0666
2025-08-20,意大利,YJ,252716927877866,JNS-MIG-GoldP-backup--3-80,美金户,印度企业户 欧洲美金户,542.6,279.01,,263.59,297.8567,,34.2667
2025-08-20,意大利,MY,705273928757643,King-HK+8-THAI-28,香港三不限,GT&SHEN 欧洲户８＋１ 港60+5+1,99.64,,,99.64,105.6184,,5.9784
2025-08-20,意大利,HW,1758848624842808,King-HK+7-CTCP-09,香港三不限,GT&SHEN 欧洲户８＋１ 港60+5+1,1974.81,1634.17,,340.64,361.0784,,20.4384
2025-08-20,意大利,HW,1258020049131282,STAR-GMT+8-USD4368-JJ-JXCH-0315,美金户,Y-5208 FB欧/美户,3359.9,3220.2,,139.7,153.67,,13.97
2025-08-21,IN,SG,1284789809782815,Books-ZK+8-QQB-85,直客户,海总&志诚三不限,2705.61,1410.0,,1295.61,1386.3027,,90.6927
2025-08-21,IN,MY,1412307579460468,BA VORNIX 9,印尼企业户,印度户印尼企业户,56502.51013,54457.52988,,2044.98025,2208.57867,,163.59842
2025-08-21,意大利,HW,1758848624842808,King-HK+7-CTCP-09,香港三不限,GT&SHEN 欧洲户８＋１ 港60+5+1,2162.03,1974.81,,187.22,198.4532,,11.2332
2025-08-21,意大利,HW,1258020049131282,STAR-GMT+8-USD4368-JJ-JXCH-0315,美金户,Y-5208 FB欧/美户,3663.27,3359.9,,303.37,333.707,,30.337
2025-08-21,DE,YJ,1798987034274878,GOGO-ZDD-ADA+7-GX-570,金融户,海总&志诚三不限,73.40276,,,73.40276,80.743036,,7.340276
2025-08-21,DE,YK,642222004873813,GOGO-ZDD-ADA+7-GX-551,金融户,海总&志诚三不限,3203.04528,1456.83716,,1746.20812,1920.828932,,174.620812
2025-08-21,DE,YK,1378479426478200,GOGO-ZDD-ADA+7-GX-572,金融户,海总&志诚三不限,365.0366,,,365.0366,401.54026,,36.50366
2025-08-21,意大利,YJ,1514008402483020,JNS-MIG-GoldP-backup--3-89,美金户,印度企业户 欧洲美金户,519.64,240.7,,278.94,315.2022,,36.2622
2025-08-21,意大利,YJ,1614094699994364,"KKda Co.,Limited+3-032",美金户,B哥-欧洲户10➕1,448.89,157.81,,291.08,323.0988,,32.0188
2025-08-22,IN,SG,1284789809782815,Books-ZK+8-QQB-85,直客户,海总&志诚三不限,3404.65,2705.61,,699.04,747.9728,,48.9328
2025-08-22,IN,MY,1412307579460468,BA VORNIX 9,印尼企业户,印度户印尼企业户,57897.63181,56502.51013,,1395.121688,1506.731423,,111.609735
2025-08-22,意大利,HW,1758848624842808,King-HK+7-CTCP-09,香港三不限,GT&SHEN 欧洲户８＋１ 港60+5+1,2162.03,2162.03,,0.0,0.0,,0
2025-08-22,意大利,HW,1258020049131282,STAR-GMT+8-USD4368-JJ-JXCH-0315,美金户,Y-5208 FB欧/美户,3769.96,3663.27,,106.69,117.359,,10.669
2025-08-22,意大利,YJ,1514008402483020,JNS-MIG-GoldP-backup--3-89,美金户,印度企业户 欧洲美金户,553.23,519.64,,33.59,37.9567,,4.3667
2025-08-22,意大利,YJ,1614094699994364,"KKda Co.,Limited+3-032",美金户,B哥-欧洲户10➕1,512.82,448.89,,63.93,70.9623,,7.0323
2025-08-22,IN,SG,1090286459899356,TC-USD+8-Alex -082001,金融验证户,Alex Summer-客户服务群-L0816,64.46,,,64.46,70.2614,,5.8014
2025-08-22,意大利,YJ,252716927877866,JNS-MIG-GoldP-backup--3-80,美金户,印度企业户 欧洲美金户,718.94,542.6,,176.34,199.2642,,22.9242
2025-08-23,IN,SG,1284789809782815,Books-ZK+8-QQB-85,直客户,海总&志诚三不限,4336.52,3404.65,,931.87,997.1009,,65.2309
2025-08-23,IN,MY,1412307579460468,BA VORNIX 9,印尼企业户,印度户印尼企业户,61849.49338,57897.63181,,3951.861563,4268.010487,,316.148925
2025-08-23,意大利,HW,1258020049131282,STAR-GMT+8-USD4368-JJ-JXCH-0315,美金户,Y-5208 FB欧/美户,4148.76,3769.96,,378.8,416.68,,37.88
2025-08-23,意大利,YJ,1514008402483020,JNS-MIG-GoldP-backup--3-89,美金户,印度企业户 欧洲美金户,700.47,553.23,,147.24,166.3812,,19.1412
2025-08-23,意大利,YJ,1614094699994364,"KKda Co.,Limited+3-032",美金户,B哥-欧洲户10➕1,585.71,512.82,,72.89,80.9079,,8.0179
2025-08-23,意大利,YJ,252716927877866,JNS-MIG-GoldP-backup--3-80,美金户,印度企业户 欧洲美金户,774.36,718.94,,55.42,62.6246,,7.2046
2025-08-24,IN,MY,1412307579460468,BA VORNIX 9,印尼企业户,印度户印尼企业户,65312.00769,61849.49338,,3462.514313,3739.515458,,277.001145
2025-08-24,IN,SG,1284789809782815,Books-ZK+8-QQB-85,直客户,海总&志诚三不限,4656.21,4336.52,,319.69,342.0683,,22.3783
2025-08-24,IN,SG,768369919119080,MA-USD+8-Alex-082202,金融验证户,Alex Summer-客户服务群-L0816,63.22,,,63.22,68.9098,,5.6898
2025-08-24,DE,YK,1046625369773271,JNS-MIG-GoldP-backup--3-81,美金户,印度企业户 欧洲美金户,642.36,332.3,,310.06,350.3678,,40.3078
2025-08-25,IN,SG,1611076669842608,Books-ZK-7-QQB-121,直客户,海总&志诚三不限,8.95,,,8.95,9.5765,,0.6265
2025-08-25,IN,MY,1412307579460468,BA VORNIX 9,印尼企业户,印度户印尼企业户,68254.54425,65312.00769,,2942.536563,3177.939488,,235.402925
2025-08-25,MY,SG,1284789809782815,Books-ZK+8-QQB-85,直客户,海总&志诚三不限,4711.12,4656.21,,54.91,58.7537,,3.8437
2025-08-25,意大利,HW,1758848624842808,King-HK+7-CTCP-09,香港三不限,GT&SHEN 欧洲户８＋１ 港60+5+1,2227.98,2162.03,,65.95,69.907,,3.957
2025-08-25,意大利,YJ,1514008402483020,JNS-MIG-GoldP-backup--3-89,美金户,印度企业户 欧洲美金户,756.43,700.47,,55.96,63.2348,,7.2748
2025-08-25,DE,YK,1046625369773271,JNS-MIG-GoldP-backup--3-81,美金户,印度企业户 欧洲美金户,826.18,642.36,,183.82,207.7166,,23.8966
2025-08-25,DE,YK,642222004873813,GOGO-ZDD-ADA+7-GX-551,金融户,海总&志诚三不限,3303.37452,3203.04528,,100.32924,110.362164,,10.032924
2025-08-26,IN,MY,1412307579460468,BA VORNIX 9,印尼企业户,印度户印尼企业户,70685.31731,68254.54425,,2430.773063,2625.234908,,194.461845
2025-08-26,IN,SG,1611076669842608,Books-ZK-7-QQB-121,直客户,海总&志诚三不限,214.62,8.95,,205.67,220.0669,,14.3969
2025-08-26,IN,HY,1412307579460468,BA VORNIX 9,印尼企业户,印度户印尼企业户,264.8015625,,,264.8015625,285.9856875,,21.184125
2025-08-26,IN,HY,1425792615439502,Books-ZK-7-QQB-136,直客户,海总&志诚三不限,11.03,,,11.03,11.8021,,0.7721
2025-08-26,意大利,HW,1758848624842808,King-HK+7-CTCP-09,香港三不限,GT&SHEN 欧洲户８＋１ 港60+5+1,2322.47,2227.98,,94.49,100.1594,,5.6694
2025-08-27,意大利,HW,1758848624842808,King-HK+7-CTCP-09,香港三不限,GT&SHEN 欧洲户８＋１ 港60+5+1,2684.29,2322.47,,361.82,383.5292,,21.7092
2025-08-27,意大利,YJ,1514008402483020,JNS-MIG-GoldP-backup--3-89,美金户,印度企业户 欧洲美金户,916.17,756.43,,159.74,180.5062,,20.7662
2025-08-28,意大利,HW,1758848624842808,King-HK+7-CTCP-09,香港三不限,GT&SHEN 欧洲户８＋１ 港60+5+1,2724.9,2684.29,,40.61,43.0466,,2.4366
2025-08-28,IN,HY,1412307579460468,BA VORNIX 9,印尼企业户,印度户印尼企业户,338.3735,264.8015625,,73.5719375,79.4576925,,5.885755
2025-08-28,IN,MY,1412307579460468,BA VORNIX 9,印尼企业户,印度户印尼企业户,71430.57031,70685.31731,,745.253,804.87324,,59.62024
2025-08-28,IN,SG,1611076669842608,Books-ZK-7-QQB-121,直客户,海总&志诚三不限,446.85,214.62,,232.23,248.4861,,16.2561
2025-08-28,意大利,YJ,1614094699994364,"KKda Co.,Limited+3-032",美金户,B哥-欧洲户10➕1,648.95,585.71,,63.24,70.1964,,6.9564
2025-08-28,DE,YK,1992605744877902,GOGO-ZDD-ADA-7-GX- 021,越南户,海总&志诚三不限,13.71504,,,13.71504,15.086544,,1.371504
2025-08-28,DE,YK,1090207259175102,GOGO-ZDD-ADA-7-GX-120,越南户,海总&志诚三不限,43.59004,,,43.59004,47.949044,,4.359004
2025-08-29,IN,SG,1611076669842608,Books-ZK-7-QQB-121,直客户,海总&志诚三不限,651.54,446.85,,204.69,219.0183,,14.3283
2025-08-29,IN,MY,1412307579460468,BA VORNIX 9,印尼企业户,印度户印尼企业户,72821.34969,71430.57031,,1390.779375,1502.041725,,111.26235
2025-08-29,DE,YK,1090207259175102,GOGO-ZDD-ADA-7-GX-120,越南户,海总&志诚三不限,68.038,43.59004,,24.44796,26.892756,,2.444796
2025-08-29,DE,YK,1046625369773271,JNS-MIG-GoldP-backup--3-81,美金户,印度企业户 欧洲美金户,927.66,826.18,,101.48,114.6724,,13.1924
2025-08-29,西班牙,YK,296827592544943,SUPER-NE+7-THB-01,泰国泰铢老户,GT&SHEN 欧洲户８＋１ 港60+5+1,20.95133333,,,20.95133333,22.62744,,1.676106667
2025-08-29,西班牙,YK,1498233424879693,GOGO-ZDD-ADA-7-GX-114,越南户,海总&志诚三不限,16.07728,,,16.07728,17.685008,,1.607728
2025-08-29,意大利,HW,1758848624842808,King-HK+7-CTCP-09,香港三不限,GT&SHEN 欧洲户８＋１ 港60+5+1,2988.43,2724.9,,263.53,279.3418,,15.8118
2025-08-30,IN,SG,1611076669842608,Books-ZK-7-QQB-121,直客户,海总&志诚三不限,1010.0,651.54,,358.46,383.5522,,25.0922
2025-08-30,IN,MY,1412307579460468,BA VORNIX 9,印尼企业户,印度户印尼企业户,75072.59113,72821.34969,,2251.241438,2431.340753,,180.099315
2025-08-30,意大利,HW,1758848624842808,King-HK+7-CTCP-09,香港三不限,GT&SHEN 欧洲户８＋１ 港60+5+1,3258.32,2988.43,,269.89,286.0834,,16.1934
2025-08-30,意大利,HW,779591877738176,RY-A9218-B0000(+7)-137,美金户,路人互动-海总（30-9）山,99.91,,,99.91,108.9019,,8.9919
2025-08-30,意大利,YJ,1614094699994364,"KKda Co.,Limited+3-032",美金户,B哥-欧洲户10➕1,861.5,648.95,,212.55,235.9305,,23.3805
2025-08-30,意大利,HW,1550344338869180,GOGO-ZDD-ADA+7-GX-571,越南户,海总&志诚三不限,41.25048,,,41.25048,45.375528,,4.125048
2025-08-30,IN,HY,1412307579460468,BA VORNIX 9,印尼企业户,印度户印尼企业户,634.6835,338.3735,,296.31,320.0148,,23.7048
2025-08-31,意大利,HW,1758848624842808,King-HK+7-CTCP-09,香港三不限,GT&SHEN 欧洲户８＋１ 港60+5+1,3345.47,3258.32,,87.15,92.379,,5.229
2025-08-31,DE,YK,1090207259175102,GOGO-ZDD-ADA-7-GX-120,越南户,海总&志诚三不限,78.2082,68.038,,10.1702,11.18722,,1.01702
2025-08-31,DE,YK,758968449073066,JNS-MIG-GoldP-backup--7-102,美金户,印度企业户 欧洲美金户,28.0,,,28.0,31.64,,3.64
2025-08-31,DE,YK,1378479426478200,GOGO-ZDD-ADA+7-GX-572,金融户,海总&志诚三不限,746.3876,365.0366,,381.351,419.4861,,38.1351
2025-08-31,意大利,YJ,1614094699994364,"KKda Co.,Limited+3-032",美金户,B哥-欧洲户10➕1,966.71,861.5,,105.21,116.7831,,11.5731
2025-08-31,IN,ZJ,936002028210213,BA GLADIUS 4,印尼企业户,印度户印尼企业户,13643.22,12719.19,,924.03,1007.1927,,83.1627
2025-08-31,IN,MY,1412307579460468,BA VORNIX 9,印尼企业户,印度户印尼企业户,76257.95231,75072.59113,,1185.361187,1280.190082,,94.828895
2025-09-01,IN,MY,1412307579460468,BA VORNIX 9,印尼企业户,印度户印尼企业户,76776.2705,76257.95231,,518.3181875,559.7836425,,41.465455
2025-09-01,IN,MY,1771730779699928,SUPER-NE+7-THB-11,泰国泰铢老户,GT&SHEN 欧洲户８＋１ 港60+5+1,60.45766667,,,60.45766667,65.29428,,4.836613333
2025-09-01,IN,HY,1412307579460468,BA VORNIX 9,印尼企业户,印度户印尼企业户,893.827625,634.6835,,259.144125,279.875655,,20.73153
2025-09-01,西班牙,YK,296827592544943,SUPER-NE+7-THB-01,泰国泰铢老户,GT&SHEN 欧洲户８＋１ 港60+5+1,136.0683333,20.95133333,,115.117,124.32636,,9.20936
2025-09-01,西班牙,YK,1498233424879693,GOGO-ZDD-ADA-7-GX-114,越南户,海总&志诚三不限,313.39476,16.07728,,297.31748,327.049228,,29.731748
2025-09-01,西班牙,YK,1953330738777235,Books-ZK-7-QQB-191,直客户,海总&志诚三不限,154.25172,,,154.25172,165.0493404,,10.7976204
2025-09-01,意大利,YJ,1614094699994364,"KKda Co.,Limited+3-032",美金户,B哥-欧洲户10➕1,1003.39,966.71,,36.68,40.7148,,4.0348
2025-09-01,IN,ZJ,936002028210213,BA GLADIUS 4,印尼企业户,印度户印尼企业户,14251.27,13643.22,,608.05,662.7745,,54.7245
2025-09-01,IN,HW,779591877738176,RY-A9218-B0000(+7)-137,美金户,路人互动-海总（30-9）山,157.08,99.91,,57.17,62.3153,,5.1453
2025-09-01,IN,HW,1550344338869180,GOGO-ZDD-ADA+7-GX-571,越南户,海总&志诚三不限,48.74456,41.25048,,7.49408,8.243488,,0.749408
2025-09-01,IN,MY,567943426263812,FIE-US-P8-CL-39,企业额度户,海总&志诚三不限,nan,17.1,,,,,
2025-09-01,意大利,HW,2649419365236089,OO - 2091 - Devianto - 405,印尼户,印度户印尼企业户,nan,10.937625,,,,,
2025-09-01,意大利,YJ,892716822646895,OO - 2058 - Devianto - 404,印尼户,印度户印尼企业户,nan,10.937625,,,,,
2025-09-02,西班牙,YK,1498233424879693,GOGO-ZDD-ADA-7-GX-114,越南户,海总&志诚三不限,1189.96128,313.39476,,876.56652,964.223172,,87.656652
2025-09-02,西班牙,YK,1953330738777235,Books-ZK-7-QQB-191,直客户,海总&志诚三不限,665.6166,154.25172,,511.36488,547.1604216,,35.7955416
2025-09-02,DE,YK,1090207259175102,GOGO-ZDD-ADA-7-GX-120,越南户,海总&志诚三不限,198.77468,78.2082,,120.56648,132.623128,,12.056648
2025-09-02,DE,YK,758968449073066,JNS-MIG-GoldP-backup--7-102,美金户,印度企业户 欧洲美金户,102.14,28.0,,74.14,83.7782,,9.6382
2025-09-02,IN,ZJ,936002028210213,BA GLADIUS 4,印尼企业户,印度户印尼企业户,14591.75,14251.27,,340.48,371.1232,,30.6432
2025-09-02,IN,HY,1412307579460468,BA VORNIX 9,印尼企业户,印度户印尼企业户,1001.366063,893.827625,,107.5384375,116.1415125,,8.603075
2025-09-02,IN,HY,1425792615439502,Books-ZK-7-QQB-136,直客户,海总&志诚三不限,116.17,11.03,,105.14,112.4998,,7.3598
2025-09-02,IN,MY,1412307579460468,BA VORNIX 9,印尼企业户,印度户印尼企业户,79541.52888,76776.2705,,2765.258375,2986.479045,,221.22067
2025-09-02,IN,MY,1771730779699928,SUPER-NE+7-THB-11,泰国泰铢老户,GT&SHEN 欧洲户８＋１ 港60+5+1,191.127,60.45766667,,130.6693333,141.12288,,10.45354667
2025-09-02,西班牙,YJ,2954453418072138,GOGO-ZDD-ADA-7-GX-113,越南户,海总&志诚三不限,40.98008,,,40.98008,45.078088,,4.098008
2025-09-03,西班牙,YK,1498233424879693,GOGO-ZDD-ADA-7-GX-114,越南户,海总&志诚三不限,2171.79328,1189.96128,,981.832,1080.0152,,98.1832
2025-09-03,西班牙,YK,1953330738777235,Books-ZK-7-QQB-191,直客户,海总&志诚三不限,1098.11868,665.6166,,432.50208,462.7772256,,30.2751456
2025-09-03,IN,MY,1412307579460468,BA VORNIX 9,印尼企业户,印度户印尼企业户,82104.39375,79541.52888,,2562.864875,2767.894065,,205.02919
2025-09-03,IN,MY,1771730779699928,SUPER-NE+7-THB-11,泰国泰铢老户,GT&SHEN 欧洲户８＋１ 港60+5+1,635.5503333,191.127,,444.4233333,479.9772,,35.55386667
2025-09-03,IN,ZJ,936002028210213,BA GLADIUS 4,印尼企业户,印度户印尼企业户,14712.38,14591.75,,120.63,131.4867,,10.8567
2025-09-03,IN,HY,1412307579460468,BA VORNIX 9,印尼企业户,印度户印尼企业户,1373.797375,1001.366063,,372.4313125,402.2258175,,29.794505
2025-09-03,IN,HY,1425792615439502,Books-ZK-7-QQB-136,直客户,海总&志诚三不限,394.36,116.17,,278.19,297.6633,,19.4733
2025-09-03,DE,YJ,1246538053893074,AAA4-YQHD-016,美金户,Y-5208 FB欧/美户,181.56,,,181.56,201.5316,,19.9716
2025-09-04,IN,HW,1859534884979446,Cho thuê 1229,越南美金户,泰华-启航渠道,nan,342.89,,,,,
2025-09-04,IN,HW,1859534884979446,Cho thuê 1229,越南美金户,泰华-启航渠道,428.38,342.89,,85.49,95.85242424,,10.36242424
2025-09-04,IN,HW,1051024353839221,Cho thuê 1139,越南美金户,泰华-启航渠道,nan,3096.86,,,,,
2025-09-04,IN,HW,1051024353839221,Cho thuê 1139,越南美金户,泰华-启航渠道,3275.6,3096.86,,178.74,200.4054545,,21.66545455
2025-09-04,IN,HW,1550344338869180,GOGO-ZDD-ADA+7-GX-571,越南户,海总&志诚三不限,138.43824,48.74456,,89.69368,98.663048,,8.969368
2025-09-04,IN,HY,1412307579460468,BA VORNIX 9,印尼企业户,印度户印尼企业户,1750.53025,1373.797375,,376.732875,406.871505,,30.13863
2025-09-04,IN,MY,1412307579460468,BA VORNIX 9,印尼企业户,印度户印尼企业户,83029.56556,82104.39375,,925.1718125,999.1855575,,74.013745
2025-09-04,IN,MY,1771730779699928,SUPER-NE+7-THB-11,泰国泰铢老户,GT&SHEN 欧洲户８＋１ 港60+5+1,862.0833333,635.5503333,,226.533,244.65564,,18.12264
2025-09-04,西班牙,YK,1498233424879693,GOGO-ZDD-ADA-7-GX-114,越南户,海总&志诚三不限,2769.51132,2171.79328,,597.71804,657.489844,,59.771804
2025-09-04,西班牙,YK,1953330738777235,Books-ZK-7-QQB-191,直客户,海总&志诚三不限,1402.44732,1098.11868,,304.32864,325.6316448,,21.3030048
2025-09-04,西班牙,YK,720083724180530,WBD 40 USD - DTG026,美金户,海总新渠道,147.72,,,147.72,163.9692,,16.2492
2025-09-04,DE,YK,1090207259175102,GOGO-ZDD-ADA-7-GX-120,越南户,海总&志诚三不限,260.32768,198.77468,,61.553,67.7083,,6.1553
2025-09-04,DE,YK,758968449073066,JNS-MIG-GoldP-backup--7-102,美金户,印度企业户 欧洲美金户,193.55,102.14,,91.41,103.2933,,11.8833
2025-09-04,DE,YK,1992605744877902,GOGO-ZDD-ADA-7-GX- 021,越南户,海总&志诚三不限,47.6134,13.71504,,33.89836,37.288196,,3.389836
2025-09-04,DE,YJ,1393109068235677,JNS-MIG-Goldp-100page--3-45,美金户,印度企业户 欧洲美金户,nan,6707.48,,,,,
2025-09-04,DE,YJ,798425322312892,JNS-MIG-GoldP-Backup--3-84,美金户,印度企业户 欧洲美金户,nan,4.31,,,,,
2025-09-04,DE,YJ,1246538053893074,AAA4-YQHD-016,美金户,Y-5208 FB欧/美户,217.87,181.56,,36.31,40.3041,,3.9941
2025-09-04,西班牙,YJ,1818502075439838,Books-ZK-5-QQB-196,直客户,海总&志诚三不限,39.95,,,39.95,42.7465,,2.7965
2025-09-04,西班牙,YJ,2954453418072138,GOGO-ZDD-ADA-7-GX-113,越南户,海总&志诚三不限,110.53652,40.98008,,69.55644,76.512084,,6.955644
2025-09-05,IN,MY,1412307579460468,BA VORNIX 9,印尼企业户,印度户印尼企业户,83163.26331,83029.56556,,133.69775,144.39357,,10.69582
2025-09-05,IN,MY,1771730779699928,SUPER-NE+7-THB-11,泰国泰铢老户,GT&SHEN 欧洲户８＋１ 港60+5+1,883.439,862.0833333,,21.35566667,23.06412,,1.708453333
2025-09-05,IN,SG,719963797485572,Books-ZK-7-QQB-36,直客户,海总&志诚三不限,29.75,,,29.75,31.8325,,2.0825
2025-09-05,IN,HW,1859534884979446,Cho thuê 1229,越南美金户,泰华-启航渠道,783.34,428.38,,354.96,397.9854545,,43.02545455
2025-09-05,IN,HW,1051024353839221,Cho thuê 1139,越南美金户,泰华-启航渠道,3870.74,3275.6,,595.14,667.2781818,,72.13818182
2025-09-05,DE,YJ,1818502075439838,Books-ZK-5-QQB-196,直客户,海总&志诚三不限,150.28,39.95,,110.33,118.0531,,7.7231
2025-09-05,DE,YJ,1246538053893074,AAA4-YQHD-016,美金户,Y-5208 FB欧/美户,320.45,217.87,,102.58,113.8638,,11.2838
2025-09-05,西班牙,YK,1498233424879693,GOGO-ZDD-ADA-7-GX-114,越南户,海总&志诚三不限,2978.51956,2769.51132,,209.00824,229.909064,,20.900824
2025-09-05,西班牙,YK,1953330738777235,Books-ZK-7-QQB-191,直客户,海总&志诚三不限,1492.83252,1402.44732,,90.3852,96.712164,,6.326964
2025-09-05,西班牙,YK,720083724180530,WBD 40 USD - DTG026,美金户,海总新渠道,344.82,147.72,,197.1,218.781,,21.681
2025-09-05,西班牙,YK,1090207259175102,GOGO-ZDD-ADA-7-GX-120,越南户,海总&志诚三不限,175.52832,,,175.52832,193.081152,,17.552832
2025-09-05,西班牙,YK,758968449073066,JNS-MIG-GoldP-backup--7-102,美金户,印度企业户 欧洲美金户,31.35,,,31.35,35.4255,,4.0755
2025-09-06,DE,YJ,1818502075439838,Books-ZK-5-QQB-196,直客户,海总&志诚三不限,221.3,150.28,,71.02,75.9914,,4.9714
2025-09-06,DE,YJ,1393109068235677,JNS-MIG-Goldp-100page--3-45,美金户,印度企业户 欧洲美金户,6738.96,6707.48,,31.48,35.5724,,4.0924
2025-09-07,DE,YJ,1393109068235677,JNS-MIG-Goldp-100page--3-45,美金户,印度企业户 欧洲美金户,6784.63,6738.96,,45.67,51.6071,,5.9371
2025-09-07,DE,YJ,1818502075439838,Books-ZK-5-QQB-196,直客户,海总&志诚三不限,263.04,221.3,,41.74,44.6618,,2.9218
2025-09-08,意大利,YK,715684934691441,UKLY-65,美金户,凤凰&洛阳,nan,376.64,,,,,
2025-09-08,IN,HW,1268721811718009,Eastar 4 - Ada - 179,美金户,GT&SHEN 欧洲户８＋１ 港60+5+1,402.5,,,402.5,438.725,,36.225
2025-09-08,IN,MY,1412307579460468,BA VORNIX 9,印尼企业户,印度户印尼企业户,84604.093,83163.26331,,1440.829687,1556.096062,,115.266375
2025-09-08,IN,HY,1412307579460468,BA VORNIX 9,印尼企业户,印度户印尼企业户,1765.7305,1750.53025,,15.20025,16.41627,,1.21602
2025-09-08,IN,HY,1106733488068476,Eastar 4 - Ada - 34,美金户,GT&SHEN 欧洲户８＋１ 港60+5+1,375.64,,,375.64,409.4476,,33.8076
2025-09-08,意大利,YK,715684934691441,UKLY-65,美金户,凤凰&洛阳,500.0,376.64,,123.36,139.3968,,16.0368
2025-09-08,意大利,YJ,4150151555266546,Eastar 4 - Ada - 64,美金户,GT&SHEN 欧洲户８＋１ 港60+5+1,100.46,,,100.46,109.5014,,9.0414
2025-09-08,意大利,YJ,1393109068235677,JNS-MIG-Goldp-100page--3-45,美金户,印度企业户 欧洲美金户,6941.1,6784.63,,156.47,176.8111,,20.3411
2025-09-08,意大利,YJ,1818502075439838,Books-ZK-5-QQB-196,直客户,海总&志诚三不限,436.89,263.04,,173.85,186.0195,,12.1695
2025-09-08,IN,ZJ,936002028210213,BA GLADIUS 4,印尼企业户,印度户印尼企业户,14866.0,14712.38,,153.62,167.4458,,13.8258
2025-09-09,IN,HW,1268721811718009,Eastar 4 - Ada - 179,美金户,GT&SHEN 欧洲户８＋１ 港60+5+1,2156.72,402.5,,1754.22,1912.0998,,157.8798
2025-09-09,IN,HW,758934260217835,BONS-A7108-B0000(+7)-1366,美金户,路人互动-海总（30-9）山,158.14,,,158.14,172.3726,,14.2326
2025-09-09,IN,YJ,1818502075439838,Books-ZK-5-QQB-196,直客户,海总&志诚三不限,628.22,436.89,,191.33,204.7231,,13.3931
2025-09-09,IN,YJ,4150151555266546,Eastar 4 - Ada - 64,美金户,GT&SHEN 欧洲户８＋１ 港60+5+1,132.08,100.46,,31.62,34.4658,,2.8458
2025-09-09,IN,MY,1412307579460468,BA VORNIX 9,印尼企业户,印度户印尼企业户,86085.04531,84604.093,,1480.952313,1599.428498,,118.476185
2025-09-09,IN,MY,1830885277637508,Eastar 4 - Ada - 79,美金户,GT&SHEN 欧洲户８＋１ 港60+5+1,19.02,,,19.02,20.7318,,1.7118
2025-09-09,IN,HY,1106733488068476,Eastar 4 - Ada - 34,美金户,GT&SHEN 欧洲户８＋１ 港60+5+1,1829.15,375.64,,1453.51,1584.3259,,130.8159
2025-09-09,IN,ZJ,936002028210213,BA GLADIUS 4,印尼企业户,印度户印尼企业户,14986.95,14866.0,,120.95,131.8355,,10.8855
2025-09-09,SG,YK,2649419365236089,OO - 2091 - Devianto - 405,印尼户,印度户印尼企业户,203.783375,,,203.783375,218.0482113,,14.26483625
2025-09-09,IN,MY,603742395972218,GRE-US-P3-CL-11,企业额度户,海总&志诚三不限,144.4,,,144.4,166.06,,21.66
2025-09-09,意大利,YK,715684934691441,UKLY-65,美金户,凤凰&洛阳,2356.57,123.36,,2233.21,2523.5273,,290.3173
2025-09-10,IN,HY,1248295326999686,Cho thuê 915,越南美金户,启航,nan,1042.55,,,,,
2025-09-10,IN,HY,1106733488068476,Eastar 4 - Ada - 34,美金户,GT&SHEN 欧洲户８＋１ 港60+5+1,5013.21,1829.15,,3184.06,3470.6254,,286.5654
2025-09-10,IN,HW,1268721811718009,Eastar 4 - Ada - 179,美金户,GT&SHEN 欧洲户８＋１ 港60+5+1,3589.94,2156.72,,1433.22,1562.2098,,128.9898
2025-09-10,IN,HW,758934260217835,BONS-A7108-B0000(+7)-1366,美金户,路人互动-海总（30-9）山,327.43,158.14,,169.29,184.5261,,15.2361
2025-09-10,IN,XH,1358779739001459,Books-ZK-5-QQB-195,直客户,海总&志诚三不限,60.4,,,60.4,64.628,,4.228
2025-09-10,IN,YJ,1818502075439838,Books-ZK-5-QQB-196,直客户,海总&志诚三不限,876.99,628.22,,248.77,266.1839,,17.4139
2025-09-10,意大利,YK,715684934691441,UKLY-65,美金户,凤凰&洛阳,2935.47,2356.57,,578.9,654.157,,75.257
2025-09-10,意大利,YK,663990202931928,UKLY-244,美金户,凤凰&洛阳,11.62,,,11.62,13.1306,,1.5106
2025-09-10,SG,YK,2649419365236089,OO - 2091 - Devianto - 405,印尼户,印度户印尼企业户,272.783,203.783375,,68.999625,73.82959875,,4.82997375
2025-09-10,SG,YK,1435235944445379,BRG-USD-010G06-080802-GMT+8,美金户,启航,71.5,,,71.5,79.44444444,,7.944444444
2025-09-10,IN,ZJ,936002028210213,BA GLADIUS 4,印尼企业户,印度户印尼企业户,16118.34,14986.95,,1131.39,1233.2151,,101.8251
2025-09-10,IN,MY,1412307579460468,BA VORNIX 9,印尼企业户,印度户印尼企业户,87224.46494,86085.04531,,1139.419625,1230.573195,,91.15357
2025-09-10,IN,MY,603742395972218,GRE-US-P3-CL-11,企业额度户,海总&志诚三不限,500.0,144.4,,355.6,408.94,,53.34
2025-09-10,IN,MY,1830885277637508,Eastar 4 - Ada - 79,美金户,GT&SHEN 欧洲户８＋１ 港60+5+1,309.12,19.02,,290.1,316.209,,26.109
2025-09-11,IN,HY,1106733488068476,Eastar 4 - Ada - 34,美金户,GT&SHEN 欧洲户８＋１ 港60+5+1,9511.91,5013.21,,4498.7,4903.583,,404.883
2025-09-11,IN,XH,1358779739001459,Books-ZK-5-QQB-195,直客户,海总&志诚三不限,70.63,60.4,,10.23,10.9461,,0.7161
2025-09-11,IN,YJ,1818502075439838,Books-ZK-5-QQB-196,直客户,海总&志诚三不限,1038.08,876.99,,161.09,172.3663,,11.2763
2025-09-11,IN,MY,1412307579460468,BA VORNIX 9,印尼企业户,印度户印尼企业户,89682.027,87224.46494,,2457.562063,2654.167028,,196.604965
2025-09-11,IN,MY,603742395972218,GRE-US-P3-CL-11,企业额度户,海总&志诚三不限,1500.0,500.0,,1000.0,1150.0,,150.0
2025-09-11,IN,MY,1830885277637508,Eastar 4 - Ada - 79,美金户,GT&SHEN 欧洲户８＋１ 港60+5+1,521.24,309.12,,212.12,231.2108,,19.0908
2025-09-11,IN,ZJ,936002028210213,BA GLADIUS 4,印尼企业户,印度户印尼企业户,17621.89,16118.34,,1503.55,1638.8695,,135.3195
2025-09-11,IN,ZJ,1666968493966995,Eastar 4 - Ada - 309,美金户,GT&SHEN 欧洲户８＋１ 港60+5+1,70.14,,,70.14,76.4526,,6.3126
2025-09-11,IN,HW,1268721811718009,Eastar 4 - Ada - 179,美金户,GT&SHEN 欧洲户８＋１ 港60+5+1,3965.45,3589.94,,375.51,409.3059,,33.7959
2025-09-11,IN,HW,758934260217835,BONS-A7108-B0000(+7)-1366,美金户,路人互动-海总（30-9）山,470.02,327.43,,142.59,155.4231,,12.8331
2025-09-11,IN,HW,1306143867559640,RHU+8-USD-1331,海外美金户,6% 海外户,17.54,,,17.54,19.1186,,1.5786
2025-09-11,意大利,YK,2649419365236089,OO - 2091 - Devianto - 405,印尼户,印度户印尼企业户,195.90875,,,195.90875,209.6223625,,13.7136125
2025-09-11,意大利,YK,1572714704110298,0580 Pro 5 - 1572714704110298,美金户,印度企业户 欧洲美金户,230.26,,,230.26,255.5886,,25.3286
2025-09-11,意大利,YK,1435235944445379,BRG-USD-010G06-080802-GMT+8,美金户,启航,365.22,71.5,,293.72,326.3555556,,32.63555556
2025-09-11,IN,YJ,1875281213050671,Books-ZK+7-QQB-347,直客户,海总&志诚三不限,29.97,,,29.97,32.0679,,2.0979
2025-09-12,IN,FD,1296499035350127,Eastar 4 - Ada - 300,美金户,GT&SHEN 欧洲户８＋１ 港60+5+1,272.27,,,272.27,296.7743,,24.5043
2025-09-12,IN,JK,24524658753842868,Eastar 4 - Ada - 301,美金户,GT&SHEN 欧洲户８＋１ 港60+5+1,278.6,,,278.6,303.674,,25.074
2025-09-12,IN,HY,1106733488068476,Eastar 4 - Ada - 34,美金户,GT&SHEN 欧洲户８＋１ 港60+5+1,13850.25,9511.91,,4338.34,4728.7906,,390.4506
2025-09-12,IN,MY,1412307579460468,BA VORNIX 9,印尼企业户,印度户印尼企业户,90399.72488,89682.027,,717.697875,775.113705,,57.41583
2025-09-12,IN,MY,1830885277637508,Eastar 4 - Ada - 79,美金户,GT&SHEN 欧洲户８＋１ 港60+5+1,671.21,521.24,,149.97,163.4673,,13.4973
2025-09-12,IN,XH,1358779739001459,Books-ZK-5-QQB-195,直客户,海总&志诚三不限,158.34,70.63,,87.71,93.8497,,6.1397
2025-09-12,意大利,YK,1317462399985759,BON-XANY-USD-0909-28,美金户,海总-黑泽-欧洲户对接,88.86,,,88.86,96.928488,,8.068488
2025-09-12,IN,YJ,1875281213050671,Books-ZK+7-QQB-347,直客户,海总&志诚三不限,262.73,29.97,,232.76,249.0532,,16.2932
2025-09-12,IN,HW,758934260217835,BONS-A7108-B0000(+7)-1366,美金户,路人互动-海总（30-9）山,911.24,470.02,,441.22,480.9298,,39.7098
2025-09-12,IN,HW,681139025007076,Eastar 4 - Ada - 375,美金户,海总&志诚三不限,23.49,,,23.49,25.1343,,1.6443
2025-09-12,IN,ZJ,936002028210213,BA GLADIUS 4,印尼企业户,印度户印尼企业户,nan,18471.97,,,,,
2025-09-13,IN,FD,1296499035350127,Eastar 4 - Ada - 300,美金户,GT&SHEN 欧洲户８＋１ 港60+5+1,1627.19,272.27,,1354.92,1476.8628,,121.9428
2025-09-13,IN,JK,24524658753842868,Eastar 4 - Ada - 301,美金户,GT&SHEN 欧洲户８＋１ 港60+5+1,554.28,278.6,,275.68,300.4912,,24.8112
2025-09-13,IN,HY,1106733488068476,Eastar 4 - Ada - 34,美金户,GT&SHEN 欧洲户８＋１ 港60+5+1,13850.25,13850.25,,0.0,0.0,,0.0
2025-09-13,IN,XH,1358779739001459,Books-ZK-5-QQB-195,直客户,海总&志诚三不限,407.37,158.34,,249.03,266.4621,,17.4321
2025-09-13,IN,YJ,1875281213050671,Books-ZK+7-QQB-347,直客户,海总&志诚三不限,686.64,262.73,,423.91,453.5837,,29.6737
2025-09-13,IN,HW,758934260217835,BONS-A7108-B0000(+7)-1366,美金户,路人互动-海总（30-9）山,1699.1,911.24,,787.86,858.7674,,70.9074
2025-09-13,IN,HW,738828212333384,NHHMAX+7-llinda-10,美金户,GT&SHEN 欧洲户８＋１ 港60+5+1,1868.98,,,1868.98,1999.8086,,130.8286
2025-09-13,IN,HW,681139025007076,Eastar 4 - Ada - 375,美金户,海总&志诚三不限,687.86,23.49,,664.37,710.8759,,46.5059
2025-09-13,IN,YJ,1666968493966995,Eastar 4 - Ada - 309,美金户,GT&SHEN 欧洲户８＋１ 港60+5+1,nan,101.49,,,,,
2025-09-13,IN,YJ,746448004902301,Eastar 4 - Ada - 392,美金户,GT&SHEN 欧洲户８＋１ 港60+5+1,nan,9.0,,,,,
2025-09-13,IN,LM,1218687010304721,Eastar 4 - Ada - 72,美金户,GT&SHEN 欧洲户８＋１ 港60+5+1,103.65,,,103.65,112.9785,,9.3285
2025-09-14,IN,FD,1296499035350127,Eastar 4 - Ada - 300,美金户,GT&SHEN 欧洲户８＋１ 港60+5+1,2925.41,1627.19,,1298.22,1415.0598,,116.8398
2025-09-14,IN,XH,1358779739001459,Books-ZK-5-QQB-195,直客户,海总&志诚三不限,899.42,407.37,,492.05,526.4935,,34.4435
2025-09-14,IN,HY,1106733488068476,Eastar 4 - Ada - 34,美金户,GT&SHEN 欧洲户８＋１ 港60+5+1,16047.93,13850.25,,2197.68,2395.4712,,197.7912
2025-09-14,意大利,YK,1317462399985759,BON-XANY-USD-0909-28,美金户,海总-黑泽-欧洲户对接,1455.56,88.86,,1366.7,1490.79636,,124.09636
2025-09-14,意大利,YK,24294763353514934,NHHXL-MIG-Goldp-Niubi-+7-104,美金户,印度企业户 欧洲美金户,496.02,,,496.02,560.5026,,64.4826
2025-09-14,意大利,YK,925250519810317,BON-XANY-USD-0911-31,美金户,海总-黑泽-欧洲户对接,480.97,,,480.97,524.642076,,43.672076
2025-09-14,意大利,YK,632893636145484,ONELY-34,美金户,凤凰&洛阳,488.62,,,488.62,532.986696,,44.366696
2025-09-14,IN,LD,1537471214263511,Eastar 4 - Ada - 302,美金户,GT&SHEN 欧洲户８＋１ 港60+5+1,59.46,,,59.46,64.8114,,5.3514
2025-09-14,IN,YJ,1875281213050671,Books-ZK+7-QQB-347,直客户,海总&志诚三不限,952.06,686.64,,265.42,283.9994,,18.5794
2025-09-14,IN,LM,1218687010304721,Eastar 4 - Ada - 72,美金户,GT&SHEN 欧洲户８＋１ 港60+5+1,108.67,103.65,,5.02,5.4718,,0.4518
2025-09-14,IN,HW,738828212333384,NHHMAX+7-llinda-10,美金户,GT&SHEN 欧洲户８＋１ 港60+5+1,4240.55,1868.98,,2371.57,2537.5799,,166.0099
2025-09-14,IN,HW,758934260217835,BONS-A7108-B0000(+7)-1366,美金户,路人互动-海总（30-9）山,3525.36,1699.1,,1826.26,1990.6234,,164.3634
2025-09-14,IN,HW,681139025007076,Eastar 4 - Ada - 375,美金户,海总&志诚三不限,2003.98,687.86,,1316.12,1408.2484,,92.1284
2025-09-15,IN,HY,1106733488068476,Eastar 4 - Ada - 34,美金户,GT&SHEN 欧洲户８＋１ 港60+5+1,18969.32,16047.93,,2921.39,3184.3151,,262.9251
2025-09-15,IN,XH,1358779739001459,Books-ZK-5-QQB-195,直客户,海总&志诚三不限,1616.81,899.42,,717.39,767.6073,,50.2173
2025-09-15,IN,LM,1218687010304721,Eastar 4 - Ada - 72,美金户,GT&SHEN 欧洲户８＋１ 港60+5+1,309.07,108.67,,200.4,218.436,,18.036
2025-09-15,IN,FD,1296499035350127,Eastar 4 - Ada - 300,美金户,GT&SHEN 欧洲户８＋１ 港60+5+1,4680.98,2925.41,,1755.57,1913.5713,,158.0013
2025-09-15,IN,LD,1537471214263511,Eastar 4 - Ada - 302,美金户,GT&SHEN 欧洲户８＋１ 港60+5+1,126.12,59.46,,66.66,72.6594,,5.9994
2025-09-15,IN,JK,24524658753842868,Eastar 4 - Ada - 301,美金户,GT&SHEN 欧洲户８＋１ 港60+5+1,875.27,554.28,,320.99,349.8791,,28.8891
2025-09-15,IN,MY,1412307579460468,BA VORNIX 9,印尼企业户,印度户印尼企业户,90767.03938,90399.72488,,367.3145,396.69966,,29.38516
2025-09-15,IN,MY,936002028210213,BA GLADIUS 4,印尼企业户,印度户印尼企业户,103.8,,,103.8,113.142,,9.342
2025-09-15,IN,MY,1441718167008965,Account Gabriel 72 UTC 00:00 IN USE,额度户,凤凰&洛阳,648.99,,,648.99,733.3587,,84.3687
2025-09-15,IN,MY,1499528597662364,HOORAY 51_NLM,授信额度户,深圳芳林子,152.32,,,152.32,175.381248,,23.061248
2025-09-15,IN,HW,738828212333384,NHHMAX+7-llinda-10,美金户,GT&SHEN 欧洲户８＋１ 港60+5+1,5937.85,4240.55,,1697.3,1816.111,,118.811
2025-09-15,IN,HW,758934260217835,BONS-A7108-B0000(+7)-1366,美金户,路人互动-海总（30-9）山,3738.28,3525.36,,212.92,232.0828,,19.1628
2025-09-15,IN,HW,681139025007076,Eastar 4 - Ada - 375,美金户,海总&志诚三不限,2189.44,2003.98,,185.46,198.4422,,12.9822
2025-09-15,IN,HW,1397183488012900,BONS-A7515-B0000(+7)-1388,美金户,路人互动-海总（30-9）山,23.25,,,23.25,25.3425,,2.0925
2025-09-15,意大利,YK,1317462399985759,BON-XANY-USD-0909-28,美金户,海总-黑泽-欧洲户对接,1534.39,1455.56,,78.83,85.987764,,7.157764
2025-09-15,意大利,YK,24294763353514934,NHHXL-MIG-Goldp-Niubi-+7-104,美金户,印度企业户 欧洲美金户,514.53,496.02,,18.51,20.9163,,2.4063
2025-09-15,意大利,YK,925250519810317,BON-XANY-USD-0911-31,美金户,海总-黑泽-欧洲户对接,544.62,480.97,,63.65,69.42942,,5.77942
2025-09-15,意大利,YK,632893636145484,ONELY-34,美金户,凤凰&洛阳,542.17,488.62,,53.55,58.41234,,4.86234
2025-09-15,IN,YJ,1666968493966995,Eastar 4 - Ada - 309,美金户,GT&SHEN 欧洲户８＋１ 港60+5+1,208.3,101.49,,106.81,116.4229,,9.6129
2025-09-15,IN,YJ,746448004902301,Eastar 4 - Ada - 392,美金户,GT&SHEN 欧洲户８＋１ 港60+5+1,108.14,9.0,,99.14,108.0626,,8.9226
2025-09-12,IN,SG,1118079943590838,BONS-A6735-B0000(+7)-1360,美金户,路人互动-海总（30-9）山,87.57,,,87.57,95.4513,,7.8813
2025-09-12,IN,SG,633542996103955,Eastar 4 - Ada - 33,美金户,GT&SHEN 欧洲户８＋１ 港60+5+1,100.0,,,100.0,109.0,,9.0
2025-09-16,MY,YK,24294763353514934,NHHXL-MIG-Goldp-Niubi-+7-104,美金户,印度企业户 欧洲美金户,136.84,,,136.84,154.6292,,17.7892
2025-09-16,MY,YK,811268547913049,HT-Walsh-GT-0915-papa-MF-15+8-1,二不限,GT&papa 二不限 2０开户费 ３%u1,69.51,,,69.51,72.2904,,2.7804
2025-09-16,MY,YK,1969795200470504,HT-Walsh-GT-0915-papa-MF-15+8-3,二不限,GT&papa 二不限 2０开户费 ３%u1,33.65,,,33.65,34.996,,1.346
2025-09-16,IN,SG,1118079943590838,BONS-A6735-B0000(+7)-1360,美金户,路人互动-海总（30-9）山,198.75,87.57,,111.18,121.1862,,10.0062
2025-09-16,IN,LM,1218687010304721,Eastar 4 - Ada - 72,美金户,GT&SHEN 欧洲户８＋１ 港60+5+1,455.61,309.07,,146.54,159.7286,,13.1886
2025-09-16,IN,JK,24524658753842868,Eastar 4 - Ada - 301,美金户,GT&SHEN 欧洲户８＋１ 港60+5+1,1307.02,875.27,,431.75,470.6075,,38.8575
2025-09-16,IN,LD,1537471214263511,Eastar 4 - Ada - 302,美金户,GT&SHEN 欧洲户８＋１ 港60+5+1,226.17,126.12,,100.05,109.0545,,9.0045
2025-09-16,IN,XH,1358779739001459,Books-ZK-5-QQB-195,直客户,海总&志诚三不限,2287.41,1616.81,,670.6,717.542,,46.942
2025-09-16,IN,FD,1296499035350127,Eastar 4 - Ada - 300,美金户,GT&SHEN 欧洲户８＋１ 港60+5+1,5412.26,4680.98,,731.28,797.0952,,65.8152
2025-09-16,IN,FD,1885863742261931,NHHMAX-7-JVCG-33,美金户,GT&SHEN 欧洲户８＋１ 港60+5+1,42.71,,,42.71,46.5539,,3.8439
2025-09-16,IN,HY,1106733488068476,Eastar 4 - Ada - 34,美金户,GT&SHEN 欧洲户８＋１ 港60+5+1,20894.1,18969.32,,1924.78,2098.0102,,173.2302
2025-09-16,IN,HY,1743839802887608,Account Gabriel 71 UTC 00:00 IN USE,额度户,凤凰&洛阳,1000.0,,,1000.0,1130.0,,130.0
2025-09-16,IN,MY,1412307579460468,BA VORNIX 9,印尼企业户,印度户印尼企业户,94487.98219,90767.03938,,3720.942813,4018.618238,,297.675425
2025-09-16,IN,MY,936002028210213,BA GLADIUS 4,印尼企业户,印度户印尼企业户,104.28,103.8,,0.48,0.5232,,0.0432
2025-09-16,IN,MY,1441718167008965,Account Gabriel 72 UTC 00:00 IN USE,额度户,凤凰&洛阳,715.64,648.99,,66.65,75.3145,,8.6645
2025-09-16,IN,MY,1499528597662364,HOORAY 51_NLM,授信额度户,深圳芳林子,348.78,152.32,,196.46,226.204044,,29.744044
2025-09-16,IN,HW,738828212333384,NHHMAX+7-llinda-10,美金户,GT&SHEN 欧洲户８＋１ 港60+5+1,9299.0,5937.85,,3361.15,3596.4305,,235.2805
2025-09-16,IN,HW,758934260217835,BONS-A7108-B0000(+7)-1366,美金户,路人互动-海总（30-9）山,4731.91,3738.28,,993.63,1083.0567,,89.4267
2025-09-16,IN,HW,681139025007076,Eastar 4 - Ada - 375,美金户,海总&志诚三不限,4220.15,2189.44,,2030.71,2172.8597,,142.1497
2025-09-16,IN,HW,1397183488012900,BONS-A7515-B0000(+7)-1388,美金户,路人互动-海总（30-9）山,601.28,23.25,,578.03,630.0527,,52.0227
2025-09-17,IN,JK,936002028210213,BA GLADIUS 4,印尼企业户,印度户印尼企业户,nan,18576.57,,,,,
2025-09-17,IN,LM,1218687010304721,Eastar 4 - Ada - 72,美金户,GT&SHEN 欧洲户８＋１ 港60+5+1,770.06,455.61,,314.45,342.7505,,28.3005
2025-09-17,IN,LD,1537471214263511,Eastar 4 - Ada - 302,美金户,GT&SHEN 欧洲户８＋１ 港60+5+1,415.87,226.17,,189.7,206.773,,17.073
2025-09-17,IN,MY,1412307579460468,BA VORNIX 9,印尼企业户,印度户印尼企业户,98143.09713,94487.98219,,3655.114938,3947.524133,,292.409195
2025-09-17,IN,MY,1287267872361352,GRE-US-P7-CL-54,企业额度户,海总&志诚三不限,125.69,,,125.69,144.5435,,18.8535
2025-09-17,IN,MY,1298372668399994,BONS-A9454-B0000(+3)-1517,美金户,路人互动-海总（30-9）山,23.35,,,23.35,25.4515,,2.1015
2025-09-17,IN,MY,1490839992363309,NHHMAX+7-JVCG-70,美金户,GT&SHEN 欧洲户８＋１ 港60+5+1,9.97,,,9.97,10.8673,,0.8973
2025-09-17,IN,FD,1296499035350127,Eastar 4 - Ada - 300,美金户,GT&SHEN 欧洲户８＋１ 港60+5+1,5982.21,5412.26,,569.95,621.2455,,51.2955
2025-09-17,IN,FD,1885863742261931,NHHMAX-7-JVCG-33,美金户,GT&SHEN 欧洲户８＋１ 港60+5+1,88.56,42.71,,45.85,49.9765,,4.1265
2025-09-17,IN,YJ,1875281213050671,Books-ZK+7-QQB-347,直客户,海总&志诚三不限,1092.8,952.06,,140.74,150.5918,,9.8518
2025-09-17,IN,JK,936002028210213,BA GLADIUS 4,印尼企业户,印度户印尼企业户,18587.54,18576.57,,10.97,11.9573,,0.9873
2025-09-17,IN,JK,24524658753842868,Eastar 4 - Ada - 301,美金户,GT&SHEN 欧洲户８＋１ 港60+5+1,2091.68,1307.02,,784.66,855.2794,,70.6194
2025-09-17,IN,XH,1358779739001459,Books-ZK-5-QQB-195,直客户,海总&志诚三不限,2656.63,2287.41,,369.22,395.0654,,25.8454
2025-09-17,IN,XH,1577738763585369,Books-ZK+7-QQB-390,直客户,海总&志诚三不限,69.32,,,69.32,74.1724,,4.8524
2025-09-17,MY,YK,24294763353514934,NHHXL-MIG-Goldp-Niubi-+7-104,美金户,印度企业户 欧洲美金户,335.42,136.84,,198.58,224.3954,,25.8154
2025-09-17,MY,YK,1299335941978076,HT-Jaimee-GT-0916-papa-MF-LL+8-1,二不限,GT&papa 二不限 2０开户费 ３%u1,75.48,,,75.48,78.4992,,3.0192
2025-09-17,MY,YK,1092350359535884,HT-Jaimee-GT-0916-papa-MF-LL+8-2,二不限,GT&papa 二不限 2０开户费 ３%u1,50.05,,,50.05,52.052,,2.002
2025-09-17,MY,YK,1263505061885064,HT-Jaimee-GT-0916-papa-MF-LL+8-3,二不限,GT&papa 二不限 2０开户费 ３%u1,84.8,,,84.8,88.192,,3.392
2025-09-17,MY,YK,1096939185874488,Eastar 4 - Ada - 666,美金户,GT&SHEN 欧洲户８＋１ 港60+5+1,34.01,,,34.01,37.0709,,3.0609
2025-09-17,NG,FKZ,4288789838054504,泰安博屿,美金户,企业户,93.62,,,93.62,93.62,,0.0
2025-09-17,NG,FKZ,636288259127278,新乡市宜科,美金户,企业户,19.29,,,19.29,19.29,,0.0
2025-09-17,IN,HY,1106733488068476,Eastar 4 - Ada - 34,美金户,GT&SHEN 欧洲户８＋１ 港60+5+1,23093.44,20894.1,,2199.34,2397.2806,,197.9406
2025-09-17,IN,HY,1743839802887608,Account Gabriel 71 UTC 00:00 IN USE,额度户,凤凰&洛阳,1179.57,1000.0,,179.57,202.9141,,23.3441
2025-09-17,IN,HY,1174334650582178,HOORAY 47_NLM,授信额度户,深圳芳林子,1000.04,,,1000.04,1151.446056,,151.406056
2025-09-17,IN,HW,738828212333384,NHHMAX+7-llinda-10,美金户,GT&SHEN 欧洲户８＋１ 港60+5+1,11981.74,9299.0,,2682.74,2870.5318,,187.7918
2025-09-17,IN,HW,758934260217835,BONS-A7108-B0000(+7)-1366,美金户,路人互动-海总（30-9）山,6449.18,4731.91,,1717.27,1871.8243,,154.5543
2025-09-17,IN,HW,1397183488012900,BONS-A7515-B0000(+7)-1388,美金户,路人互动-海总（30-9）山,805.42,601.28,,204.14,222.5126,,18.3726
2025-09-17,IN,HW,769463219064902,TD-TIDE-yunf-39(+8),绑卡美金户,凤凰&洛阳,1000.0,,,1000.0,1130.0,,130.0
2025-09-18,IN,SG,1118079943590838,BONS-A6735-B0000(+7)-1360,美金户,路人互动-海总（30-9）山,363.39,198.75,,164.64,179.4576,,14.8176
2025-09-18,IN,XH,1358779739001459,Books-ZK-5-QQB-195,直客户,海总&志诚三不限,3278.41,2656.63,,621.78,665.3046,,43.5246
2025-09-18,IN,XH,1577738763585369,Books-ZK+7-QQB-390,直客户,海总&志诚三不限,364.91,69.32,,295.59,316.2813,,20.6913
2025-09-18,IN,MY,1412307579460468,BA VORNIX 9,印尼企业户,印度户印尼企业户,98656.79575,98143.09713,,513.698625,554.794515,,41.09589
2025-09-18,IN,MY,1287267872361352,GRE-US-P7-CL-54,企业额度户,海总&志诚三不限,2000.0,125.69,,1874.31,2155.4565,,281.1465
2025-09-18,IN,MY,1298372668399994,BONS-A9454-B0000(+3)-1517,美金户,路人互动-海总（30-9）山,293.41,23.35,,270.06,294.3654,,24.3054
2025-09-18,IN,MY,1490839992363309,NHHMAX+7-JVCG-70,美金户,GT&SHEN 欧洲户８＋１ 港60+5+1,63.72,9.97,,53.75,58.5875,,4.8375
2025-09-18,IN,LM,1218687010304721,Eastar 4 - Ada - 72,美金户,GT&SHEN 欧洲户８＋１ 港60+5+1,1028.14,770.06,,258.08,281.3072,,23.2272
2025-09-18,IN,LD,1537471214263511,Eastar 4 - Ada - 302,美金户,GT&SHEN 欧洲户８＋１ 港60+5+1,748.23,415.87,,332.36,362.2724,,29.9124
2025-09-18,IN,HY,1106733488068476,Eastar 4 - Ada - 34,美金户,GT&SHEN 欧洲户８＋１ 港60+5+1,23963.42,23093.44,,869.98,948.2782,,78.2982
2025-09-18,IN,HY,1174334650582178,HOORAY 47_NLM,授信额度户,深圳芳林子,2995.23,1000.04,,1995.19,2297.261766,,302.071766
2025-09-18,IN,JK,24524658753842868,Eastar 4 - Ada - 301,美金户,GT&SHEN 欧洲户８＋１ 港60+5+1,3698.05,2091.68,,1606.37,1750.9433,,144.5733
2025-09-18,IN,JK,936002028210213,BA GLADIUS 4,印尼企业户,印度户印尼企业户,18603.95,18587.54,,16.41,17.8869,,1.4769
2025-09-18,IN,FD,1296499035350127,Eastar 4 - Ada - 300,美金户,GT&SHEN 欧洲户８＋１ 港60+5+1,7436.25,5982.21,,1454.04,1584.9036,,130.8636
2025-09-18,IN,FD,1885863742261931,NHHMAX-7-JVCG-33,美金户,GT&SHEN 欧洲户８＋１ 港60+5+1,305.13,88.56,,216.57,236.0613,,19.4913
2025-09-18,IN,YJ,1818502075439838,Books-ZK-5-QQB-196,直客户,海总&志诚三不限,1588.76,1038.08,,550.68,589.2276,,38.5476
2025-09-18,IN,YJ,1875281213050671,Books-ZK+7-QQB-347,直客户,海总&志诚三不限,1121.18,1092.8,,28.38,30.3666,,1.9866
2025-09-18,IN,YJ,1843721686521524,TD-TIDE-yunf-38(+8),绑卡美金户,凤凰&洛阳,185.36,,,185.36,209.4568,,24.0968
2025-09-18,IN,YJ,1666968493966995,Eastar 4 - Ada - 309,美金户,GT&SHEN 欧洲户８＋１ 港60+5+1,405.13,208.3,,196.83,214.5447,,17.7147
2025-09-18,MY,YK,24294763353514934,NHHXL-MIG-Goldp-Niubi-+7-104,美金户,印度企业户 欧洲美金户,808.56,335.42,,473.14,534.6482,,61.5082
2025-09-18,MY,YK,1299335941978076,HT-Jaimee-GT-0916-papa-MF-LL+8-1,二不限,GT&papa 二不限 2０开户费 ３%u1,96.12,75.48,,20.64,21.4656,,0.8256
2025-09-18,MY,YK,1092350359535884,HT-Jaimee-GT-0916-papa-MF-LL+8-2,二不限,GT&papa 二不限 2０开户费 ３%u1,95.3,50.05,,45.25,47.06,,1.81
2025-09-18,MY,YK,1263505061885064,HT-Jaimee-GT-0916-papa-MF-LL+8-3,二不限,GT&papa 二不限 2０开户费 ３%u1,100.01,84.8,,15.21,15.8184,,0.6084
2025-09-18,MY,YK,1096939185874488,Eastar 4 - Ada - 666,美金户,GT&SHEN 欧洲户８＋１ 港60+5+1,189.23,34.01,,155.22,169.1898,,13.9698
2025-09-18,MY,YK,1948239022633943,NHHMAX+7-JVCG-73,美金户,GT&SHEN 欧洲户８＋１ 港60+5+1,97.57,,,97.57,106.3513,,8.7813
2025-09-18,NG,FKZ,4288789838054504,泰安博屿,美金户,企业户,133.24,93.62,,39.62,39.62,,0.0
2025-09-18,IN,HW,738828212333384,NHHMAX+7-llinda-10,美金户,GT&SHEN 欧洲户８＋１ 港60+5+1,13862.2,11981.74,,1880.46,2012.0922,,131.6322
2025-09-18,IN,HW,758934260217835,BONS-A7108-B0000(+7)-1366,美金户,路人互动-海总（30-9）山,7909.07,6449.18,,1459.89,1591.2801,,131.3901
2025-09-18,IN,HW,1397183488012900,BONS-A7515-B0000(+7)-1388,美金户,路人互动-海总（30-9）山,1512.36,805.42,,706.94,770.5646,,63.6246
2025-09-18,IN,HW,769463219064902,TD-TIDE-yunf-39(+8),绑卡美金户,凤凰&洛阳,3533.89,1000.0,,2533.89,2863.2957,,329.4057
2025-09-18,IN,HW,805836505237731,Books-ZK+8-QQB-400,直客户,海总&志诚三不限,19.86,,,19.86,21.2502,,1.3902
2025-09-19,IN,MY,1412307579460468,BA VORNIX 9,印尼企业户,印度户印尼企业户,99099.02738,98656.79575,,442.231625,477.610155,,35.37853
2025-09-19,IN,MY,1287267872361352,GRE-US-P7-CL-54,企业额度户,海总&志诚三不限,2826.69,2000.0,,826.69,950.6935,,124.0035
2025-09-19,IN,MY,1298372668399994,BONS-A9454-B0000(+3)-1517,美金户,路人互动-海总（30-9）山,396.06,293.41,,102.65,111.8885,,9.2385
2025-09-19,IN,MY,1490839992363309,NHHMAX+7-JVCG-70,美金户,GT&SHEN 欧洲户８＋１ 港60+5+1,196.43,63.72,,132.71,144.6539,,11.9439
2025-09-19,IN,LM,1218687010304721,Eastar 4 - Ada - 72,美金户,GT&SHEN 欧洲户８＋１ 港60+5+1,1180.96,1028.14,,152.82,166.5738,,13.7538
2025-09-19,IN,HY,1106733488068476,Eastar 4 - Ada - 34,美金户,GT&SHEN 欧洲户８＋１ 港60+5+1,26353.46,23963.42,,2390.04,2605.1436,,215.1036
2025-09-19,IN,HY,1174334650582178,HOORAY 47_NLM,授信额度户,深圳芳林子,5990.42,2995.23,,2995.19,3448.661766,,453.471766
2025-09-19,IN,JK,24524658753842868,Eastar 4 - Ada - 301,美金户,GT&SHEN 欧洲户８＋１ 港60+5+1,3884.62,3698.05,,186.57,203.3613,,16.7913
2025-09-19,IN,JK,936002028210213,BA GLADIUS 4,印尼企业户,印度户印尼企业户,18667.9,18603.95,,63.95,69.7055,,5.7555
2025-09-19,IN,XH,1358779739001459,Books-ZK-5-QQB-195,直客户,海总&志诚三不限,3957.15,3278.41,,678.74,726.2518,,47.5118
2025-09-19,IN,XH,1577738763585369,Books-ZK+7-QQB-390,直客户,海总&志诚三不限,843.07,364.91,,478.16,511.6312,,33.4712
2025-09-19,IN,LD,1537471214263511,Eastar 4 - Ada - 302,美金户,GT&SHEN 欧洲户８＋１ 港60+5+1,926.65,748.23,,178.42,194.4778,,16.0578
2025-09-19,IN,FD,1296499035350127,Eastar 4 - Ada - 300,美金户,GT&SHEN 欧洲户８＋１ 港60+5+1,8486.42,7436.25,,1050.17,1144.6853,,94.5153
2025-09-19,IN,FD,1885863742261931,NHHMAX-7-JVCG-33,美金户,GT&SHEN 欧洲户８＋１ 港60+5+1,559.53,305.13,,254.4,277.296,,22.896
2025-09-19,IN,YJ,1818502075439838,Books-ZK-5-QQB-196,直客户,海总&志诚三不限,1872.45,1588.76,,283.69,303.5483,,19.8583
2025-09-19,IN,YJ,1875281213050671,Books-ZK+7-QQB-347,直客户,海总&志诚三不限,2499.14,1121.18,,1377.96,1474.4172,,96.4572
2025-09-19,IN,HW,738828212333384,NHHMAX+7-llinda-10,美金户,GT&SHEN 欧洲户８＋１ 港60+5+1,16015.76,13862.2,,2153.56,2304.3092,,150.7492
2025-09-19,IN,HW,758934260217835,BONS-A7108-B0000(+7)-1366,美金户,路人互动-海总（30-9）山,8465.87,7909.07,,556.8,606.912,,50.112
2025-09-19,IN,HW,1397183488012900,BONS-A7515-B0000(+7)-1388,美金户,路人互动-海总（30-9）山,1847.56,1512.36,,335.2,365.368,,30.168
2025-09-19,IN,HW,769463219064902,TD-TIDE-yunf-39(+8),绑卡美金户,凤凰&洛阳,6386.42,3533.89,,2852.53,3223.3589,,370.8289
2025-09-20,IN,MY,1412307579460468,BA VORNIX 9,印尼企业户,印度户印尼企业户,100903.2474,99099.02738,,1804.22,1948.5576,,144.3376
2025-09-20,IN,MY,1287267872361352,GRE-US-P7-CL-54,企业额度户,海总&志诚三不限,8000.0,2826.69,,5173.31,5949.3065,,775.9965
2025-09-20,IN,XH,1358779739001459,Books-ZK-5-QQB-195,直客户,海总&志诚三不限,4523.95,3957.15,,566.8,606.476,,39.676
2025-09-20,IN,FD,1296499035350127,Eastar 4 - Ada - 300,美金户,GT&SHEN 欧洲户８＋１ 港60+5+1,8601.03,8486.42,,114.61,124.9249,,10.3149
2025-09-20,IN,HW,738828212333384,NHHMAX+7-llinda-10,美金户,GT&SHEN 欧洲户８＋１ 港60+5+1,17329.18,16015.76,,1313.42,1405.3594,,91.9394
2025-09-20,IN,HW,758934260217835,BONS-A7108-B0000(+7)-1366,美金户,路人互动-海总（30-9）山,8489.44,8465.87,,23.57,25.6913,,2.1213
2025-09-20,IN,HW,1397183488012900,BONS-A7515-B0000(+7)-1388,美金户,路人互动-海总（30-9）山,2147.04,1847.56,,299.48,326.4332,,26.9532
2025-09-20,IN,HW,769463219064902,TD-TIDE-yunf-39(+8),绑卡美金户,凤凰&洛阳,6421.7,6386.42,,35.28,39.8664,,4.5864
2025-09-21,IN,JK,936002028210213,BA GLADIUS 4,印尼企业户,印度户印尼企业户,18788.36,18667.9,,120.46,131.3014,,10.8414
2025-09-21,IN,MY,1412307579460468,BA VORNIX 9,印尼企业户,印度户印尼企业户,101466.9627,100903.2474,,563.7153125,608.8125375,,45.097225
2025-09-22,IN,HW,1159503902059269,BA VORNIX 2,印尼企业户,印度户印尼企业户,nan,26721.4435,,,,,
2025-09-22,IN,MY,1412307579460468,BA VORNIX 9,印尼企业户,印度户印尼企业户,104803.1399,101466.9627,,3336.17725,3603.07143,,266.89418
2025-09-22,IN,JK,936002028210213,BA GLADIUS 4,印尼企业户,印度户印尼企业户,18829.27,18788.36,,40.91,44.5919,,3.6819
2025-09-22,IN,HW,1159503902059269,BA VORNIX 2,印尼企业户,印度户印尼企业户,27090.186,26721.4435,,368.7425,398.2419,,29.4994
2025-09-23,MY,YK,1152648186880283,SON-A0077-B0000(+7)-724,越南户,路人互动-海总（30-9）山,nan,100.76216,,,,,
2025-09-23,IN,MY,1412307579460468,BA VORNIX 9,印尼企业户,印度户印尼企业户,109779.2712,104803.1399,,4976.13125,5374.22175,,398.0905
2025-09-23,IN,FD,936002028210213,BA GLADIUS 4,印尼企业户,印度户印尼企业户,10.4,,,10.4,11.336,,0.936
2025-09-23,IN,LD,835037809200196,GT-JG-3-V05－17,美金户,GT&SHEN 欧洲户８＋１ 港60+5+1,13.95,,,13.95,15.2055,,1.2555
2025-09-23,IN,JK,936002028210213,BA GLADIUS 4,印尼企业户,印度户印尼企业户,19091.33,18829.27,,262.06,285.6454,,23.5854
2025-09-23,MY,YK,1011266497235186,BRG-USD-010G03-080802-(GMT+6）,美金户,启航,7.11,,,7.11,7.971818182,,0.8618181818
2025-09-23,MY,YK,1499195227742573,GT-JG-3-V05－14,美金户,GT&SHEN 欧洲户８＋１ 港60+5+1,126.88,,,126.88,138.2992,,11.4192
2025-09-23,IN,HW,1159503902059269,BA VORNIX 2,印尼企业户,印度户印尼企业户,27348.88481,27090.186,,258.6988125,279.3947175,,20.695905
2025-09-23,IN,HW,684695953944306,GT-JG-3-V05－15,美金户,GT&SHEN 欧洲户８＋１ 港60+5+1,75.37,,,75.37,82.1533,,6.7833
2025-09-24,MY,JK,1081450674056767,GT-JG-3-V05－16,美金户,GT&SHEN 欧洲户８＋１ 港60+5+1,12.07,,,12.07,13.1563,,1.0863
2025-09-24,MY,JK,936002028210213,BA GLADIUS 4,印尼企业户,印度户印尼企业户,19120.28,19091.33,,28.95,31.5555,,2.6055
2025-09-24,MY,YJ,2201630496651225,9/23-YJ-250USD-02,账单户,账单户对接-啊噗,11.7,,,11.7,11.7,,0.0
2025-09-24,MY,LM,1158686706314805,Eastar 4 - ADA - 838,美金户,GT&SHEN 欧洲户８＋１ 港60+5+1,15.16,,,15.16,16.5244,,1.3644
2025-09-24,IN,MY,1412307579460468,BA VORNIX 9,印尼企业户,印度户印尼企业户,111929.1322,109779.2712,,2149.861,2321.84988,,171.98888
2025-09-24,MY,YJ,272476601690556,9/23-YJ-250USD-01,账单户,账单户对接-啊噗,41.32,,,41.32,41.32,,0.0
2025-09-24,MY,FKZ,2286642445120373,泰安博屿   act_,美金户,企业户,3.52,,,3.52,3.52,,0.0
2025-09-25,MY,YK,1426168768303849,AX-092301,金融三不限,华飞-Alex（三不限）8+千分6,nan,5.5872,,,,,
2025-09-25,MY,YK,1499195227742573,GT-JG-3-V05－14,美金户,GT&SHEN 欧洲户８＋１ 港60+5+1,174.27,126.88,,47.39,51.6551,,4.2651
2025-09-25,MY,YK,641206098731788,GT-JG+7-V05－53,美金户,GT&SHEN 欧洲户８＋１ 港60+5+1,5.67,,,5.67,6.1803,,0.5103
2025-09-25,MY,YK,824367003292688,KMQJ-TH-liangyu-2,二不限,二不限企业户服务费2%+0.5%,335.18,,,335.18,343.5595,,8.3795
2025-09-25,MY,YK,691698399893864,RichardHale-1,二不限,深圳芳林子,4.66,,,4.66,4.94193,,0.28193
2025-09-25,MY,YK,1330535365433036,RichardHale-2,二不限,深圳芳林子,1.58,,,1.58,1.67559,,0.09559
2025-09-25,MY,YK,1514219633251667,RichardHale-3,二不限,深圳芳林子,7.48,,,7.48,7.93254,,0.45254
2025-09-25,MY,LM,1158686706314805,Eastar 4 - ADA - 838,美金户,GT&SHEN 欧洲户８＋１ 港60+5+1,50.16,15.16,,35.0,38.15,,3.15
2025-09-25,MY,XH,1173983927948349,Eastar 4 - ADA - 837,美金户,GT&SHEN 欧洲户８＋１ 港60+5+1,122.96,,,122.96,134.0264,,11.0664
2025-09-25,MY,LD,835037809200196,GT-JG-3-V05－17,美金户,GT&SHEN 欧洲户８＋１ 港60+5+1,47.89,13.95,,33.94,36.9946,,3.0546
2025-09-25,MY,JK,936002028210213,BA GLADIUS 4,印尼企业户,印度户印尼企业户,19157.1,19120.28,,36.82,40.1338,,3.3138
2025-09-25,MY,FD,761002313585928,Wendynew-1,二不限,深圳芳林子,nan,30.53,,,,,
2025-09-25,MY,FD,1341787657382735,Wendynew-2,二不限,深圳芳林子,nan,91.17,,,,,
2025-09-25,MY,FD,761002313585928,Wendynew-1,二不限,深圳芳林子,47.32,30.53,,16.79,17.805795,,1.015795
2025-09-25,MY,FD,1341787657382735,Wendynew-2,二不限,深圳芳林子,107.01,91.17,,15.84,16.79832,,0.95832
2025-09-25,MY,FD,3984992024977491,Wendynew-3,二不限,深圳芳林子,2.66,,,2.66,2.82093,,0.16093
2025-09-25,MY,YK,927237052408805,MATE 4 - VIP - F40,美金户,GT&SHEN 欧洲户８＋１ 港60+5+1,nan,974.46,,,,,
2025-09-26,IN,MY,1412307579460468,BA VORNIX 9,印尼企业户,印度户印尼企业户,114903.2474,111929.1322,,2974.115188,3212.044403,,237.929215
2025-09-26,IN,LM,1158686706314805,Eastar 4 - ADA - 838,美金户,GT&SHEN 欧洲户８＋１ 港60+5+1,237.27,50.16,,187.11,203.9499,,16.8399
2025-09-26,IN,JK,1081450674056767,GT-JG-3-V05－16,美金户,GT&SHEN 欧洲户８＋１ 港60+5+1,163.14,12.07,,151.07,164.6663,,13.5963
2025-09-26,IN,JK,936002028210213,BA GLADIUS 4,印尼企业户,印度户印尼企业户,19509.22,19157.1,,352.12,383.8108,,31.6908
2025-09-26,MY,LD,835037809200196,GT-JG-3-V05－17,美金户,GT&SHEN 欧洲户８＋１ 港60+5+1,62.39,47.89,,14.5,15.805,,1.305
2025-09-26,MY,XH,1173983927948349,Eastar 4 - ADA - 837,美金户,GT&SHEN 欧洲户８＋１ 港60+5+1,492.58,122.96,,369.62,402.8858,,33.2658
2025-09-26,MY,YK,1499195227742573,GT-JG-3-V05－14,美金户,GT&SHEN 欧洲户８＋１ 港60+5+1,214.59,174.27,,40.32,43.9488,,3.6288
2025-09-26,IN,LD,835037809200196,GT-JG-3-V05－17,美金户,GT&SHEN 欧洲户８＋１ 港60+5+1,439.51,13.95,,425.56,463.8604,,38.3004
2025-09-26,IN,YJ,2047677178974880,SK-USD4801-GMT-8-JJ-JXHD-0467,美金户,Y-5208 FB欧/美户,136.9,,,136.9,154.697,,17.797
2025-09-26,MY,YJ,1436709740976181,BON-XANY-VND-0924-24,越南户,海总-黑泽-欧洲户对接,27.2498,,,27.2498,29.72408184,,2.47428184
2025-09-26,IN,HW,1159503902059269,BA VORNIX 2,印尼企业户,印度户印尼企业户,27721.4435,27348.88481,,372.5586875,402.3633825,,29.804695
2025-09-28,IN,MY,1412307579460468,BA VORNIX 9,印尼企业户,印度户印尼企业户,121279.2782,114903.2474,,6376.030812,6886.113277,,510.082465
2025-09-28,IN,HW,1159503902059269,BA VORNIX 2,印尼企业户,印度户印尼企业户,29487.00463,27721.4435,,1765.561125,1906.806015,,141.24489
2025-09-29,MY,FKZ,948328850834303,MATE 4 - VIP - F42,美金户,GT&SHEN 欧洲户８＋１ 港60+5+1,10.0,,,10.0,10.9,,0.9
2025-09-29,IN,HY,1412307579460468,BA VORNIX 9,印尼企业户,印度户印尼企业户,52.2095625,,,52.2095625,56.3863275,,4.176765
2025-09-29,IN,LD,1548490926312059,ST-QH-FSB-12,美金户,D-美国户FB对接群,22.59,,,22.59,24.641172,,2.051172
2025-09-29,IN,LM,936002028210213,BA GLADIUS 4,印尼企业户,印度户印尼企业户,67.14,,,67.14,73.1826,,6.0426
2025-09-29,IN,MY,1412307579460468,BA VORNIX 9,印尼企业户,印度户印尼企业户,126442.3917,121279.2782,,5163.1135,5576.16258,,413.04908
2025-09-29,IN,JK,936002028210213,BA GLADIUS 4,印尼企业户,印度户印尼企业户,21640.95,19509.22,,2131.73,2323.5857,,191.8557
2025-09-29,IN,FD,936002028210213,BA GLADIUS 4,印尼企业户,印度户印尼企业户,172.36,10.4,,161.96,176.5364,,14.5764
2025-09-29,IN,FD,1234449808227198,MATE 4 - VIP - F114,美金户,GT&SHEN 欧洲户８＋１ 港60+5+1,0.44,,,0.44,0.4796,,0.0396
2025-09-29,IN,YJ,936002028210213,BA GLADIUS 4,印尼企业户,印度户印尼企业户,620.8,,,620.8,676.672,,55.872
2025-09-29,MY,XH,1173983927948349,Eastar 4 - ADA - 837,美金户,GT&SHEN 欧洲户８＋１ 港60+5+1,535.18,492.58,,42.6,46.434,,3.834
2025-09-29,MY,YK,2064602877403500,KMQJ-TH-jitu-2,二不限,二不限企业户服务费2%+0.5%,2.82,,,2.82,2.8905,,0.0705
2025-09-29,MY,YK,1457126992043188,KMQJ-TH-jitu-3,二不限,二不限企业户服务费2%+0.5%,100.36,,,100.36,102.869,,2.509
2025-09-29,MY,YK,1499195227742573,GT-JG-3-V05－14,美金户,GT&SHEN 欧洲户８＋１ 港60+5+1,239.07,214.59,,24.48,26.6832,,2.2032
2025-09-29,MY,YK,927237052408805,MATE 4 - VIP - F40,美金户,GT&SHEN 欧洲户８＋１ 港60+5+1,9.5,,,9.5,10.355,,0.855
2025-09-30,MY,FKZ,761002313585928,Wendynew-1,二不限,深圳芳林子,nan,47.33,,,,,
2025-09-30,MY,FKZ,1341787657382735,Wendynew-2,二不限,深圳芳林子,nan,107.02,,,,,
2025-09-30,MY,FKZ,3984992024977491,Wendynew-3,二不限,深圳芳林子,nan,2.69,,,,,
2025-09-29,IN,HW,1159503902059269,BA VORNIX 2,印尼企业户,印度户印尼企业户,33301.8925,29487.00463,,3814.887875,4120.078905,,305.19103
2025-09-30,MY,YK,1457126992043188,KMQJ-TH-jitu-3,二不限,二不限企业户服务费2%+0.5%,245.48,100.36,,145.12,148.748,,3.628
2025-09-30,IN,JK,936002028210213,BA GLADIUS 4,印尼企业户,印度户印尼企业户,24295.42,21640.95,,2654.47,2893.3723,,238.9023
2025-09-30,IN,YJ,936002028210213,BA GLADIUS 4,印尼企业户,印度户印尼企业户,3131.26,620.8,,2510.46,2736.4014,,225.9414
2025-09-30,IN,FD,936002028210213,BA GLADIUS 4,印尼企业户,印度户印尼企业户,1355.7,172.36,,1183.34,1289.8406,,106.5006
2025-09-30,IN,FD,1234449808227198,MATE 4 - VIP - F114,美金户,GT&SHEN 欧洲户８＋１ 港60+5+1,0.88,0.44,,0.44,0.4796,,0.0396
2025-09-30,IN,LM,936002028210213,BA GLADIUS 4,印尼企业户,印度户印尼企业户,114.76,67.14,,47.62,51.9058,,4.2858
2025-09-30,IN,LD,936002028210213,BA GLADIUS 4,印尼企业户,印度户印尼企业户,85.77,,,85.77,93.4893,,7.7193
2025-09-30,MY,YK,772139339292392,Tai-01,二不限,十月二不限——（泰华）,2.5,,,2.5,2.55,,0.05
2025-09-30,MY,YK,1096594836020741,Tai-02,二不限,十月二不限——（泰华）,1.79,,,1.79,1.8258,,0.0358
2025-09-30,MY,FKZ,1341787657382735,Wendynew-2,二不限,深圳芳林子,133.97,107.02,,26.95,28.580475,,1.630475
2025-09-30,IN,HY,1412307579460468,BA VORNIX 9,印尼企业户,印度户印尼企业户,2944.187125,52.2095625,,2891.977563,3123.335768,,231.358205
2025-09-30,IN,MY,1412307579460468,BA VORNIX 9,印尼企业户,印度户印尼企业户,132802.6148,126442.3917,,6360.223125,6869.040975,,508.81785
2025-09-30,IN,HY,1412307579460468,BA VORNIX 9,印尼企业户,印度户印尼企业户,134134.3738,132802.6148,,1331.759,1438.29972,,106.54072
2025-10-01,IN,HY,1412307579460468,BA VORNIX 9,印尼企业户,印度户印尼企业户,5453.585,2944.187125,,2509.397875,2710.149705,,200.75183
2025-10-01,IN,MY,1412307579460468,BA VORNIX 9,印尼企业户,印度户印尼企业户,132802.6148,132802.6148,,0.0,0.0,,0.0
2025-10-01,IN,HW,1159503902059269,BA VORNIX 2,印尼企业户,印度户印尼企业户,35598.19006,33301.8925,,2296.297563,2480.001368,,183.703805
2025-10-01,IN,JK,936002028210213,BA GLADIUS 4,印尼企业户,印度户印尼企业户,25279.54,24295.42,,984.12,1072.6908,,88.5708
2025-10-01,IN,YJ,936002028210213,BA GLADIUS 4,印尼企业户,印度户印尼企业户,3467.56,3131.26,,336.3,366.567,,30.267
2025-10-01,IN,FD,936002028210213,BA GLADIUS 4,印尼企业户,印度户印尼企业户,1478.26,1355.7,,122.56,133.5904,,11.0304
2025-10-01,IN,XH,2260184294431435,FDIL-XM-0926(+8)-3-mass,美金户,三不限美国户-8%,36.18,,,36.18,39.0744,,2.8944
2025-10-01,IN,YJ,1117734213660451,Books-ZK+8-QQB-533,美金户,海总&志诚三不限,6.53,,,6.53,6.9871,,0.4571
2025-10-02,IN,HW,1159503902059269,BA VORNIX 2,印尼企业户,印度户印尼企业户,37395.20988,35598.19006,,1797.019813,1940.781398,,143.761585
2025-10-02,IN,JK,936002028210213,BA GLADIUS 4,印尼企业户,印度户印尼企业户,26594.13,25279.54,,1314.59,1432.9031,,118.3131
2025-10-02,IN,FD,936002028210213,BA GLADIUS 4,印尼企业户,印度户印尼企业户,2548.09,1478.26,,1069.83,1166.1147,,96.2847
2025-10-02,IN,XH,2260184294431435,FDIL-XM-0926(+8)-3-mass,美金户,三不限美国户-8%,117.36,36.18,,81.18,87.6744,,6.4944
2025-10-02,IN,LM,936002028210213,BA GLADIUS 4,印尼企业户,印度户印尼企业户,123.9,114.76,,9.14,9.9626,,0.8226
2025-10-02,IN,HY,1412307579460468,BA VORNIX 9,印尼企业户,印度户印尼企业户,7829.909188,5453.585,,2376.324188,2566.430123,,190.105935
2025-10-03,IN,HY,1412307579460468,BA VORNIX 9,印尼企业户,印度户印尼企业户,9061.320688,7829.909188,,1231.4115,1329.92442,,98.51292
2025-10-03,IN,JK,936002028210213,BA GLADIUS 4,印尼企业户,印度户印尼企业户,27003.42,26594.13,,409.29,446.1261,,36.8361
2025-10-03,IN,FD,936002028210213,BA GLADIUS 4,印尼企业户,印度户印尼企业户,2707.51,2548.09,,159.42,173.7678,,14.3478
2025-10-03,IN,LM,936002028210213,BA GLADIUS 4,印尼企业户,印度户印尼企业户,150.72,123.9,,26.82,29.2338,,2.4138
2025-10-03,IN,HW,1159503902059269,BA VORNIX 2,印尼企业户,印度户印尼企业户,37721.4435,37395.20988,,326.233625,352.332315,,26.09869
2025-10-03,IN,XH,2260184294431435,FDIL-XM-0926(+8)-3-mass,美金户,三不限美国户-8%,132.66,117.36,,15.3,16.524,,1.224
2025-10-03,IN,YJ,936002028210213,BA GLADIUS 4,印尼企业户,印度户印尼企业户,5062.38,3467.56,,1594.82,1738.3538,,143.5338
2025-10-04,IN,HY,1412307579460468,BA VORNIX 9,印尼企业户,印度户印尼企业户,13139.07675,9061.320688,,4077.756063,4403.976548,,326.220485
2025-10-04,IN,JK,936002028210213,BA GLADIUS 4,印尼企业户,印度户印尼企业户,27756.67,27003.42,,753.25,821.0425,,67.7925
2025-10-04,IN,FD,936002028210213,BA GLADIUS 4,印尼企业户,印度户印尼企业户,2815.76,2707.51,,108.25,117.9925,,9.7425
2025-10-04,IN,LM,936002028210213,BA GLADIUS 4,印尼企业户,印度户印尼企业户,287.1,150.72,,136.38,148.6542,,12.2742
2025-10-04,IN,HW,1159503902059269,BA VORNIX 2,印尼企业户,印度户印尼企业户,38428.43438,37721.4435,,706.990875,763.550145,,56.55927
2025-10-04,IN,YJ,936002028210213,BA GLADIUS 4,印尼企业户,印度户印尼企业户,5129.05,5062.38,,66.67,72.6703,,6.0003
2025-10-04,IN,LD,936002028210213,BA GLADIUS 4,印尼企业户,印度户印尼企业户,195.35,85.77,,109.58,119.4422,,9.8622
2025-10-05,IN,HY,1412307579460468,BA VORNIX 9,印尼企业户,印度户印尼企业户,18753.16144,13139.07675,,5614.084688,6063.211463,,449.126775
2025-10-05,IN,JK,936002028210213,BA GLADIUS 4,印尼企业户,印度户印尼企业户,29472.77,27756.67,,1716.1,1870.549,,154.449
2025-10-05,IN,FD,936002028210213,BA GLADIUS 4,印尼企业户,印度户印尼企业户,3192.61,2815.76,,376.85,410.7665,,33.9165
2025-10-05,IN,LM,936002028210213,BA GLADIUS 4,印尼企业户,印度户印尼企业户,401.61,287.1,,114.51,124.8159,,10.3059
2025-10-05,IN,YJ,936002028210213,BA GLADIUS 4,印尼企业户,印度户印尼企业户,7496.58,5129.05,,2367.53,2580.6077,,213.0777
2025-10-05,IN,LD,936002028210213,BA GLADIUS 4,印尼企业户,印度户印尼企业户,283.83,195.35,,88.48,96.4432,,7.9632
2025-10-06,IN,HY,1412307579460468,BA VORNIX 9,印尼企业户,印度户印尼企业户,23992.66769,18753.16144,,5239.50625,5658.66675,,419.1605
2025-10-06,IN,JK,936002028210213,BA GLADIUS 4,印尼企业户,印度户印尼企业户,31302.38,29472.77,,1829.61,1994.2749,,164.6649
2025-10-06,IN,FD,936002028210213,BA GLADIUS 4,印尼企业户,印度户印尼企业户,3938.37,3192.61,,745.76,812.8784,,67.1184
2025-10-06,IN,LM,936002028210213,BA GLADIUS 4,印尼企业户,印度户印尼企业户,475.34,401.61,,73.73,80.3657,,6.6357
2025-10-06,IN,YJ,936002028210213,BA GLADIUS 4,印尼企业户,印度户印尼企业户,10312.88,7496.58,,2816.3,3069.767,,253.467
2025-10-06,IN,HW,1159503902059269,BA VORNIX 2,印尼企业户,印度户印尼企业户,39734.905,38428.43438,,1306.470625,1410.988275,,104.51765
2025-10-06,IN,YJ,2485955405111648,CapitalV-17,美金户,凤凰&洛阳,65.6,,,65.6,72.816,,7.216
2025-10-07,IN,HY,1412307579460468,BA VORNIX 9,印尼企业户,印度户印尼企业户,30076.60731,23992.66769,,6083.939625,6570.654795,,486.71517
2025-10-07,IN,JK,936002028210213,BA GLADIUS 4,印尼企业户,印度户印尼企业户,31914.43,31302.38,,612.05,667.1345,,55.0845
2025-10-07,IN,LM,936002028210213,BA GLADIUS 4,印尼企业户,印度户印尼企业户,750.08,475.34,,274.74,299.4666,,24.7266
2025-10-07,IN,LD,936002028210213,BA GLADIUS 4,印尼企业户,印度户印尼企业户,318.12,283.83,,34.29,37.3761,,3.0861
2025-10-07,IN,HW,1159503902059269,BA VORNIX 2,印尼企业户,印度户印尼企业户,41390.41081,39734.905,,1655.505813,1787.946278,,132.440465
2025-10-08,IN,HY,1412307579460468,BA VORNIX 9,印尼企业户,印度户印尼企业户,35255.81238,30076.60731,,5179.205063,5593.541468,,414.336405
2025-10-08,IN,LD,936002028210213,BA GLADIUS 4,印尼企业户,印度户印尼企业户,356.34,318.12,,38.22,41.6598,,3.4398
2025-10-08,IN,JK,936002028210213,BA GLADIUS 4,印尼企业户,印度户印尼企业户,32263.18,31914.43,,348.75,380.1375,,31.3875
2025-10-08,IN,LM,936002028210213,BA GLADIUS 4,印尼企业户,印度户印尼企业户,1022.97,750.08,,272.89,297.4501,,24.5601
2025-10-08,IN,FD,936002028210213,BA GLADIUS 4,印尼企业户,印度户印尼企业户,4473.56,3938.37,,535.19,583.3571,,48.1671
2025-10-09,IN,XH,1263154051412382,LH-FLZ-XIN- SHEN-0930-1,美金户,深圳芳林子,nan,8.74,,,,,
2025-10-08,IN,HW,1159503902059269,BA VORNIX 2,印尼企业户,印度户印尼企业户,43024.39194,41390.41081,,1633.981125,1764.699615,,130.71849
2025-10-09,MY,YK,1436709740976181,BON-XANY-VND-0924-24,nan,nan,nan,28.60976,,,,,
2025-10-09,MY,YK,1404743318035389,KMQJ-TH-gubo-4,二不限,二不限企业户服务费2%+0.5%,nan,128.19,,,,,
2025-10-09,MY,YK,1189139186374486,KMQJ-TH-gubo-5,二不限,二不限企业户服务费2%+0.5%,nan,23.12,,,,,
2025-10-09,IN,YJ,936002028210213,BA GLADIUS 4,印尼企业户,印度户印尼企业户,11532.21,10312.88,,1219.33,1329.0697,,109.7397
2025-10-09,IN,YJ,2485955405111648,CapitalV-17,美金户,凤凰&洛阳,469.24,65.6,,403.64,448.0404,,44.4004
2025-10-09,IN,XH,683283681456049,GZSM-TH-fdhgf-5,二不限,二不限企业户服务费2%+0.5%,59.47,,,59.47,60.95675,,1.48675
2025-10-09,IN,HY,1412307579460468,BA VORNIX 9,印尼企业户,印度户印尼企业户,39870.10663,35255.81238,,4614.29425,4983.43779,,369.14354
2025-10-09,IN,FD,936002028210213,BA GLADIUS 4,印尼企业户,印度户印尼企业户,5031.34,4473.56,,557.78,607.9802,,50.2002
2025-10-09,IN,MY,1412307579460468,BA VORNIX 9,印尼企业户,印度户印尼企业户,135738.0694,134134.3738,,1603.695625,1731.991275,,128.29565
2025-10-09,IN,LM,936002028210213,BA GLADIUS 4,印尼企业户,印度户印尼企业户,1298.35,1022.97,,275.38,300.1642,,24.7842
2025-10-09,IN,JK,936002028210213,BA GLADIUS 4,印尼企业户,印度户印尼企业户,33056.64,32263.18,,793.46,864.8714,,71.4114
2025-10-09,IN,LD,936002028210213,BA GLADIUS 4,印尼企业户,印度户印尼企业户,847.21,356.34,,490.87,535.0483,,44.1783
2025-10-09,IN,HW,1159503902059269,BA VORNIX 2,印尼企业户,印度户印尼企业户,44446.94088,43024.39194,,1422.548938,1536.352853,,113.803915
2025-10-10,IN,HY,1412307579460468,BA VORNIX 9,印尼企业户,印度户印尼企业户,42932.33856,39870.10663,,3062.231938,3307.210493,,244.978555
2025-10-10,IN,HY,1303476708234144,CapitalV-14,美金户,凤凰&洛阳,19.52,,,19.52,21.6672,,2.1472
2025-10-10,IN,YJ,936002028210213,BA GLADIUS 4,印尼企业户,印度户印尼企业户,13869.13,11532.21,,2336.92,2547.2428,,210.3228
2025-10-10,IN,YJ,2485955405111648,CapitalV-17,美金户,凤凰&洛阳,798.02,469.24,,328.78,364.9458,,36.1658
2025-10-10,IN,XH,683283681456049,GZSM-TH-fdhgf-5,二不限,二不限企业户服务费2%+0.5%,298.92,59.47,,239.45,245.43625,,5.98625
2025-10-10,IN,XH,1348876219989402,CapitalV-78,美金户,凤凰&洛阳,33.01,,,33.01,36.6411,,3.6311
2025-10-10,IN,LM,936002028210213,BA GLADIUS 4,印尼企业户,印度户印尼企业户,1523.65,1298.35,,225.3,245.577,,20.277
2025-10-10,IN,JK,936002028210213,BA GLADIUS 4,印尼企业户,印度户印尼企业户,33596.7,33056.64,,540.06,588.6654,,48.6054
2025-10-10,IN,LD,936002028210213,BA GLADIUS 4,印尼企业户,印度户印尼企业户,1624.75,847.21,,777.54,847.5186,,69.9786
2025-10-10,IN,FD,936002028210213,BA GLADIUS 4,印尼企业户,印度户印尼企业户,5155.09,5031.34,,123.75,134.8875,,11.1375
2025-10-10,IN,FD,793011120341955,CapitalV-15,美金户,凤凰&洛阳,12.5,,,12.5,13.875,,1.375
2025-10-10,MY,YK,1333923411641790,GZSM-TH-aakhk-4,二不限,二不限企业户服务费2%+0.5%,101.97,,,101.97,104.51925,,2.54925
2025-10-10,MY,YK,2216168615528203,GZSM-TH-aakhk-6,二不限,二不限企业户服务费2%+0.5%,51.19,,,51.19,52.46975,,1.27975
2025-10-10,MY,FKZ,761002313585928,Wendynew-1,二不限,深圳芳林子,47.33,47.33,,0.0,0.0,,0.0
2025-10-10,MY,FKZ,1341787657382735,Wendynew-2,二不限,深圳芳林子,148.15,133.97,,14.18,15.03789,,0.85789
2025-10-10,MY,FKZ,3984992024977491,Wendynew-3,二不限,深圳芳林子,2.69,2.69,,0.0,0.0,,0.0
2025-10-10,IN,HW,1159503902059269,BA VORNIX 2,印尼企业户,印度户印尼企业户,45434.99581,44446.94088,,988.0549375,1067.099333,,79.044395
2025-10-10,IN,MY,1412307579460468,BA VORNIX 9,印尼企业户,印度户印尼企业户,137800.0305,135738.0694,,2061.961062,2226.917947,,164.956885
2025-10-11,IN,HY,1412307579460468,BA VORNIX 9,印尼企业户,印度户印尼企业户,45354.089,42932.33856,,2421.750438,2615.490473,,193.740035
2025-10-11,IN,HY,1303476708234144,CapitalV-14,美金户,凤凰&洛阳,121.57,19.52,,102.05,113.2755,,11.2255
2025-10-11,IN,YJ,936002028210213,BA GLADIUS 4,印尼企业户,印度户印尼企业户,16095.7,13869.13,,2226.57,2426.9613,,200.3913
2025-10-11,IN,YJ,2485955405111648,CapitalV-17,美金户,凤凰&洛阳,1225.19,798.02,,427.17,474.1587,,46.9887
2025-10-11,IN,XH,683283681456049,GZSM-TH-fdhgf-5,二不限,二不限企业户服务费2%+0.5%,449.55,298.92,,150.63,154.39575,,3.76575
2025-10-11,IN,XH,1348876219989402,CapitalV-78,美金户,凤凰&洛阳,155.13,33.01,,122.12,135.5532,,13.4332
2025-10-11,IN,LM,936002028210213,BA GLADIUS 4,印尼企业户,印度户印尼企业户,3247.97,1523.65,,1724.32,1879.5088,,155.1888
2025-10-11,IN,JK,936002028210213,BA GLADIUS 4,印尼企业户,印度户印尼企业户,34051.3,33596.7,,454.6,495.514,,40.914
2025-10-11,IN,LD,936002028210213,BA GLADIUS 4,印尼企业户,印度户印尼企业户,1720.33,1624.75,,95.58,104.1822,,8.6022
2025-10-11,IN,FD,936002028210213,BA GLADIUS 4,印尼企业户,印度户印尼企业户,5234.98,5155.09,,79.89,87.0801,,7.1901
2025-10-11,IN,FD,793011120341955,CapitalV-15,美金户,凤凰&洛阳,17.45,12.5,,4.95,5.4945,,0.5445
2025-10-11,MY,FKZ,761002313585928,Wendynew-1,二不限,深圳芳林子,47.33,47.33,,0.0,0.0,,0.0
2025-10-11,MY,FKZ,1341787657382735,Wendynew-2,二不限,深圳芳林子,154.58,148.15,,6.43,6.819015,,0.389015
2025-10-11,MY,FKZ,3984992024977491,Wendynew-3,二不限,深圳芳林子,2.69,2.69,,0.0,0.0,,0.0
2025-10-11,IN,HW,1159503902059269,BA VORNIX 2,印尼企业户,印度户印尼企业户,46867.82363,45434.99581,,1432.827813,1547.454038,,114.626225
2025-10-11,IN,MY,1412307579460468,BA VORNIX 9,印尼企业户,印度户印尼企业户,137800.0305,137800.0305,,0.0,0.0,,0.0
2025-10-11,MY,YK,1308880263620594,GCRT-TH-fdhgkh-6,二不限,二不限企业户服务费2%+0.5%,18.07,,,18.07,18.52175,,0.45175
2025-10-11,IN,JK,2029509857819090,CapitalV-113,美金户,凤凰&洛阳,41.38,,,41.38,45.9318,,4.5518
2025-10-11,IN,LD,736854286185255,CapitalV-03,美金户,凤凰&洛阳,5.34,,,5.34,5.9274,,0.5874
2025-10-12,IN,XH,1348876219989402,CapitalV-78,美金户,凤凰&洛阳,594.49,155.13,,439.36,487.6896,,48.3296
2025-10-12,IN,YJ,936002028210213,BA GLADIUS 4,印尼企业户,印度户印尼企业户,19810.28,16095.7,,3714.58,4048.8922,,334.3122
2025-10-12,IN,YJ,2485955405111648,CapitalV-17,美金户,凤凰&洛阳,1261.06,1225.19,,35.87,39.8157,,3.9457
2025-10-12,IN,FD,936002028210213,BA GLADIUS 4,印尼企业户,印度户印尼企业户,5324.93,5234.98,,89.95,98.0455,,8.0955
2025-10-12,IN,FD,793011120341955,CapitalV-15,美金户,凤凰&洛阳,52.29,17.45,,34.84,38.6724,,3.8324
2025-10-12,IN,LM,936002028210213,BA GLADIUS 4,印尼企业户,印度户印尼企业户,5027.57,3247.97,,1779.6,1939.764,,160.164
2025-10-12,IN,LM,4246630782261998,FLZ-XIN-SHEN-1009,美金户,深圳芳林子,7.55,,,7.55,8.54056,,0.99056
2025-10-12,IN,JK,936002028210213,BA GLADIUS 4,印尼企业户,印度户印尼企业户,34465.21,34051.3,,413.91,451.1619,,37.2519
2025-10-12,IN,JK,2029509857819090,CapitalV-113,美金户,凤凰&洛阳,396.3,41.38,,354.92,393.9612,,39.0412
2025-10-12,IN,MY,1412307579460468,BA VORNIX 9,印尼企业户,印度户印尼企业户,140810.6481,137800.0305,,3010.617625,3251.467035,,240.84941
2025-10-12,IN,MY,1471775994150134,CapitalV-112,美金户,凤凰&洛阳,897.62,,,897.62,996.3582,,98.7382
2025-10-12,IN,MY,1272760276719053,ZK-1009flz-USD(+8)-2,加白户,深圳芳林子,497.42,,,497.42,547.162,,49.742
2025-10-12,IN,HW,1159503902059269,BA VORNIX 2,印尼企业户,印度户印尼企业户,48405.0925,46867.82363,,1537.268875,1660.250385,,122.98151
2025-10-12,IN,LD,936002028210213,BA GLADIUS 4,印尼企业户,印度户印尼企业户,1812.19,1720.33,,91.86,100.1274,,8.2674
2025-10-12,IN,LD,736854286185255,CapitalV-03,美金户,凤凰&洛阳,28.05,5.34,,22.71,25.2081,,2.4981
2025-10-12,MY,YK,1308880263620594,GCRT-TH-fdhgkh-6,二不限,二不限企业户服务费2%+0.5%,80.38,18.07,,62.31,63.86775,,1.55775
2025-10-12,MY,YK,1330950871765968,GCRT-TH-fdhgkh-5,二不限,二不限企业户服务费2%+0.5%,15.77,,,15.77,16.16425,,0.39425
2025-10-12,MY,YK,2015129159223309,Gdby-168,二不限,十月二不限——（泰华）,5.27,,,5.27,5.3754,,0.1054
2025-10-12,MY,YK,1200417471896446,Gdby-169,二不限,十月二不限——（泰华）,51.42,,,51.42,52.4484,,1.0284
2025-10-13,IN,HY,1412307579460468,BA VORNIX 9,印尼企业户,印度户印尼企业户,47676.95344,45354.089,,2322.864438,2508.693593,,185.829155
2025-10-13,IN,HY,1303476708234144,CapitalV-14,美金户,凤凰&洛阳,833.56,121.57,,711.99,790.3089,,78.3189
2025-10-13,IN,MY,1412307579460468,BA VORNIX 9,印尼企业户,印度户印尼企业户,142122.7711,140810.6481,,1312.123,1417.09284,,104.96984
2025-10-13,IN,MY,1272760276719053,ZK-1009flz-USD(+8)-2,加白户,深圳芳林子,549.18,497.42,,51.76,56.936,,5.176
2025-10-13,IN,MY,1471775994150134,CapitalV-112,美金户,凤凰&洛阳,1212.61,897.62,,314.99,349.6389,,34.6489
2025-10-13,IN,LD,936002028210213,BA GLADIUS 4,印尼企业户,印度户印尼企业户,2064.15,1812.19,,251.96,274.6364,,22.6764
2025-10-13,IN,LD,736854286185255,CapitalV-03,美金户,凤凰&洛阳,94.14,28.05,,66.09,73.3599,,7.2699
2025-10-13,IN,JK,936002028210213,BA GLADIUS 4,印尼企业户,印度户印尼企业户,34872.81,34465.21,,407.6,444.284,,36.684
2025-10-13,IN,JK,2029509857819090,CapitalV-113,美金户,凤凰&洛阳,470.22,396.3,,73.92,82.0512,,8.1312
2025-10-13,IN,LM,936002028210213,BA GLADIUS 4,印尼企业户,印度户印尼企业户,5623.06,5027.57,,595.49,649.0841,,53.5941
2025-10-13,IN,LM,4246630782261998,FLZ-XIN-SHEN-1009,美金户,深圳芳林子,18.35,7.55,,10.8,12.21696,,1.41696
2025-10-13,IN,FD,936002028210213,BA GLADIUS 4,印尼企业户,印度户印尼企业户,5343.9,5324.93,,18.97,20.6773,,1.7073
2025-10-13,IN,FD,793011120341955,CapitalV-15,美金户,凤凰&洛阳,167.77,52.29,,115.48,128.1828,,12.7028
2025-10-13,IN,XH,1348876219989402,CapitalV-78,美金户,凤凰&洛阳,1293.09,594.49,,698.6,775.446,,76.846
2025-10-13,IN,YJ,936002028210213,BA GLADIUS 4,印尼企业户,印度户印尼企业户,20251.14,19810.28,,440.86,480.5374,,39.6774
2025-10-13,IN,YJ,2485955405111648,CapitalV-17,美金户,凤凰&洛阳,1493.77,1261.06,,232.71,258.3081,,25.5981
2025-10-13,MY,YK,1308880263620594,GCRT-TH-fdhgkh-6,二不限,二不限企业户服务费2%+0.5%,443.25,80.38,,362.87,371.94175,,9.07175
2025-10-13,MY,YK,1330950871765968,GCRT-TH-fdhgkh-5,二不限,二不限企业户服务费2%+0.5%,271.16,15.77,,255.39,261.77475,,6.38475
2025-10-13,MY,YK,1350698676609835,Gdby-501,二不限,十月二不限——（泰华）,3.08,,,3.08,3.1416,,0.0616
2025-10-13,MY,YK,843444195014974,Gdby-502,二不限,十月二不限——（泰华）,2.09,,,2.09,2.1318,,0.0418
2025-10-13,MY,YK,1988897781876034,Gdby-503,二不限,十月二不限——（泰华）,9.22,,,9.22,9.4044,,0.1844
2025-10-13,MY,FKZ,761002313585928,Wendynew-1,二不限,深圳芳林子,60.54,47.33,,13.21,14.009205,,0.799205
2025-10-13,MY,FKZ,1341787657382735,Wendynew-2,二不限,深圳芳林子,154.58,154.58,,0.0,0.0,,0.0
2025-10-13,MY,FKZ,3984992024977491,Wendynew-3,二不限,深圳芳林子,4.26,2.69,,1.57,1.664985,,0.094985
2025-10-13,IN,HW,1159503902059269,BA VORNIX 2,印尼企业户,印度户印尼企业户,49359.5355,48405.0925,,954.443,1030.79844,,76.35544
2025-10-14,MY,YK,1308880263620594,GCRT-TH-fdhgkh-6,二不限,二不限企业户服务费2%+0.5%,698.92,443.25,,255.67,262.06175,,6.39175
2025-10-14,MY,YK,1330950871765968,GCRT-TH-fdhgkh-5,二不限,二不限企业户服务费2%+0.5%,544.59,271.16,,273.43,280.26575,,6.83575
2025-10-14,MY,YK,2281380638968572,NJLQ-TH-lezhi-4,二不限,二不限企业户服务费2%+0.5%,11.06,,,11.06,11.3365,,0.2765
2025-10-14,MY,YK,837965102244869,NJLQ-TH-lezhi-5,二不限,二不限企业户服务费2%+0.5%,9.39,,,9.39,9.62475,,0.23475
2025-10-14,IN,XH,1348876219989402,CapitalV-78,美金户,凤凰&洛阳,1483.49,1293.09,,190.4,211.344,,20.944
2025-10-14,IN,XH,1773109323319524,NJLQ-TH-lezhi-2,二不限,二不限企业户服务费2%+0.5%,208.92,,,208.92,214.143,,5.223
2025-10-14,IN,XH,2035855353894889,NJLQ-TH-lezhi-3,二不限,二不限企业户服务费2%+0.5%,133.91,,,133.91,137.25775,,3.34775
2025-10-14,IN,LM,936002028210213,BA GLADIUS 4,印尼企业户,印度户印尼企业户,5845.21,5623.06,,222.15,242.1435,,19.9935
2025-10-14,IN,LM,4246630782261998,FLZ-XIN-SHEN-1009,美金户,深圳芳林子,95.1,18.35,,76.75,86.8196,,10.0696
2025-10-14,IN,MY,1412307579460468,BA VORNIX 9,印尼企业户,印度户印尼企业户,143504.7898,142122.7711,,1382.018625,1492.580115,,110.56149
2025-10-14,IN,MY,1471775994150134,CapitalV-112,美金户,凤凰&洛阳,1286.28,1212.61,,73.67,81.7737,,8.1037
2025-10-14,IN,FD,793011120341955,CapitalV-15,美金户,凤凰&洛阳,451.26,167.77,,283.49,314.6739,,31.1839
2025-10-14,IN,LD,936002028210213,BA GLADIUS 4,印尼企业户,印度户印尼企业户,2247.99,2064.15,,183.84,200.3856,,16.5456
2025-10-14,IN,LD,736854286185255,CapitalV-03,美金户,凤凰&洛阳,303.22,94.14,,209.08,232.0788,,22.9988
2025-10-14,IN,JK,936002028210213,BA GLADIUS 4,印尼企业户,印度户印尼企业户,35227.8,34872.81,,354.99,386.9391,,31.9491
2025-10-14,IN,JK,2029509857819090,CapitalV-113,美金户,凤凰&洛阳,553.71,470.22,,83.49,92.6739,,9.1839
2025-10-14,IN,HY,1412307579460468,BA VORNIX 9,印尼企业户,印度户印尼企业户,48289.50306,47676.95344,,612.549625,661.553595,,49.00397
2025-10-14,IN,HY,1303476708234144,CapitalV-14,美金户,凤凰&洛阳,864.49,833.56,,30.93,34.3323,,3.4023
2025-10-14,IN,MM,1438907903891164,CapitalV-103,美金户,凤凰&洛阳,26.26,,,26.26,29.1486,,2.8886
2025-10-14,MY,FKZ,761002313585928,Wendynew-1,二不限,深圳芳林子,80.64,60.54,,20.1,21.31605,,1.21605
2025-10-14,MY,FKZ,3984992024977491,Wendynew-3,二不限,深圳芳林子,72.97,4.26,,68.71,72.866955,,4.156955
2025-10-14,IN,YJ,936002028210213,BA GLADIUS 4,印尼企业户,印度户印尼企业户,20490.71,20251.14,,239.57,261.1313,,21.5613
2025-10-14,IN,YJ,2485955405111648,CapitalV-17,美金户,凤凰&洛阳,1541.88,1493.77,,48.11,53.4021,,5.2921
2025-10-14,IN,HW,1116545963329022,CapitalV-104,美金户,凤凰&洛阳,1148.61,,,1148.61,1274.9571,,126.3471
2025-10-15,IN,HW,1116545963329022,CapitalV-104,美金户,凤凰&洛阳,4351.33,1148.61,,3202.72,3555.0192,,352.2992
2025-10-15,IN,LM,936002028210213,BA GLADIUS 4,印尼企业户,印度户印尼企业户,5886.84,5845.21,,41.63,45.3767,,3.7467
2025-10-15,IN,LM,1898483751099126,CapitalV-239,美金户,凤凰&洛阳,5.02,,,5.02,5.5722,,0.5522
2025-10-15,IN,MM,1438907903891164,CapitalV-103,美金户,凤凰&洛阳,186.69,26.26,,160.43,178.0773,,17.6473
2025-10-15,IN,FD,793011120341955,CapitalV-15,美金户,凤凰&洛阳,504.0,451.26,,52.74,58.5414,,5.8014
2025-10-15,IN,MY,1412307579460468,BA VORNIX 9,印尼企业户,印度户印尼企业户,144990.7713,143504.7898,,1485.981563,1604.860088,,118.878525
2025-10-15,IN,MY,1471775994150134,CapitalV-112,美金户,凤凰&洛阳,1308.97,1286.28,,22.69,25.1859,,2.4959
2025-10-15,IN,XH,2035855353894889,NJLQ-TH-lezhi-3,二不限,二不限企业户服务费2%+0.5%,154.36,133.91,,20.45,20.96125,,0.51125
2025-10-15,IN,LD,936002028210213,BA GLADIUS 4,印尼企业户,印度户印尼企业户,2249.12,2247.99,,1.13,1.2317,,0.1017
2025-10-15,IN,LD,736854286185255,CapitalV-03,美金户,凤凰&洛阳,336.78,303.22,,33.56,37.2516,,3.6916
2025-10-15,IN,JK,936002028210213,BA GLADIUS 4,印尼企业户,印度户印尼企业户,35604.11,35227.8,,376.31,410.1779,,33.8679
2025-10-15,IN,JK,2029509857819090,CapitalV-113,美金户,凤凰&洛阳,591.63,553.71,,37.92,42.0912,,4.1712
2025-10-15,IN,HY,1412307579460468,BA VORNIX 9,印尼企业户,印度户印尼企业户,50962.89238,48289.50306,,2673.389313,2887.260458,,213.871145
2025-10-15,IN,HY,1303476708234144,CapitalV-14,美金户,凤凰&洛阳,1519.72,864.49,,655.23,727.3053,,72.0753
2025-10-16,IN,XH,758663177005102,CapitalV-79,美金户,凤凰&洛阳,nan,829.96,,,,,
2025-10-16,IN,XH,1348876219989402,CapitalV-78,美金户,凤凰&洛阳,1591.92,1483.49,,108.43,120.3573,,11.9273
2025-10-16,IN,XH,758663177005102,CapitalV-79,美金户,凤凰&洛阳,904.7,829.96,,74.74,82.9614,,8.2214
2025-10-16,IN,LM,936002028210213,BA GLADIUS 4,印尼企业户,印度户印尼企业户,6059.64,5886.84,,172.8,188.352,,15.552
2025-10-16,IN,LM,1898483751099126,CapitalV-239,美金户,凤凰&洛阳,25.71,5.02,,20.69,22.9659,,2.2759
2025-10-16,IN,FD,793011120341955,CapitalV-15,美金户,凤凰&洛阳,640.66,504.0,,136.66,151.6926,,15.0326
2025-10-16,IN,FD,936002028210213,BA GLADIUS 4,印尼企业户,印度户印尼企业户,5395.0,5343.9,,51.1,55.699,,4.599
2025-10-16,IN,HY,1412307579460468,BA VORNIX 9,印尼企业户,印度户印尼企业户,53937.11731,50962.89238,,2974.224938,3212.162933,,237.937995
2025-10-16,IN,LD,936002028210213,BA GLADIUS 4,印尼企业户,印度户印尼企业户,2313.06,2249.12,,63.94,69.6946,,5.7546
2025-10-16,IN,LD,736854286185255,CapitalV-03,美金户,凤凰&洛阳,672.6,336.78,,335.82,372.7602,,36.9402
2025-10-16,IN,JK,936002028210213,BA GLADIUS 4,印尼企业户,印度户印尼企业户,36037.14,35604.11,,433.03,472.0027,,38.9727
2025-10-16,IN,JK,2029509857819090,CapitalV-113,美金户,凤凰&洛阳,1852.43,591.63,,1260.8,1399.488,,138.688
2025-10-16,MY,YK,2281380638968572,NJLQ-TH-lezhi-4,二不限,二不限企业户服务费2%+0.5%,41.47,11.06,,30.41,31.17025,,0.76025
2025-10-16,MY,YK,837965102244869,NJLQ-TH-lezhi-5,二不限,二不限企业户服务费2%+0.5%,25.48,9.39,,16.09,16.49225,,0.40225
2025-10-16,MY,YK,3970234576453023,NJLQ-TH-lezhi-6,二不限,二不限企业户服务费2%+0.5%,41.92,,,41.92,42.968,,1.048
2025-10-16,BE,YK,1350698676609835,Gdby-501,二不限,十月二不限——（泰华）,21.04,,,21.04,21.4608,,0.4208
2025-10-16,BE,YK,843444195014974,Gdby-502,二不限,十月二不限——（泰华）,103.91,,,103.91,105.9882,,2.0782
2025-10-16,BE,YK,1988897781876034,Gdby-503,二不限,十月二不限——（泰华）,85.95,,,85.95,87.669,,1.719
2025-10-16,BE,YK,1162804749128872,Gdby-504,二不限,十月二不限——（泰华）,39.43,,,39.43,40.2186,,0.7886
2025-10-16,BE,YK,1453384202398119,Gdby-505,二不限,十月二不限——（泰华）,21.92,,,21.92,22.3584,,0.4384
2025-10-16,IN,MY,1412307579460468,BA VORNIX 9,印尼企业户,印度户印尼企业户,146927.9301,144990.7713,,1937.15875,2092.13145,,154.9727
2025-10-16,IN,YJ,936002028210213,BA GLADIUS 4,印尼企业户,印度户印尼企业户,21039.73,20490.71,,549.02,598.4318,,49.4118
2025-10-16,IN,YJ,2485955405111648,CapitalV-17,美金户,凤凰&洛阳,1554.16,1541.88,,12.28,13.6308,,1.3508
2025-10-16,MY,FKZ,761002313585928,Wendynew-1,二不限,深圳芳林子,83.73,80.64,,3.09,3.276945,,0.186945
2025-10-16,MY,FKZ,3984992024977491,Wendynew-3,二不限,深圳芳林子,132.04,72.97,,59.07,62.643735,,3.573735
2025-10-16,MY,FKZ,2598310000530287,NJLQ-TH-bosheng-5,二不限,二不限企业户服务费2%+0.5%,32.96,,,32.96,33.784,,0.824
2025-10-16,MY,FKZ,2955711774817425,NJLQ-TH-bosheng-6,二不限,二不限企业户服务费2%+0.5%,28.66,,,28.66,29.3765,,0.7165
2025-10-16,IN,MM,1438907903891164,CapitalV-103,美金户,凤凰&洛阳,482.66,186.69,,295.97,328.5267,,32.5567
2025-10-16,IN,HW,1116545963329022,CapitalV-104,美金户,凤凰&洛阳,8022.27,4351.33,,3670.94,4074.7434,,403.8034
2025-10-17,MY,YK,2281380638968572,NJLQ-TH-lezhi-4,二不限,二不限企业户服务费2%+0.5%,47.59,41.47,,6.12,6.273,,0.153
2025-10-17,MY,YK,837965102244869,NJLQ-TH-lezhi-5,二不限,二不限企业户服务费2%+0.5%,25.74,25.48,,0.26,0.2665,,0.0065
2025-10-17,MY,YK,3970234576453023,NJLQ-TH-lezhi-6,二不限,二不限企业户服务费2%+0.5%,42.06,41.92,,0.14,0.1435,,0.0035
2025-10-17,MY,YK,1308880263620594,GCRT-TH-fdhgkh-6,二不限,二不限企业户服务费2%+0.5%,707.9,698.92,,8.98,9.2045,,0.2245
2025-10-17,MY,YK,1330950871765968,GCRT-TH-fdhgkh-5,二不限,二不限企业户服务费2%+0.5%,554.99,544.59,,10.4,10.66,,0.26
2025-10-17,IN,FD,793011120341955,CapitalV-15,美金户,凤凰&洛阳,645.7,640.66,,5.04,5.5944,,0.5544
2025-10-17,IN,FD,936002028210213,BA GLADIUS 4,印尼企业户,印度户印尼企业户,5852.14,5395.0,,457.14,498.2826,,41.1426
2025-10-17,IN,XH,1348876219989402,CapitalV-78,美金户,凤凰&洛阳,1827.84,1591.92,,235.92,261.8712,,25.9512
2025-10-17,IN,XH,758663177005102,CapitalV-79,美金户,凤凰&洛阳,1232.05,904.7,,327.35,363.3585,,36.0085
2025-10-17,IN,LM,936002028210213,BA GLADIUS 4,印尼企业户,印度户印尼企业户,6511.61,6059.64,,451.97,492.6473,,40.6773
2025-10-17,IN,LM,1898483751099126,CapitalV-239,美金户,凤凰&洛阳,1121.16,25.71,,1095.45,1215.9495,,120.4995
2025-10-17,IN,YJ,936002028210213,BA GLADIUS 4,印尼企业户,印度户印尼企业户,23185.88,21039.73,,2146.15,2339.3035,,193.1535
2025-10-17,IN,YJ,1974006053431445,AC-SZ-USD-GMT-3-9257,美金户,凤凰&洛阳,122.71,,,122.71,136.2081,,13.4981
2025-10-17,IN,LD,736854286185255,CapitalV-03,美金户,凤凰&洛阳,1045.79,672.6,,373.19,414.2409,,41.0509
2025-10-17,IN,LD,936002028210213,BA GLADIUS 4,印尼企业户,印度户印尼企业户,2472.98,2313.06,,159.92,174.3128,,14.3928
2025-10-17,MY,FKZ,2598310000530287,NJLQ-TH-bosheng-5,二不限,二不限企业户服务费2%+0.5%,39.24,32.96,,6.28,6.437,,0.157
2025-10-17,MY,FKZ,2955711774817425,NJLQ-TH-bosheng-6,二不限,二不限企业户服务费2%+0.5%,35.45,28.66,,6.79,6.95975,,0.16975
2025-10-17,IN,JK,936002028210213,BA GLADIUS 4,印尼企业户,印度户印尼企业户,37129.14,36037.14,,1092.0,1190.28,,98.28
2025-10-17,IN,JK,2029509857819090,CapitalV-113,美金户,凤凰&洛阳,6194.9,1852.43,,4342.47,4820.1417,,477.6717
2025-10-17,IN,MY,1412307579460468,BA VORNIX 9,印尼企业户,印度户印尼企业户,148990.7421,146927.9301,,2062.812062,2227.837027,,165.024965
2025-10-17,IN,HY,1412307579460468,BA VORNIX 9,印尼企业户,印度户印尼企业户,58155.59225,53937.11731,,4218.474938,4555.952933,,337.477995
2025-10-17,IN,HY,807927874919256,AC-SZ-USD-GMT-3-9256,美金户,凤凰&洛阳,59.93,,,59.93,66.5223,,6.5923
2025-10-17,IN,HY,1303476708234144,CapitalV-14,美金户,凤凰&洛阳,1692.93,1519.72,,173.21,192.2631,,19.0531
2025-10-17,IN,HW,1116545963329022,CapitalV-104,美金户,凤凰&洛阳,9729.53,8022.27,,1707.26,1895.0586,,187.7986
2025-10-17,BE,YK,1350698676609835,Gdby-501,二不限,十月二不限——（泰华）,43.54,21.04,,22.5,22.95,,0.45
2025-10-17,BE,YK,843444195014974,Gdby-502,二不限,十月二不限——（泰华）,136.16,103.91,,32.25,32.895,,0.645
2025-10-17,BE,YK,1988897781876034,Gdby-503,二不限,十月二不限——（泰华）,90.79,85.95,,4.84,4.9368,,0.0968
2025-10-17,BE,YK,1308880263620594,GCRT-TH-fdhgkh-6,二不限,二不限企业户服务费2%+0.5%,920.47,707.9,,212.57,217.88425,,5.31425
2025-10-17,BE,YK,1330950871765968,GCRT-TH-fdhgkh-5,二不限,二不限企业户服务费2%+0.5%,595.99,554.99,,41.0,42.025,,1.025
2025-10-17,IN,MM,1438907903891164,CapitalV-103,美金户,凤凰&洛阳,624.3,482.66,,141.64,157.2204,,15.5804
2025-10-17,IN,MM,791212714080767,Eastar 4 - ADA - 1900,美金户,GT&SHEN 欧洲户8+1,13.52,,,13.52,14.7368,,1.2168
2025-10-18,IN,FD,793011120341955,CapitalV-15,美金户,凤凰&洛阳,704.26,645.7,,58.56,65.0016,,6.4416
2025-10-18,IN,FD,936002028210213,BA GLADIUS 4,印尼企业户,印度户印尼企业户,6440.37,5852.14,,588.23,641.1707,,52.9407
2025-10-18,IN,XH,1348876219989402,CapitalV-78,美金户,凤凰&洛阳,1870.63,1827.84,,42.79,47.4969,,4.7069
2025-10-18,IN,XH,758663177005102,CapitalV-79,美金户,凤凰&洛阳,1400.07,1232.05,,168.02,186.5022,,18.4822
2025-10-18,IN,LM,936002028210213,BA GLADIUS 4,印尼企业户,印度户印尼企业户,7289.79,6511.61,,778.18,848.2162,,70.0362
2025-10-18,IN,LM,1898483751099126,CapitalV-239,美金户,凤凰&洛阳,2868.36,1121.16,,1747.2,1939.392,,192.192
2025-10-18,IN,YJ,936002028210213,BA GLADIUS 4,印尼企业户,印度户印尼企业户,23696.31,23185.88,,510.43,556.3687,,45.9387
2025-10-18,IN,LD,736854286185255,CapitalV-03,美金户,凤凰&洛阳,1403.86,1045.79,,358.07,397.4577,,39.3877
2025-10-18,IN,LD,936002028210213,BA GLADIUS 4,印尼企业户,印度户印尼企业户,2510.19,2472.98,,37.21,40.5589,,3.3489
2025-10-18,IN,JK,936002028210213,BA GLADIUS 4,印尼企业户,印度户印尼企业户,40308.24,37129.14,,3179.1,3465.219,,286.119
2025-10-18,IN,JK,2029509857819090,CapitalV-113,美金户,凤凰&洛阳,11482.87,6194.9,,5287.97,5869.6467,,581.6767
2025-10-18,IN,MY,1412307579460468,BA VORNIX 9,印尼企业户,印度户印尼企业户,151351.1515,148990.7421,,2360.409375,2549.242125,,188.83275
2025-10-18,IN,HY,1412307579460468,BA VORNIX 9,印尼企业户,印度户印尼企业户,63963.82719,58155.59225,,5808.234938,6272.893733,,464.658795
2025-10-18,IN,HW,1116545963329022,CapitalV-104,美金户,凤凰&洛阳,11727.31,9729.53,,1997.78,2217.5358,,219.7558
2025-10-18,IN,YJ,1974006053431445,AC-SZ-USD-GMT-3-9257,美金户,凤凰&洛阳,725.6,122.71,,602.89,669.2079,,66.3179
2025-10-19,IN,HY,1412307579460468,BA VORNIX 9,印尼企业户,印度户印尼企业户,67338.91375,63963.82719,,3375.086563,3645.093488,,270.006925
2025-10-19,IN,XH,1348876219989402,CapitalV-78,美金户,凤凰&洛阳,1879.54,1870.63,,8.91,9.8901,,0.9801
2025-10-19,IN,XH,758663177005102,CapitalV-79,美金户,凤凰&洛阳,1552.68,1400.07,,152.61,169.3971,,16.7871
2025-10-19,IN,YJ,936002028210213,BA GLADIUS 4,印尼企业户,印度户印尼企业户,23843.39,23696.31,,147.08,160.3172,,13.2372
2025-10-19,IN,YJ,1974006053431445,AC-SZ-USD-GMT-3-9257,美金户,凤凰&洛阳,768.73,725.6,,43.13,47.8743,,4.7443
2025-10-19,IN,LM,936002028210213,BA GLADIUS 4,印尼企业户,印度户印尼企业户,8329.5,7289.79,,1039.71,1133.2839,,93.5739
2025-10-19,IN,LM,1898483751099126,CapitalV-239,美金户,凤凰&洛阳,5093.12,2868.36,,2224.76,2469.4836,,244.7236
2025-10-19,IN,FD,793011120341955,CapitalV-15,美金户,凤凰&洛阳,925.14,704.26,,220.88,245.1768,,24.2968
2025-10-19,IN,FD,936002028210213,BA GLADIUS 4,印尼企业户,印度户印尼企业户,6447.21,6440.37,,6.84,7.4556,,0.6156
2025-10-19,IN,HW,1116545963329022,CapitalV-104,美金户,凤凰&洛阳,14271.32,11727.31,,2544.01,2823.8511,,279.8411
2025-10-19,IN,LD,736854286185255,CapitalV-03,美金户,凤凰&洛阳,1443.95,1403.86,,40.09,44.4999,,4.4099
2025-10-19,IN,LD,936002028210213,BA GLADIUS 4,印尼企业户,印度户印尼企业户,2632.8,2510.19,,122.61,133.6449,,11.0349
2025-10-19,IN,JK,936002028210213,BA GLADIUS 4,印尼企业户,印度户印尼企业户,40750.81,40308.24,,442.57,482.4013,,39.8313
2025-10-19,IN,JK,2029509857819090,CapitalV-113,美金户,凤凰&洛阳,13556.82,11482.87,,2073.95,2302.0845,,228.1345
2025-10-19,IN,MM,807927874919256,AC-SZ-USD-GMT-3-9256,美金户,凤凰&洛阳,nan,63.44,,,,,
2025-10-19,IN,MY,1412307579460468,BA VORNIX 9,印尼企业户,印度户印尼企业户,154885.9986,151351.1515,,3534.847062,3817.634827,,282.787765
2025-10-19,IN,MM,1476490126933537,CapitalV-106,美金户,凤凰&洛阳,nan,2219.0,,,,,
2025-10-19,IN,YJ,1872166763342425,CapitalV-107,美金户,凤凰&洛阳,nan,760.13,,,,,
2025-10-20,IN,YJ,1974006053431445,AC-SZ-USD-GMT-3-9257,美金户,凤凰&洛阳,790.76,768.73,,22.03,24.4533,,2.4233
2025-10-20,IN,YJ,936002028210213,BA GLADIUS 4,印尼企业户,印度户印尼企业户,23877.12,23843.39,,33.73,36.7657,,3.0357
2025-10-20,IN,XH,1348876219989402,CapitalV-78,美金户,凤凰&洛阳,2024.19,1879.54,,144.65,160.5615,,15.9115
2025-10-20,IN,XH,758663177005102,CapitalV-79,美金户,凤凰&洛阳,1768.22,1552.68,,215.54,239.2494,,23.7094
2025-10-20,IN,JK,936002028210213,BA GLADIUS 4,印尼企业户,印度户印尼企业户,41601.55,40750.81,,850.74,927.3066,,76.5666
2025-10-20,IN,JK,2029509857819090,CapitalV-113,美金户,凤凰&洛阳,15465.13,13556.82,,1908.31,2118.2241,,209.9141
2025-10-20,IN,MY,1412307579460468,BA VORNIX 9,印尼企业户,印度户印尼企业户,157165.9236,154885.9986,,2279.925063,2462.319068,,182.394005
2025-10-20,IN,LD,736854286185255,CapitalV-03,美金户,凤凰&洛阳,3583.26,1443.95,,2139.31,2374.6341,,235.3241
2025-10-20,IN,LD,936002028210213,BA GLADIUS 4,印尼企业户,印度户印尼企业户,2841.92,2632.8,,209.12,227.9408,,18.8208
2025-10-20,IN,YK,1303476708234144,CapitalV-14,美金户,凤凰&洛阳,nan,1694.84,,,,,
2025-10-20,IN,YK,1303476708234144,CapitalV-14,美金户,凤凰&洛阳,62.88,,,62.88,69.7968,,6.9168
2025-10-20,IN,LM,936002028210213,BA GLADIUS 4,印尼企业户,印度户印尼企业户,9117.27,8329.5,,787.77,858.6693,,70.8993
2025-10-20,IN,LM,1898483751099126,CapitalV-239,美金户,凤凰&洛阳,5162.29,5093.12,,69.17,76.7787,,7.6087
2025-10-20,IN,MM,1438907903891164,CapitalV-103,美金户,凤凰&洛阳,887.4,624.3,,263.1,292.041,,28.941
2025-10-20,IN,MM,1476490126933537,CapitalV-106,美金户,凤凰&洛阳,2293.01,2219.0,,74.01,82.1511,,8.1411
2025-10-20,IN,FD,793011120341955,CapitalV-15,美金户,凤凰&洛阳,1157.3,925.14,,232.16,257.6976,,25.5376
2025-10-20,IN,FD,936002028210213,BA GLADIUS 4,印尼企业户,印度户印尼企业户,6621.03,6447.21,,173.82,189.4638,,15.6438
2025-10-20,MY,YK,820977583624549,NJNQ-TH-fghjoo-2,二不限,二不限企业户服务费2%+0.5%,42.26,,,42.26,43.3165,,1.0565
2025-10-20,MY,YK,2387424608339473,NJLQ-TH-chuans-1,二不限,二不限企业户服务费2%+0.5%,26.14,,,26.14,26.7935,,0.6535
2025-10-20,MY,YK,1897232574340067,NJLQ-TH-chuans-2,二不限,二不限企业户服务费2%+0.5%,20.1,,,20.1,20.6025,,0.5025
2025-10-20,IN,HW,1116545963329022,CapitalV-104,美金户,凤凰&洛阳,17011.57,14271.32,,2740.25,3041.6775,,301.4275
2025-10-20,IN,HY,1412307579460468,BA VORNIX 9,印尼企业户,印度户印尼企业户,70282.01363,67338.91375,,2943.099875,3178.547865,,235.44799
2025-10-20,IN,FKZ,2485955405111648,CapitalV-17,美金户,凤凰&洛阳,nan,1565.29,,,,,
2025-10-21,IN,LM,936002028210213,BA GLADIUS 4,印尼企业户,印度户印尼企业户,10546.91,9117.27,,1429.64,1558.3076,,128.6676
2025-10-21,IN,LM,1898483751099126,CapitalV-239,美金户,凤凰&洛阳,5471.5,5162.29,,309.21,343.2231,,34.0131
2025-10-21,IN,FKZ,2598310000530287,NJLQ-TH-bosheng-5,二不限,二不限企业户服务费2%+0.5%,42.06,39.24,,2.82,2.8905,,0.0705
2025-10-21,IN,FD,793011120341955,CapitalV-15,美金户,凤凰&洛阳,1911.92,1157.3,,754.62,837.6282,,83.0082
2025-10-21,IN,FD,936002028210213,BA GLADIUS 4,印尼企业户,印度户印尼企业户,10532.35,6621.03,,3911.32,4263.3388,,352.0188
2025-10-21,IN,JK,936002028210213,BA GLADIUS 4,印尼企业户,印度户印尼企业户,42852.42,41601.55,,1250.87,1363.4483,,112.5783
2025-10-21,IN,JK,2029509857819090,CapitalV-113,美金户,凤凰&洛阳,19904.92,15465.13,,4439.79,4928.1669,,488.3769
2025-10-21,IN,YK,1303476708234144,CapitalV-14,美金户,凤凰&洛阳,393.5,62.88,,330.62,366.9882,,36.3682
2025-10-21,IN,LD,736854286185255,CapitalV-03,美金户,凤凰&洛阳,6663.97,3583.26,,3080.71,3419.5881,,338.8781
2025-10-21,IN,LD,936002028210213,BA GLADIUS 4,印尼企业户,印度户印尼企业户,5314.42,2841.92,,2472.5,2695.025,,222.525
2025-10-21,IN,YJ,1872166763342425,CapitalV-107,美金户,凤凰&洛阳,942.25,760.13,,182.12,202.1532,,20.0332
2025-10-21,IN,YJ,936002028210213,BA GLADIUS 4,印尼企业户,印度户印尼企业户,27830.53,23877.12,,3953.41,4309.2169,,355.8069
2025-10-21,IN,XH,1348876219989402,CapitalV-78,美金户,凤凰&洛阳,2231.37,2024.19,,207.18,229.9698,,22.7898
2025-10-21,IN,XH,758663177005102,CapitalV-79,美金户,凤凰&洛阳,2102.29,1768.22,,334.07,370.8177,,36.7477
2025-10-21,IN,HW,1116545963329022,CapitalV-104,美金户,凤凰&洛阳,18180.96,17011.57,,1169.39,1298.0229,,128.6329
2025-10-21,IN,MY,1412307579460468,BA VORNIX 9,印尼企业户,印度户印尼企业户,160937.618,157165.9236,,3771.694375,4073.429925,,301.73555
2025-10-21,IN,HY,1412307579460468,BA VORNIX 9,印尼企业户,印度户印尼企业户,72159.83794,70282.01363,,1877.824312,2028.050257,,150.225945
2025-10-21,MY,YK,820977583624549,NJNQ-TH-fghjoo-2,二不限,二不限企业户服务费2%+0.5%,79.46,42.26,,37.2,38.13,,0.93
2025-10-21,MY,YK,2387424608339473,NJLQ-TH-chuans-1,二不限,二不限企业户服务费2%+0.5%,85.6,26.14,,59.46,60.9465,,1.4865
2025-10-21,MY,YK,1897232574340067,NJLQ-TH-chuans-2,二不限,二不限企业户服务费2%+0.5%,59.97,20.1,,39.87,40.86675,,0.99675
2025-10-21,IN,MM,1438907903891164,CapitalV-103,美金户,凤凰&洛阳,1320.83,887.4,,433.43,481.1073,,47.6773
2025-10-21,IN,MM,1476490126933537,CapitalV-106,美金户,凤凰&洛阳,2565.42,2293.01,,272.41,302.3751,,29.9651
2025-10-22,MY,YK,820977583624549,NJNQ-TH-fghjoo-2,二不限,二不限企业户服务费2%+0.5%,264.07,79.46,,184.61,189.22525,,4.61525
2025-10-22,MY,YK,2387424608339473,NJLQ-TH-chuans-1,二不限,二不限企业户服务费2%+0.5%,168.64,85.6,,83.04,85.116,,2.076
2025-10-22,MY,YK,1897232574340067,NJLQ-TH-chuans-2,二不限,二不限企业户服务费2%+0.5%,112.64,59.97,,52.67,53.98675,,1.31675
2025-10-23,IN,YK,1303476708234144,CapitalV-14,美金户,凤凰&洛阳,1267.23,393.5,,873.73,969.8403,,96.1103
2025-10-23,IN,XH,1348876219989402,CapitalV-78,美金户,凤凰&洛阳,2792.95,2231.37,,561.58,623.3538,,61.7738
2025-10-23,IN,XH,758663177005102,CapitalV-79,美金户,凤凰&洛阳,2508.99,2102.29,,406.7,451.437,,44.737
2025-10-23,IN,YJ,1439671633983955,CapitalV-338,美金户,凤凰&洛阳,85.88,,,85.88,95.3268,,9.4468
2025-10-23,IN,YJ,1872166763342425,CapitalV-107,美金户,凤凰&洛阳,984.71,942.25,,42.46,47.1306,,4.6706
2025-10-23,IN,LD,736854286185255,CapitalV-03,美金户,凤凰&洛阳,7413.41,6663.97,,749.44,831.8784,,82.4384
2025-10-23,IN,LM,1898483751099126,CapitalV-239,美金户,凤凰&洛阳,6558.11,5471.5,,1086.61,1206.1371,,119.5271
2025-10-23,IN,FD,793011120341955,CapitalV-15,美金户,凤凰&洛阳,2549.1,1911.92,,637.18,707.2698,,70.0898
2025-10-23,IN,MY,1412307579460468,BA VORNIX 9,印尼企业户,印度户印尼企业户,162443.2784,160937.618,,1505.660375,1626.113205,,120.45283
2025-10-23,IN,MM,1438907903891164,CapitalV-103,美金户,凤凰&洛阳,1374.55,1320.83,,53.72,59.6292,,5.9092
2025-10-23,IN,MM,1476490126933537,CapitalV-106,美金户,凤凰&洛阳,2911.31,2565.42,,345.89,383.9379,,38.0479
2025-10-23,IN,HY,1412307579460468,BA VORNIX 9,印尼企业户,印度户印尼企业户,74117.58113,72159.83794,,1957.743188,2114.362643,,156.619455
2025-10-23,IN,JK,2029509857819090,CapitalV-113,美金户,凤凰&洛阳,20788.52,19904.92,,883.6,980.796,,97.196
2025-10-23,KR,FKZ,6542495162497029,BON-XANY-USD-1022-04,美金户,海总-黑泽,4.01,,,4.01,4.374108,,0.364108
2025-10-23,IN,HW,1159503902059269,BA VORNIX 2,印尼企业户,印度户印尼企业户,50070.70113,49359.5355,,711.165625,768.058875,,56.89325
2025-10-24,MY,YK,820977583624549,NJNQ-TH-fghjoo-2,二不限,二不限企业户服务费2%+0.5%,366.71,264.07,,102.64,105.206,,2.566
2025-10-24,IN,LM,1898483751099126,CapitalV-239,美金户,凤凰&洛阳,6933.58,6558.11,,375.47,416.7717,,41.3017
2025-10-24,IN,LM,1224904749656172,CapitalV-477,美金户,凤凰&洛阳,50.51,,,50.51,56.0661,,5.5561
2025-10-24,IN,FD,793011120341955,CapitalV-15,美金户,凤凰&洛阳,6000.0,2549.1,,3450.9,3830.499,,379.599
2025-10-24,IN,MY,1412307579460468,BA VORNIX 9,印尼企业户,印度户印尼企业户,164988.6508,162443.2784,,2545.372375,2749.002165,,203.62979
2025-10-24,IN,YJ,1872166763342425,CapitalV-107,美金户,凤凰&洛阳,3897.98,984.71,,2913.27,3233.7297,,320.4597
2025-10-24,IN,YJ,1439671633983955,CapitalV-338,美金户,凤凰&洛阳,1406.11,85.88,,1320.23,1465.4553,,145.2253
2025-10-24,KR,FKZ,6542495162497029,BON-XANY-USD-1022-04,美金户,海总-黑泽,11.92,4.01,,7.91,8.628228,,0.718228
2025-10-24,IN,LD,736854286185255,CapitalV-03,美金户,凤凰&洛阳,8007.98,7413.41,,594.57,659.9727,,65.4027
2025-10-24,IN,XH,1348876219989402,CapitalV-78,美金户,凤凰&洛阳,4091.99,2792.95,,1299.04,1441.9344,,142.8944
2025-10-24,IN,XH,758663177005102,CapitalV-79,美金户,凤凰&洛阳,5452.7,2508.99,,2943.71,3267.5181,,323.8081
2025-10-24,IN,MM,1438907903891164,CapitalV-103,美金户,凤凰&洛阳,1724.83,1374.55,,350.28,388.8108,,38.5308
2025-10-24,IN,MM,1476490126933537,CapitalV-106,美金户,凤凰&洛阳,3578.94,2911.31,,667.63,741.0693,,73.4393
2025-10-24,IN,HY,1412307579460468,BA VORNIX 9,印尼企业户,印度户印尼企业户,77441.29406,74117.58113,,3323.712938,3589.609973,,265.897035
2025-10-24,IN,YK,1303476708234144,CapitalV-14,美金户,凤凰&洛阳,2943.16,1267.23,,1675.93,1860.2823,,184.3523
2025-10-24,IN,JK,2029509857819090,CapitalV-113,美金户,凤凰&洛阳,22938.52,20788.52,,2150.0,2386.5,,236.5
2025-10-24,IN,JK,1821778592100266,CapitalV-475,美金户,凤凰&洛阳,27.04,,,27.04,30.0144,,2.9744
2025-10-24,DE,YK,2518847551841790,GZTX-TH-zhongy-4,二不限,二不限企业户服务费2%+0.5%,19.07,,,19.07,19.54675,,0.47675
2025-10-24,DE,YK,1168603055465114,GZTX-TH-zhongy-5,二不限,二不限企业户服务费2%+0.5%,2.1,,,2.1,2.1525,,0.0525
2025-10-24,KR,YK,3197773227039903,TD-TIDE-yunf-126(8),绑卡美金户,凤凰&洛阳,5.45,,,5.45,6.1585,,0.7085
2025-10-24,IN,HW,1116545963329022,CapitalV-104,美金户,凤凰&洛阳,18530.59,18180.96,,349.63,388.0893,,38.4593
2025-10-25,IN,YJ,1159503902059269,BA VORNIX 2,印尼企业户,印度户印尼企业户,nan,23412.07406,,,,,
2025-10-25,IN,LM,1898483751099126,CapitalV-239,美金户,凤凰&洛阳,7153.26,6933.58,,219.68,243.8448,,24.1648
2025-10-25,IN,LM,1224904749656172,CapitalV-477,美金户,凤凰&洛阳,321.19,50.51,,270.68,300.4548,,29.7748
2025-10-25,IN,FD,793011120341955,CapitalV-15,美金户,凤凰&洛阳,7639.38,6000.0,,1639.38,1819.7118,,180.3318
2025-10-25,IN,MY,1412307579460468,BA VORNIX 9,印尼企业户,印度户印尼企业户,166091.0686,164988.6508,,1102.417813,1190.611238,,88.193425
2025-10-25,IN,YJ,1872166763342425,CapitalV-107,美金户,凤凰&洛阳,4806.58,3897.98,,908.6,1008.546,,99.946
2025-10-25,IN,YJ,1439671633983955,CapitalV-338,美金户,凤凰&洛阳,2228.44,1406.11,,822.33,912.7863,,90.4563
2025-10-25,IN,LD,736854286185255,CapitalV-03,美金户,凤凰&洛阳,8523.5,8007.98,,515.52,572.2272,,56.7072
2025-10-25,IN,XH,1348876219989402,CapitalV-78,美金户,凤凰&洛阳,4423.35,4091.99,,331.36,367.8096,,36.4496
2025-10-25,IN,XH,758663177005102,CapitalV-79,美金户,凤凰&洛阳,5760.14,5452.7,,307.44,341.2584,,33.8184
2025-10-25,IN,MM,1438907903891164,CapitalV-103,美金户,凤凰&洛阳,2136.92,1724.83,,412.09,457.4199,,45.3299
2025-10-25,IN,MM,1476490126933537,CapitalV-106,美金户,凤凰&洛阳,3953.77,3578.94,,374.83,416.0613,,41.2313
2025-10-25,IN,HY,1412307579460468,BA VORNIX 9,印尼企业户,印度户印尼企业户,77773.002,77441.29406,,331.7079375,358.2445725,,26.536635
2025-10-25,IN,YK,1303476708234144,CapitalV-14,美金户,凤凰&洛阳,3136.37,2943.16,,193.21,214.4631,,21.2531
2025-10-25,IN,JK,2029509857819090,CapitalV-113,美金户,凤凰&洛阳,23797.13,22938.52,,858.61,953.0571,,94.4471
2025-10-25,IN,JK,1821778592100266,CapitalV-475,美金户,凤凰&洛阳,66.61,27.04,,39.57,43.9227,,4.3527
2025-10-25,IN,YK,1471775994150134,CapitalV-112,美金户,凤凰&洛阳,nan,1357.67,,,,,
2025-10-25,IN,HW,1116545963329022,CapitalV-104,美金户,凤凰&洛阳,18977.43,18530.59,,446.84,495.9924,,49.1524
2025-10-26,DE,YK,2518847551841790,GZTX-TH-zhongy-4,二不限,二不限企业户服务费2%+0.5%,77.96,19.07,,58.89,60.36225,,1.47225
2025-10-26,DE,YK,1168603055465114,GZTX-TH-zhongy-5,二不限,二不限企业户服务费2%+0.5%,28.95,2.1,,26.85,27.52125,,0.67125
2025-10-26,DE,YK,2291496354607228,GZTX-TH-zhongy-6,二不限,二不限企业户服务费2%+0.5%,2.35,,,2.35,2.40875,,0.05875
2025-10-26,DE,LD,816420510734741,CapitalV-476,美金户,凤凰&洛阳,13.2,,,13.2,14.652,,1.452
2025-10-26,KR,YK,3197773227039903,TD-TIDE-yunf-126(8),绑卡美金户,凤凰&洛阳,20.1,5.45,,14.65,16.5545,,1.9045
2025-10-27,IN,XH,1348876219989402,CapitalV-78,美金户,凤凰&洛阳,4516.48,4423.35,,93.13,103.3743,,10.2443
2025-10-27,IN,XH,758663177005102,CapitalV-79,美金户,凤凰&洛阳,6001.85,5760.14,,241.71,268.2981,,26.5881
2025-10-27,DE,XH,1323771136194852,GZTX-TH-thggj-1,二不限,二不限企业户服务费2%+0.5%,92.91,,,92.91,95.23275,,2.32275
2025-10-27,DE,XH,1330404311819801,GZTX-TH-thggj-2,二不限,二不限企业户服务费2%+0.5%,78.63,,,78.63,80.59575,,1.96575
2025-10-27,DE,LD,816420510734741,CapitalV-476,美金户,凤凰&洛阳,148.05,13.2,,134.85,149.6835,,14.8335
2025-10-27,IN,MM,1438907903891164,CapitalV-103,美金户,凤凰&洛阳,2975.89,2136.92,,838.97,931.2567,,92.2867
2025-10-27,IN,MM,1476490126933537,CapitalV-106,美金户,凤凰&洛阳,4602.19,3953.77,,648.42,719.7462,,71.3262
2025-10-27,IN,MY,1412307579460468,BA VORNIX 9,印尼企业户,印度户印尼企业户,168780.8095,166091.0686,,2689.740938,2904.920213,,215.179275
2025-10-27,IN,YJ,1872166763342425,CapitalV-107,美金户,凤凰&洛阳,5777.5,4806.58,,970.92,1077.7212,,106.8012
2025-10-27,IN,YJ,1159503902059269,BA VORNIX 2,印尼企业户,印度户印尼企业户,116.6443125,,,116.6443125,125.9758575,,9.331545
2025-10-27,IN,YJ,1439671633983955,CapitalV-338,美金户,凤凰&洛阳,3661.07,2228.44,,1432.63,1590.2193,,157.5893
2025-10-27,IN,LM,1898483751099126,CapitalV-239,美金户,凤凰&洛阳,7651.99,7153.26,,498.73,553.5903,,54.8603
2025-10-27,IN,LM,1224904749656172,CapitalV-477,美金户,凤凰&洛阳,1068.5,321.19,,747.31,829.5141,,82.2041
2025-10-27,IN,YK,1303476708234144,CapitalV-14,美金户,凤凰&洛阳,3423.62,3136.37,,287.25,318.8475,,31.5975
2025-10-27,IN,YK,1471775994150134,CapitalV-112,美金户,凤凰&洛阳,65.77,,,65.77,73.0047,,7.2347
2025-10-27,IN,LD,736854286185255,CapitalV-03,美金户,凤凰&洛阳,10204.41,8523.5,,1680.91,1865.8101,,184.9001
2025-10-27,IN,FD,793011120341955,CapitalV-15,美金户,凤凰&洛阳,7919.08,7639.38,,279.7,310.467,,30.767
2025-10-27,KR,YK,3197773227039903,TD-TIDE-yunf-126(8),绑卡美金户,凤凰&洛阳,23.26,20.1,,3.16,3.5708,,0.4108
2025-10-27,IN,JK,2029509857819090,CapitalV-113,美金户,凤凰&洛阳,27058.94,23797.13,,3261.81,3620.6091,,358.7991
2025-10-27,IN,JK,1821778592100266,CapitalV-475,美金户,凤凰&洛阳,368.83,66.61,,302.22,335.4642,,33.2442
2025-10-27,MY,JK,2029509857819090,CapitalV-113,美金户,凤凰&洛阳,3.16,,,3.16,3.5076,,0.3476
2025-10-27,DE,YK,2518847551841790,GZTX-TH-zhongy-4,二不限,二不限企业户服务费2%+0.5%,194.68,77.96,,116.72,119.638,,2.918
2025-10-27,DE,YK,1168603055465114,GZTX-TH-zhongy-5,二不限,二不限企业户服务费2%+0.5%,182.59,28.95,,153.64,157.481,,3.841
2025-10-27,DE,YK,2291496354607228,GZTX-TH-zhongy-6,二不限,二不限企业户服务费2%+0.5%,35.58,2.35,,33.23,34.06075,,0.83075
2025-10-27,IN,HW,1116545963329022,CapitalV-104,美金户,凤凰&洛阳,20319.16,18977.43,,1341.73,1489.3203,,147.5903
2025-10-27,MY,YK,820977583624549,NJNQ-TH-fghjoo-2,二不限,二不限企业户服务费2%+0.5%,466.61,366.71,,99.9,102.3975,,2.4975
2025-10-27,MY,YK,2387424608339473,NJLQ-TH-chuans-1,二不限,二不限企业户服务费2%+0.5%,170.07,168.64,,1.43,1.46575,,0.03575
2025-10-27,MY,YK,1897232574340067,NJLQ-TH-chuans-2,二不限,二不限企业户服务费2%+0.5%,117.53,112.64,,4.89,5.01225,,0.12225
2025-10-28,MY,YK,820977583624549,NJNQ-TH-fghjoo-2,二不限,二不限企业户服务费2%+0.5%,683.55,466.61,,216.94,222.3635,,5.4235
2025-10-28,MY,YK,2387424608339473,NJLQ-TH-chuans-1,二不限,二不限企业户服务费2%+0.5%,178.42,170.07,,8.35,8.55875,,0.20875
2025-10-28,MY,YK,1897232574340067,NJLQ-TH-chuans-2,二不限,二不限企业户服务费2%+0.5%,134.61,117.53,,17.08,17.507,,0.427
2025-10-28,IN,LD,736854286185255,CapitalV-03,美金户,凤凰&洛阳,11480.46,10204.41,,1276.05,1416.4155,,140.3655
2025-10-28,IN,FD,793011120341955,CapitalV-15,美金户,凤凰&洛阳,8483.18,7919.08,,564.1,626.151,,62.051
2025-10-28,IN,XH,1348876219989402,CapitalV-78,美金户,凤凰&洛阳,4574.58,4516.48,,58.1,64.491,,6.391
2025-10-28,IN,XH,758663177005102,CapitalV-79,美金户,凤凰&洛阳,6858.48,6001.85,,856.63,950.8593,,94.2293
2025-10-28,IN,YK,1303476708234144,CapitalV-14,美金户,凤凰&洛阳,3852.35,3423.62,,428.73,475.8903,,47.1603
2025-10-28,IN,YK,1471775994150134,CapitalV-112,美金户,凤凰&洛阳,652.69,65.77,,586.92,651.4812,,64.5612
2025-10-28,IN,MM,1438907903891164,CapitalV-103,美金户,凤凰&洛阳,3881.99,2975.89,,906.1,1005.771,,99.671
2025-10-28,IN,MM,1476490126933537,CapitalV-106,美金户,凤凰&洛阳,5127.04,4602.19,,524.85,582.5835,,57.7335
2025-10-28,IN,LM,1898483751099126,CapitalV-239,美金户,凤凰&洛阳,7715.39,7651.99,,63.4,70.374,,6.974
2025-10-28,IN,LM,1224904749656172,CapitalV-477,美金户,凤凰&洛阳,2878.37,1068.5,,1809.87,2008.9557,,199.0857
2025-10-28,IN,MY,1412307579460468,BA VORNIX 9,印尼企业户,印度户印尼企业户,171887.9395,168780.8095,,3107.13,3355.7004,,248.5704
2025-10-28,IN,YJ,1159503902059269,BA VORNIX 2,印尼企业户,印度户印尼企业户,395.3921875,116.6443125,,278.747875,301.047705,,22.29983
2025-10-28,IN,YJ,1872166763342425,CapitalV-107,美金户,凤凰&洛阳,6528.95,5777.5,,751.45,834.1095,,82.6595
2025-10-28,IN,JK,2029509857819090,CapitalV-113,美金户,凤凰&洛阳,30956.02,27058.94,,3897.08,4325.7588,,428.6788
2025-10-28,IN,JK,1821778592100266,CapitalV-475,美金户,凤凰&洛阳,1361.4,368.83,,992.57,1101.7527,,109.1827
2025-10-28,IN,YJ,808157775411203,MW-G12-(3)-01,授信额度企业户,深圳芳林子,387.5,,,387.5,446.1675,,58.6675
2025-10-28,IN,YJ,1439671633983955,CapitalV-338,美金户,凤凰&洛阳,5548.7,3661.07,,1887.63,2095.2693,,207.6393
2025-10-28,MY,JK,2029509857819090,CapitalV-113,美金户,凤凰&洛阳,32.56,3.16,,29.4,32.634,,3.234
2025-10-28,KR,FKZ,6542495162497029,BON-XANY-USD-1022-04,美金户,海总-黑泽,74.16,11.92,,62.24,67.891392,,5.651392
2025-10-28,KR,YK,3197773227039903,TD-TIDE-yunf-126(8),绑卡美金户,凤凰&洛阳,32.49,23.26,,9.23,10.4299,,1.1999
2025-10-28,DE,YK,2518847551841790,GZTX-TH-zhongy-4,二不限,二不限企业户服务费2%+0.5%,296.34,194.68,,101.66,104.2015,,2.5415
2025-10-28,DE,YK,1168603055465114,GZTX-TH-zhongy-5,二不限,二不限企业户服务费2%+0.5%,263.26,182.59,,80.67,82.68675,,2.01675
2025-10-28,DE,YK,2291496354607228,GZTX-TH-zhongy-6,二不限,二不限企业户服务费2%+0.5%,92.17,35.58,,56.59,58.00475,,1.41475
2025-10-28,DE,XH,1323771136194852,GZTX-TH-thggj-1,二不限,二不限企业户服务费2%+0.5%,131.67,92.91,,38.76,39.729,,0.969
2025-10-28,DE,XH,1330404311819801,GZTX-TH-thggj-2,二不限,二不限企业户服务费2%+0.5%,117.93,78.63,,39.3,40.2825,,0.9825
2025-10-28,DE,LD,816420510734741,CapitalV-476,美金户,凤凰&洛阳,249.62,148.05,,101.57,112.7427,,11.1727
2025-10-29,IN,YJ,1872166763342425,CapitalV-107,美金户,凤凰&洛阳,6701.24,6528.95,,172.29,191.2419,,18.9519
2025-10-29,IN,YJ,1439671633983955,CapitalV-338,美金户,凤凰&洛阳,10553.49,5548.7,,5004.79,5555.3169,,550.5269
2025-10-29,IN,YJ,808157775411203,MW-G12-(3)-01,授信额度企业户,深圳芳林子,4680.59,387.5,,4293.09,4943.063826,,649.973826
2025-10-29,IN,XH,1348876219989402,CapitalV-78,美金户,凤凰&洛阳,4631.94,4574.58,,57.36,63.6696,,6.3096
2025-10-29,IN,XH,758663177005102,CapitalV-79,美金户,凤凰&洛阳,7644.06,6858.48,,785.58,871.9938,,86.4138
2025-10-29,IN,LM,1898483751099126,CapitalV-239,美金户,凤凰&洛阳,7901.83,7715.39,,186.44,206.9484,,20.5084
2025-10-29,IN,LM,1224904749656172,CapitalV-477,美金户,凤凰&洛阳,3563.52,2878.37,,685.15,760.5165,,75.3665
2025-10-29,IN,MY,1412307579460468,BA VORNIX 9,印尼企业户,印度户印尼企业户,173277.6141,171887.9395,,1389.674625,1500.848595,,111.17397
2025-10-29,IN,MM,1438907903891164,CapitalV-103,美金户,凤凰&洛阳,4043.42,3881.99,,161.43,179.1873,,17.7573
2025-10-29,IN,MM,1476490126933537,CapitalV-106,美金户,凤凰&洛阳,5178.77,5127.04,,51.73,57.4203,,5.6903
2025-10-29,IN,YK,1303476708234144,CapitalV-14,美金户,凤凰&洛阳,4248.84,3852.35,,396.49,440.1039,,43.6139
2025-10-29,IN,YK,1471775994150134,CapitalV-112,美金户,凤凰&洛阳,738.73,652.69,,86.04,95.5044,,9.4644
2025-10-29,IN,LD,736854286185255,CapitalV-03,美金户,凤凰&洛阳,14245.88,11480.46,,2765.42,3069.6162,,304.1962
2025-10-29,KR,FKZ,6542495162497029,BON-XANY-USD-1022-04,美金户,海总-黑泽,179.56,74.16,,105.4,114.97032,,9.57032
2025-10-29,IN,JK,2029509857819090,CapitalV-113,美金户,凤凰&洛阳,33177.35,30956.02,,2221.33,2465.6763,,244.3463
2025-10-29,IN,JK,1821778592100266,CapitalV-475,美金户,凤凰&洛阳,2235.73,1361.4,,874.33,970.5063,,96.1763
2025-10-29,MY,JK,2029509857819090,CapitalV-113,美金户,凤凰&洛阳,69.79,32.56,,37.23,41.3253,,4.0953
2025-10-29,IN,FD,793011120341955,CapitalV-15,美金户,凤凰&洛阳,8732.53,8483.18,,249.35,276.7785,,27.4285
2025-10-29,KR,YK,3197773227039903,TD-TIDE-yunf-126(8),绑卡美金户,凤凰&洛阳,101.89,32.49,,69.4,78.422,,9.022
2025-10-29,MY,YK,2387424608339473,NJLQ-TH-chuans-1,二不限,二不限企业户服务费2%+0.5%,192.22,178.42,,13.8,14.145,,0.345
2025-10-29,MY,YK,1897232574340067,NJLQ-TH-chuans-2,二不限,二不限企业户服务费2%+0.5%,143.01,134.61,,8.4,8.61,,0.21
2025-10-29,MY,YK,1122072493448304,GZTX-TH-santai-1,二不限,二不限企业户服务费2%+0.5%,41.59,,,41.59,42.62975,,1.03975
2025-10-29,MY,YK,4057465311236935,GZTX-TH-santai-2,二不限,二不限企业户服务费2%+0.5%,72.5,,,72.5,74.3125,,1.8125
2025-10-29,MY,YK,1720397915313625,GZTX-TH-santai-3,二不限,二不限企业户服务费2%+0.5%,67.45,,,67.45,69.13625,,1.68625
2025-10-29,IN,MY,1412307579460468,BA VORNIX 9,印尼企业户,印度户印尼企业户,78742.836,77773.002,,969.834,1047.42072,,77.58672
2025-10-29,IN,MY,946881977643479,CapitalV-526,美金户,凤凰&洛阳,663.49,,,663.49,736.4739,,72.9839
2025-10-29,IN,HW,1116545963329022,CapitalV-104,美金户,凤凰&洛阳,20738.03,20319.16,,418.87,464.9457,,46.0757
2025-10-30,IN,YJ,808157775411203,MW-G12-(3)-01,授信额度企业户,深圳芳林子,5696.77,4680.59,,1016.18,1170.029652,,153.849652
2025-10-30,DE,XH,758663177005102,CapitalV-79,美金户,凤凰&洛阳,6.19,,,6.19,6.8709,,0.6809
2025-10-30,IN,XH,758663177005102,CapitalV-79,美金户,凤凰&洛阳,7703.19,7650.25,,52.94,58.7634,,5.8234
2025-10-30,DE,YJ,808157775411203,MW-G12-(3)-01,授信额度企业户,深圳芳林子,19.75,,,19.75,22.74015,,2.99015
2025-10-30,MY,YK,1897232574340067,NJLQ-TH-chuans-2,二不限,二不限企业户服务费2%+0.5%,176.29,143.01,,33.28,34.112,,0.832
2025-10-30,MY,YK,1122072493448304,GZTX-TH-santai-1,二不限,二不限企业户服务费2%+0.5%,137.73,41.59,,96.14,98.5435,,2.4035
2025-10-30,MY,YK,4057465311236935,GZTX-TH-santai-2,二不限,二不限企业户服务费2%+0.5%,167.49,72.5,,94.99,97.36475,,2.37475
2025-10-30,MY,YK,1720397915313625,GZTX-TH-santai-3,二不限,二不限企业户服务费2%+0.5%,222.7,67.45,,155.25,159.13125,,3.88125
2025-10-30,MY,YK,808157775411203,MW-G12-(3)-01,授信额度企业户,深圳芳林子,29.84,,,29.84,34.357776,,4.517776
2025-10-30,IN,YK,1303476708234144,CapitalV-14,美金户,凤凰&洛阳,4319.03,4248.84,,70.19,77.9109,,7.7209
2025-10-30,IN,YK,1471775994150134,CapitalV-112,美金户,凤凰&洛阳,881.23,738.73,,142.5,158.175,,15.675
2025-10-30,IN,LM,1898483751099126,CapitalV-239,美金户,凤凰&洛阳,8389.65,7901.83,,487.82,541.4802,,53.6602
2025-10-30,IN,LM,1224904749656172,CapitalV-477,美金户,凤凰&洛阳,3594.82,3563.52,,31.3,34.743,,3.443
2025-10-30,IN,LD,736854286185255,CapitalV-03,美金户,凤凰&洛阳,14804.47,14245.88,,558.59,620.0349,,61.4449
2025-10-30,IN,JK,2029509857819090,CapitalV-113,美金户,凤凰&洛阳,33736.94,33177.35,,559.59,621.1449,,61.5549
2025-10-30,IN,JK,1821778592100266,CapitalV-475,美金户,凤凰&洛阳,2379.55,2235.73,,143.82,159.6402,,15.8202
2025-10-30,MY,JK,2029509857819090,CapitalV-113,美金户,凤凰&洛阳,237.55,69.79,,167.76,186.2136,,18.4536
2025-10-30,KR,YK,3197773227039903,TD-TIDE-yunf-126(8),绑卡美金户,凤凰&洛阳,123.74,101.89,,21.85,24.6905,,2.8405
2025-10-30,KR,YK,1159503902059269,BA VORNIX 2,印尼企业户,印度户印尼企业户,57.2546875,,,57.2546875,61.8350625,,4.580375
2025-10-30,DE,LM,1224904749656172,CapitalV-477,美金户,凤凰&洛阳,50.92,,,50.92,56.5212,,5.6012
2025-10-30,KR,MM,1438907903891164,CapitalV-103,美金户,凤凰&洛阳,4072.1,4043.42,,28.68,31.8348,,3.1548
2025-10-30,KR,MM,1476490126933537,CapitalV-106,美金户,凤凰&洛阳,5213.36,5178.77,,34.59,38.3949,,3.8049
2025-10-30,KR,MM,1159503902059269,BA VORNIX 2,印尼企业户,印度户印尼企业户,100.0664375,,,100.0664375,108.0717525,,8.005315
2025-10-30,KR,MY,2296149764140259,CapitalV-525,美金户,凤凰&洛阳,69.64,,,69.64,77.3004,,7.6604
2025-10-30,IN,FD,936002028210213,BA GLADIUS 4,印尼企业户,印度户印尼企业户,10534.82,10532.35,,2.47,2.6923,,0.2223
2025-10-30,IN,YJ,936002028210213,BA GLADIUS 4,印尼企业户,印度户印尼企业户,27850.55,27830.53,,20.02,21.8218,,1.8018
2025-10-30,IN,LM,936002028210213,BA GLADIUS 4,印尼企业户,印度户印尼企业户,10549.53,10546.91,,2.62,2.8558,,0.2358
2025-10-30,IN,LD,936002028210213,BA GLADIUS 4,印尼企业户,印度户印尼企业户,5316.98,5314.42,,2.56,2.7904,,0.2304
2025-10-30,IN,JK,936002028210213,BA GLADIUS 4,印尼企业户,印度户印尼企业户,42856.35,42852.42,,3.93,4.2837,,0.3537
2025-10-31,NG,FKZ,1556948215485152,01 1,美金户,内部自用,6.02,,,6.02,6.02,,0.0
2025-10-31,NG,FKZ,2040394593448446,01 2,美金户,内部自用,0.5,,,0.5,0.5,,0.0
2025-10-31,NG,FKZ,1679504480120740,01 3,美金户,内部自用,392.5,,,392.5,392.5,,0.0
2025-10-31,NG,FKZ,4330212280540082,2 1,美金户,内部自用,11.07,,,11.07,11.07,,0.0
2025-10-31,DE,XH,758663177005102,CapitalV-79,美金户,凤凰&洛阳,7804.1,7703.19,,100.91,112.0101,,11.1001
2025-10-31,DE,FD,793011120341955,CapitalV-15,美金户,凤凰&洛阳,8766.58,8732.53,,34.05,37.7955,,3.7455
2025-10-31,DE,LM,1224904749656172,CapitalV-477,美金户,凤凰&洛阳,258.03,50.92,,207.11,229.8921,,22.7821
2025-10-31,DE,LD,820300500513570,FLZ-XIN- SHEN-1023-2,美金户,深圳芳林子,2.28,,,2.28,2.579136,,0.299136
2025-10-31,DE,LD,816420510734741,CapitalV-476,美金户,凤凰&洛阳,313.66,249.62,,64.04,71.0844,,7.0444
2025-10-31,KR,MY,2296149764140259,CapitalV-525,美金户,凤凰&洛阳,138.1,69.64,,68.46,75.9906,,7.5306
2025-10-31,KR,MY,1412307579460468,BA VORNIX 9,印尼企业户,印度户印尼企业户,17.9694375,,,17.9694375,19.4069925,,1.437555
2025-10-31,KR,HY,1412307579460468,BA VORNIX 9,印尼企业户,印度户印尼企业户,352.2955625,,,352.2955625,380.4792075,,28.183645
2025-10-31,KR,HY,810294425297207,FBQT - Xiaohe 1,额度户,凤凰&洛阳,16.77,,,16.77,19.2855,,2.5155
2025-10-31,KR,MM,1438907903891164,CapitalV-103,美金户,凤凰&洛阳,4087.11,4072.1,,15.01,16.6611,,1.6511
2025-10-31,KR,MM,1476490126933537,CapitalV-106,美金户,凤凰&洛阳,5396.23,5213.36,,182.87,202.9857,,20.1157
2025-10-31,KR,MM,1159503902059269,BA VORNIX 2,印尼企业户,印度户印尼企业户,156.7940625,100.0664375,,56.727625,61.265835,,4.53821
2025-10-31,DE,YJ,808157775411203,MW-G12-(3)-01,授信额度企业户,深圳芳林子,119.75,19.75,,100.0,115.14,,15.14
2025-10-31,MY,YK,1122072493448304,GZTX-TH-santai-1,二不限,二不限企业户服务费2%+0.5%,138.18,137.73,,0.45,0.46125,,0.01125
2025-10-31,MY,YK,4057465311236935,GZTX-TH-santai-2,二不限,二不限企业户服务费2%+0.5%,741.3,167.49,,573.81,588.15525,,14.34525
2025-10-31,MY,YK,1720397915313625,GZTX-TH-santai-3,二不限,二不限企业户服务费2%+0.5%,240.71,222.7,,18.01,18.46025,,0.45025
2025-10-31,MY,YK,808157775411203,MW-G12-(3)-01,授信额度企业户,深圳芳林子,52.52,29.84,,22.68,26.113752,,3.433752
2025-10-31,KR,YK,3197773227039903,TD-TIDE-yunf-126(8),绑卡美金户,凤凰&洛阳,133.4,123.74,,9.66,10.9158,,1.2558
2025-10-31,KR,YK,1159503902059269,BA VORNIX 2,印尼企业户,印度户印尼企业户,276.7885625,57.2546875,,219.533875,237.096585,,17.56271
2025-10-31,NG,JK,1821778592100266,CapitalV-475,美金户,凤凰&洛阳,70.46,,,70.46,78.2106,,7.7506
2025-11-01,MY,JK,2029509857819090,CapitalV-113,美金户,凤凰&洛阳,423.33,237.55,,185.78,206.2158,,20.4358
2025-11-01,MY,XH,1348876219989402,CapitalV-78,美金户,凤凰&洛阳,4653.17,4631.94,,21.23,23.5653,,2.3353
2025-11-01,MY,YK,4057465311236935,GZTX-TH-santai-2,二不限,二不限企业户服务费2%+0.5%,1005.62,741.3,,264.32,270.928,,6.608
2025-11-01,MY,YK,1159503902059269,BA VORNIX 2,印尼企业户,印度户印尼企业户,55.3969375,,,55.3969375,59.8286925,,4.431755
2025-11-01,MY,LM,1142670713919397,Eastar 4 - ADA -1997,美金户,GT&SHEN 欧洲户8+1,9.86,,,9.86,10.7474,,0.8874
2025-11-01,MY,LM,1898483751099126,CapitalV-239,美金户,凤凰&洛阳,44.77,,,44.77,49.6947,,4.9247
2025-11-01,MY,LM,1874361699813798,KMCP-TH-erwan-5,二不限,二不限企业户服务费2%+0.5%,0.04,,,0.04,0.041,,0.001
2025-11-01,NG,FKZ,1556948215485152,01 1,美金户,内部自用,271.12,6.02,,265.1,265.1,,0.0
2025-11-01,NG,FKZ,2040394593448446,01 2,美金户,内部自用,275.37,0.5,,274.87,274.87,,0.0
2025-11-01,NG,FKZ,1679504480120740,01 3,美金户,内部自用,737.71,392.5,,345.21,345.21,,0.0
2025-11-01,NG,FKZ,1213050317353296,01 4,美金户,内部自用,102.08,,,102.08,102.08,,0.0
2025-11-02,MY,YK,4057465311236935,GZTX-TH-santai-2,二不限,二不限企业户服务费2%+0.5%,1338.55,1005.62,,332.93,341.25325,,8.32325
2025-11-02,MY,LM,1898483751099126,CapitalV-239,美金户,凤凰&洛阳,143.63,44.77,,98.86,109.7346,,10.8746
2025-11-03,IN,XH,946881977643479,CapitalV-526,美金户,凤凰&洛阳,nan,667.36,,,,,
2025-11-02,NG,FKZ,1556948215485152,01 1,美金户,内部自用,319.7,271.12,,48.58,48.58,,0.0
2025-11-02,NG,FKZ,2040394593448446,01 2,美金户,内部自用,569.79,275.37,,294.42,294.42,,0.0
2025-11-02,NG,FKZ,1679504480120740,01 3,美金户,内部自用,933.24,737.71,,195.53,195.53,,0.0
2025-11-02,NG,FKZ,1213050317353296,01 4,美金户,内部自用,258.12,102.08,,156.04,156.04,,0.0
2025-11-02,NG,FKZ,824826453257742,01 5,美金户,内部自用,240.26,,,240.26,240.26,,0.0
2025-11-03,NG,FKZ,1556948215485152,01 1,美金户,内部自用,319.7,319.7,,0.0,0.0,,0.0
2025-11-03,NG,FKZ,2040394593448446,01 2,美金户,内部自用,651.77,569.79,,81.98,81.98,,0.0
2025-11-03,NG,FKZ,1679504480120740,01 3,美金户,内部自用,962.29,933.24,,29.05,29.05,,0.0
2025-11-03,NG,FKZ,1213050317353296,01 4,美金户,内部自用,347.81,258.12,,89.69,89.69,,0.0
2025-11-03,NG,FKZ,824826453257742,01 5,美金户,内部自用,379.19,240.26,,138.93,138.93,,0.0
2025-11-03,IN,FD,1159503902059269,BA VORNIX 2,印尼企业户,印度户印尼企业户,47.7035625,,,47.7035625,51.5198475,,3.816285
2025-11-03,IN,LD,736854286185255,CapitalV-03,美金户,凤凰&洛阳,14806.69,14804.47,,2.22,2.4642,,0.2442
2025-11-03,IN,LD,905176548823872,Tencent IS Pte.Ltd +8 -050,美金户,B哥-fb三不限10➕1,10.69,,,10.69,11.8659,,1.1759
2025-11-03,MY,LM,1898483751099126,CapitalV-239,美金户,凤凰&洛阳,513.15,143.63,,369.52,410.1672,,40.6472
2025-11-03,MY,XH,1348876219989402,CapitalV-78,美金户,凤凰&洛阳,4662.89,4653.17,,9.72,10.7892,,1.0692
2025-11-03,MY,JK,2029509857819090,CapitalV-113,美金户,凤凰&洛阳,433.0,423.33,,9.67,10.7337,,1.0637
2025-11-03,MY,YK,4057465311236935,GZTX-TH-santai-2,二不限,二不限企业户服务费2%+0.5%,1697.9,1338.55,,359.35,368.33375,,8.98375
2025-11-03,SE,MY,1412307579460468,BA VORNIX 9,印尼企业户,印度户印尼企业户,299.722,,,299.722,323.69976,,23.97776
2025-11-04,MY,YK,1364981671914008,BRG-USD-080802-806-(GMT-3),美金户,泰华&启航,nan,69.3,,,,,
2025-11-04,MY,YK,1159503902059269,BA VORNIX 2,印尼企业户,印度户印尼企业户,443.3180625,55.3969375,,387.921125,418.954815,,31.03369
2025-11-04,NG,FKZ,1556948215485152,01 1,美金户,内部自用,319.79,319.7,,0.09,0.09,,0.0
2025-11-04,NG,FKZ,2040394593448446,01 2,美金户,内部自用,800.0,651.77,,148.23,148.23,,0.0
2025-11-04,NG,FKZ,1679504480120740,01 3,美金户,内部自用,1072.73,962.29,,110.44,110.44,,0.0
2025-11-04,NG,FKZ,1213050317353296,01 4,美金户,内部自用,575.03,347.81,,227.22,227.22,,0.0
2025-11-04,NG,FKZ,824826453257742,01 5,美金户,内部自用,530.45,379.19,50.0,151.26,151.26,,0.0
2025-11-03,IN,HY,1412307579460468,BA VORNIX 9,印尼企业户,印度户印尼企业户,375.573625,,,375.573625,405.619515,,30.04589
2025-11-04,IN,LD,905176548823872,Tencent IS Pte.Ltd +8 -050,美金户,B哥-fb三不限10➕1,30.08,10.69,,19.39,21.5229,,2.1329
2025-11-04,IN,LD,936002028210213,BA GLADIUS 4,印尼企业户,印度户印尼企业户,5341.33,5316.98,,24.35,26.5415,,2.1915
2025-11-04,IN,MY,1412307579460468,BA VORNIX 9,印尼企业户,印度户印尼企业户,71.183875,,,71.183875,76.878585,,5.69471
2025-11-04,IN,LM,1591004292308308,Tencent IS Pte.Ltd +8 -051,美金户,B哥-fb三不限10➕1,33.63,,,33.63,37.3293,,3.6993
2025-11-04,IN,MM,1159503902059269,BA VORNIX 2,印尼企业户,印度户印尼企业户,150.87,,,150.87,162.9396,,12.0696
2025-11-04,SE,MY,1412307579460468,BA VORNIX 9,印尼企业户,印度户印尼企业户,398.7664375,299.722,,99.0444375,106.9679925,,7.923555
2025-11-04,MY,LM,936002028210213,BA GLADIUS 4,印尼企业户,印度户印尼企业户,16.98,,,16.98,18.5082,,1.5282
2025-11-04,IN,YJ,1159503902059269,BA VORNIX 2,印尼企业户,印度户印尼企业户,598.965125,395.3921875,,203.5729375,219.8587725,,16.285835
2025-11-04,SE,JK,936002028210213,BA GLADIUS 4,印尼企业户,印度户印尼企业户,155.68,,,155.68,169.6912,,14.0112
2025-11-05,NG,FKZ,1556948215485152,01 1,美金户,内部自用,319.79,319.79,,0.0,0.0,,0.0
2025-11-05,NG,FKZ,2040394593448446,01 2,美金户,内部自用,992.43,800.0,,192.43,192.43,,0.0
2025-11-05,NG,FKZ,1679504480120740,01 3,美金户,内部自用,1280.96,1072.73,,208.23,208.23,,0.0
2025-11-05,NG,FKZ,1213050317353296,01 4,美金户,内部自用,794.77,575.03,,219.74,219.74,,0.0
2025-11-05,NG,FKZ,824826453257742,01 5,美金户,内部自用,796.33,530.45,,265.88,265.88,,0.0
2025-11-05,MY,YK,1159503902059269,BA VORNIX 2,印尼企业户,印度户印尼企业户,696.127,443.3180625,,252.8089375,273.0336525,,20.224715
2025-11-05,MY,LM,936002028210213,BA GLADIUS 4,印尼企业户,印度户印尼企业户,26.91,16.98,,9.93,10.8237,,0.8937
2025-11-05,SE,FD,936002028210213,BA GLADIUS 4,印尼企业户,印度户印尼企业户,10567.52,10534.82,,32.7,35.643,,2.943
2025-11-05,SE,JK,936002028210213,BA GLADIUS 4,印尼企业户,印度户印尼企业户,509.36,155.68,,353.68,385.5112,,31.8312
2025-11-05,SE,LD,905176548823872,Tencent IS Pte.Ltd +8 -050,美金户,B哥-fb三不限10➕1,103.02,30.08,,72.94,80.9634,,8.0234
2025-11-05,SE,LM,936002028210213,BA GLADIUS 4,印尼企业户,印度户印尼企业户,66.04,,,66.04,71.9836,,5.9436
2025-11-05,SE,LM,1591004292308308,Tencent IS Pte.Ltd +8 -051,美金户,B哥-fb三不限10➕1,48.3,,,48.3,53.613,,5.313
2025-11-05,SE,YJ,936002028210213,BA GLADIUS 4,印尼企业户,印度户印尼企业户,131.07,,,131.07,142.8663,,11.7963
2025-11-05,SE,YJ,1159503902059269,BA VORNIX 2,印尼企业户,印度户印尼企业户,226.7778125,,,226.7778125,244.9200375,,18.142225
2025-11-05,KR,MY,2296149764140259,CapitalV-525,美金户,凤凰&洛阳,188.1,138.1,,50.0,55.5,,5.5
2025-11-05,KR,MY,1412307579460468,BA VORNIX 9,印尼企业户,印度户印尼企业户,68.9903125,17.9694375,,51.020875,55.102545,,4.08167
2025-11-05,KR,HY,810294425297207,FBQT - Xiaohe 1,额度户,凤凰&洛阳,26.43,16.77,,9.66,11.109,,1.449
2025-11-05,KR,YK,1303476708234144,CapitalV-14,美金户,凤凰&洛阳,4325.52,4319.03,,6.49,7.2039,,0.7139
2025-11-05,KR,YK,1471775994150134,CapitalV-112,美金户,凤凰&洛阳,2244.86,2238.9,,5.96,6.6156,,0.6556
2025-11-05,KR,MM,1476490126933537,CapitalV-106,美金户,凤凰&洛阳,5424.64,5396.23,,28.41,31.5351,,3.1251
2025-11-05,KR,MM,1159503902059269,BA VORNIX 2,印尼企业户,印度户印尼企业户,162.7083125,156.7940625,,5.91425,6.38739,,0.47314
2025-11-05,NG,FKZ,1556948215485152,01 1,美金户,内部自用,319.79,319.79,,0.0,0.0,,0.0
2025-11-05,NG,FKZ,2040394593448446,01 2,美金户,内部自用,1026.73,992.43,,34.3,34.3,,0.0
2025-11-05,NG,FKZ,1679504480120740,01 3,美金户,内部自用,1384.24,1280.96,,103.28,103.28,,0.0
2025-11-05,NG,FKZ,1213050317353296,01 4,美金户,内部自用,961.14,794.77,,166.37,166.37,,0.0
2025-11-05,NG,FKZ,824826453257742,01 5,美金户,内部自用,984.87,796.33,,188.54,188.54,,0.0
2025-11-06,MY,YK,1159503902059269,BA VORNIX 2,印尼企业户,印度户印尼企业户,1187.459188,696.127,,491.3321875,530.6387625,,39.306575
2025-11-06,MY,MY,1412307579460468,BA VORNIX 9,印尼企业户,印度户印尼企业户,60.5598125,,,60.5598125,65.4045975,,4.844785
2025-11-06,MY,MM,1159503902059269,BA VORNIX 2,印尼企业户,印度户印尼企业户,29.038125,,,29.038125,31.361175,,2.32305
2025-11-06,MY,XH,1655882428449007,BON-XANY-VND-1027-05,越南户,海总-黑泽,nan,49.11468,,,,,
2025-11-06,MY,LM,936002028210213,BA GLADIUS 4,印尼企业户,印度户印尼企业户,78.28,26.91,,51.37,55.9933,,4.6233
2025-11-06,MY,JK,1159503902059269,BA VORNIX 2,印尼企业户,印度户印尼企业户,30.2140625,,,30.2140625,32.6311875,,2.417125
2025-11-06,MY,XH,936002028210213,BA GLADIUS 4,印尼企业户,印度户印尼企业户,4.72,,,4.72,5.1448,,0.4248
2025-11-06,SE,YK,3271878336299926,Dong-115,二不限,十月二不限——（泰华）,36.04,,,36.04,36.7608,,0.7208
2025-11-06,SE,YK,3380936762065433,Dong-117,二不限,十月二不限——（泰华）,13.17,,,13.17,13.4334,,0.2634
2025-11-06,SE,LD,936002028210213,BA GLADIUS 4,印尼企业户,印度户印尼企业户,5634.73,5341.33,,293.4,319.806,,26.406
2025-11-06,SE,LM,936002028210213,BA GLADIUS 4,印尼企业户,印度户印尼企业户,540.09,66.04,,474.05,516.7145,,42.6645
2025-11-06,SE,FD,936002028210213,BA GLADIUS 4,印尼企业户,印度户印尼企业户,10928.37,10567.52,,360.85,393.3265,,32.4765
2025-11-06,SE,JK,936002028210213,BA GLADIUS 4,印尼企业户,印度户印尼企业户,903.04,509.36,,393.68,429.1112,,35.4312
2025-11-06,SE,YJ,936002028210213,BA GLADIUS 4,印尼企业户,印度户印尼企业户,199.97,131.07,,68.9,75.101,,6.201
2025-11-06,SE,YJ,1159503902059269,BA VORNIX 2,印尼企业户,印度户印尼企业户,397.9655,226.7778125,,171.1876875,184.8827025,,13.695015
2025-11-06,SE,XH,936002028210213,BA GLADIUS 4,印尼企业户,印度户印尼企业户,219.39,,,219.39,239.1351,,19.7451
2025-11-06,MY,HY,1412307579460468,BA VORNIX 9,印尼企业户,印度户印尼企业户,13.505125,,,13.505125,14.585535,,1.08041
2025-11-07,SE,JK,936002028210213,BA GLADIUS 4,印尼企业户,印度户印尼企业户,1039.51,903.04,,136.47,148.7523,,12.2823
2025-11-07,SE,LM,936002028210213,BA GLADIUS 4,印尼企业户,印度户印尼企业户,551.12,540.09,,11.03,12.0227,,0.9927
2025-11-07,SE,YK,3271878336299926,Dong-115,二不限,十月二不限——（泰华）,38.74,36.04,,2.7,2.754,,0.054
2025-11-07,SE,YK,3380936762065433,Dong-117,二不限,十月二不限——（泰华）,36.45,13.17,,23.28,23.7456,,0.4656
2025-11-07,SE,YK,1134280728907246,Dong-116,二不限,十月二不限——（泰华）,35.0,,,35.0,35.7,,0.7
2025-11-07,SE,LD,936002028210213,BA GLADIUS 4,印尼企业户,印度户印尼企业户,5641.63,5634.73,,6.9,7.521,,0.621
2025-11-07,SE,LD,905176548823872,Tencent IS Pte.Ltd +8 -050,美金户,B哥-fb三不限10➕1,182.84,103.02,,79.82,88.6002,,8.7802
2025-11-07,MY,YK,1159503902059269,BA VORNIX 2,印尼企业户,印度户印尼企业户,1286.984375,1187.459188,,99.5251875,107.4872025,,7.962015
2025-11-07,MY,YK,2142175782897284,BRG-USD-10005-080802-(GMT+7),美金户,泰华&启航,469.42,,,469.42,521.5777778,,52.15777778
2025-11-07,MY,JK,1159503902059269,BA VORNIX 2,印尼企业户,印度户印尼企业户,51.17275,,,51.17275,55.26657,,4.09382
2025-11-07,SE,YJ,936002028210213,BA GLADIUS 4,印尼企业户,印度户印尼企业户,248.99,199.97,,49.02,53.4318,,4.4118
2025-11-07,SE,XH,936002028210213,BA GLADIUS 4,印尼企业户,印度户印尼企业户,468.07,361.75,,106.32,115.8888,,9.5688
2025-11-07,SE,FD,936002028210213,BA GLADIUS 4,印尼企业户,印度户印尼企业户,10930.12,10928.37,,1.75,1.9075,,0.1575
2025-11-07,MY,LM,936002028210213,BA GLADIUS 4,印尼企业户,印度户印尼企业户,196.15,78.28,,117.87,128.4783,,10.6083
2025-11-07,MY,XH,936002028210213,BA GLADIUS 4,印尼企业户,印度户印尼企业户,6.04,,,6.04,6.5836,,0.5436
2025-11-08,SE,LD,905176548823872,Tencent IS Pte.Ltd +8 -050,美金户,B哥-fb三不限10➕1,500.0,182.84,,317.16,352.0476,,34.8876
2025-11-08,SE,YJ,6542495162497029,BON-XANY-USD-1022-04,美金户,海总-黑泽,nan,180.54,,,,,
2025-11-09,SE,MM,1587005335617106,KMSL-keba-2,二不限,二不限企业户服务费2%+0.5%,3.78,,,3.78,3.8745,,0.0945
2025-11-09,SE,MM,1327488135301841,KMSL-keba-3,二不限,二不限企业户服务费2%+0.5%,12.93,,,12.93,13.25325,,0.32325
2025-11-09,SE,MM,1068306401900453,PeakTime-86,美金户,凤凰&洛阳,14.76,,,14.76,16.3836,,1.6236
2025-11-09,SE,LD,905176548823872,Tencent IS Pte.Ltd +8 -050,美金户,B哥-fb三不限10➕1,503.45,500.0,,3.45,3.8295,,0.3795
2025-11-09,MY,YK,2142175782897284,BRG-USD-10005-080802-(GMT+7),美金户,泰华&启航,886.25,469.42,,416.83,463.1444444,,46.31444444
2025-11-09,MY,LM,1817424052151470,PeakTime-85,美金户,凤凰&洛阳,0.11,,,0.11,0.1221,,0.0121
2025-11-10,SE,MM,1430146614837022,BON-XANY-VND-0801-18,越南盾,海总-黑泽,nan,0.21532,,,,,
2025-11-10,SE,JK,377081334931199,Tencent IS Pte.Ltd +8 -088,美金户,B哥-fb三不限10➕1,nan,10.51,,,,,
2025-11-10,SE,JK,1146001080110771,BRGUSD-170099-0800802(GMT+5:30),美金户,泰华&启航,nan,24444.08,,,,,
2025-11-10,MY,YK,2142175782897284,BRG-USD-10005-080802-(GMT+7),美金户,泰华&启航,1152.45,886.25,,266.2,295.7777778,,29.57777778
2025-11-10,SE,LD,679957838468653,SP-A7907-USD(+7)-005,美金户,路人互动-海总（50-7）山治,159.8,,,159.8,170.986,,11.186
2025-11-10,SE,MM,1430146614837022,BON-XANY-VND-0801-18,越南盾,海总-黑泽,121.80728,0.21532,,121.59196,132.63251,,11.04054997
2025-11-10,SE,LM,270468399386879,Tencent IS Pte.Ltd +8 -089,美金户,B哥-fb三不限10➕1,267.65,,,267.65,297.0915,,29.4415
2025-11-10,SE,JK,377081334931199,Tencent IS Pte.Ltd +8 -088,美金户,B哥-fb三不限10➕1,110.46,10.51,,99.95,110.9445,,10.9945
2025-11-11,SE,LM,270468399386879,Tencent IS Pte.Ltd +8 -089,美金户,B哥-fb三不限10➕1,344.22,267.65,,76.57,84.9927,,8.4227
2025-11-11,SE,XH,410770464710264,BR-USD-170058-080802-(GMT+5:30),美金户,泰华&启航,nan,1283.16,,,,,
2025-11-11,SE,LD,679957838468653,SP-A7907-USD(+7)-005,美金户,路人互动-海总（50-7）山治,290.92,159.8,,131.12,140.2984,,9.1784
2025-11-11,SE,XH,410770464710264,BR-USD-170058-080802-(GMT+5:30),美金户,泰华&启航,1421.07,1283.16,,137.91,153.2333333,,15.32333333
2025-11-11,SE,MM,1430146614837022,BON-XANY-VND-0801-18,越南盾,海总-黑泽,285.84056,121.80728,,164.03328,178.9275018,,14.89422182
2025-11-11,SE,MM,1886488136085833,SGGS(+8)-1106-20,国内三不限,泰华&启航,44.46,,,44.46,50.29818182,,5.838181818
2025-11-11,MY,LM,1191547432840881,SGGS(+8)-1106-19,国内三不限,泰华&启航,44.11,,,44.11,49.90222222,,5.792222222
2025-11-11,ID,YJ,3155193424645463,SP-A2674-USD(+7)-004,美金户,路人互动-海总（50-7）山治,36.97,,,36.97,39.5579,,2.5879
2025-11-11,SE,JK,377081334931199,Tencent IS Pte.Ltd +8 -088,美金户,B哥-fb三不限10➕1,328.4,110.46,,217.94,241.9134,,23.9734
2025-11-11,ID,LM,2258300644509766,BR-USD-1700107-080802-(GMT+5:30),美金户,泰华&启航,nan,18183.03,,,,,
2025-11-11,ID,LM,2258300644509766,BR-USD-1700107-080802-(GMT+5:30),美金户,泰华&启航,18238.22,18183.03,,55.19,61.32222222,,6.132222222
2025-11-11,ID,LM,270468399386879,Tencent IS Pte.Ltd +8 -089,美金户,B哥-fb三不限10➕1,65.87,,,65.87,73.1157,,7.2457
2025-11-11,ID,XH,2035803437160939,LTK-8239-USD(+7)-155,美金户,路人互动-海总（50-7）山治,7.27,,,7.27,7.7789,,0.5089
2025-11-11,ID,MM,1886488136085833,SGGS(+8)-1106-20,国内三不限,泰华&启航,35.38,,,35.38,40.02585859,,4.645858586
2025-11-11,ID,LD,1224995106099741,ES4.136 - Mark 829244,美金户,GT&海总 欧洲金融户９＋１,69.87,,,69.87,76.857,,6.987
2025-11-11,MY,YK,219193647481793,NHT-CAXU-VND-1110-13,越南盾,海总-黑泽,4.88776,,,4.88776,5.331568608,,0.443808608
2025-11-11,MY,YK,1118258773443175,DZYS-TH-yumao-3,二不限,二不限企业户服务费2%+0.5%,85.3,,,85.3,87.4325,,2.1325
2025-11-11,ID,JK,1146001080110771,BRGUSD-170099-0800802(GMT+5:30),美金户,泰华&启航,24492.7,24444.08,,48.62,54.02222222,,5.402222222
2025-11-12,ID,MM,810733641507127,LTK-3103-USD(+7)-81,美金户,路人互动-海总（50-7）山治,1.41,,,1.41,1.5087,,0.0987
2025-11-12,SE,MM,410770464710264,BR-USD-170058-080802-(GMT+5:30),美金户,泰华&启航,nan,1421.07,,,,,
2025-11-12,SE,LM,270468399386879,Tencent IS Pte.Ltd +8 -089,美金户,B哥-fb三不限10➕1,359.76,344.22,,15.54,17.2494,,1.7094
2025-11-12,SE,LM,1431217654647972,GOGO-ZDD-ADA+7-GX-679,GO欧洲金融户,海总&志诚三不限,7.75,,,7.75,8.525,,0.775
2025-11-12,SE,MM,1430146614837022,BON-XANY-VND-0801-18,越南盾,海总-黑泽,450.83332,285.84056,,164.99276,179.9741026,,14.98134261
2025-11-12,SE,MM,818062180789978,RED-YQ-030,越南美金户,Y-5208 FB欧/美户,15.22,,,15.22,16.8942,,1.6742
2025-11-12,SG,YK,999994072267728,Matepro-ADA+8-QQB-220,books加白户,海总&志诚三不限,4.41,,,4.41,4.7187,,0.3087
2025-11-12,SE,LD,679957838468653,SP-A7907-USD(+7)-005,美金户,路人互动-海总（50-7）山治,300.94,290.92,,10.02,10.7214,,0.7014
2025-11-12,SE,LD,1224995106099741,ES4.136 - Mark 829244,美金户,GT&海总 欧洲金融户９＋１,145.25,69.87,,75.38,82.918,,7.538
2025-11-12,SE,LD,1361811365306011,GOGO-ZDD-ADA+7-GX-678,GO欧洲金融户,海总&志诚三不限,2.88,,,2.88,3.168,,0.288
2025-11-12,SE,JK,377081334931199,Tencent IS Pte.Ltd +8 -088,美金户,B哥-fb三不限10➕1,632.39,328.4,,303.99,337.4289,,33.4389
2025-11-12,ID,MM,818062180789978,RED-YQ-030,越南美金户,Y-5208 FB欧/美户,12.94,,,12.94,14.3634,,1.4234
2025-11-12,SE,LD,2035803437160939,LTK-8239-USD(+7)-155,美金户,路人互动-海总（50-7）山治,nan,7.32,,,,,
2025-11-13,SE,YJ,6542495162497029,BON-XANY-USD-1022-04,美金户,海总-黑泽,nan,183.67,,,,,
2025-11-13,SE,MM,1430146614837022,BON-XANY-VND-0801-18,越南盾,海总-黑泽,627.14928,450.83332,,176.31596,192.3254492,,16.00948917
2025-11-13,SE,MM,818062180789978,RED-YQ-030,越南美金户,Y-5208 FB欧/美户,62.19,,,62.19,69.0309,,6.8409
2025-11-13,SE,MM,410770464710264,BR-USD-170058-080802-(GMT+5:30),美金户,泰华&启航,1508.08,1421.07,,87.01,96.67777778,,9.667777778
2025-11-13,SE,LD,1224995106099741,ES4.136 - Mark 829244,美金户,GT&海总 欧洲金融户９＋１,269.18,145.25,,123.93,136.323,,12.393
2025-11-13,SE,LM,270468399386879,Tencent IS Pte.Ltd +8 -089,美金户,B哥-fb三不限10➕1,425.43,359.76,,65.67,72.8937,,7.2237
2025-11-13,SE,LM,1431217654647972,GOGO-ZDD-ADA+7-GX-679,GO欧洲金融户,海总&志诚三不限,49.36,7.75,,41.61,45.771,,4.161
2025-11-13,SE,LM,968898984458092,NHT-CAXU-VND-1021-09,越南盾,海总-黑泽,25.662,,,25.662,27.9921096,,2.3301096
2025-11-11,ID,JK,1146001080110771,BRGUSD-170099-0800802(GMT+5:30),美金户,泰华&启航,24494.26,24492.7,,1.56,1.733333333,,0.1733333333
2025-11-14,SE,HY,1479123393168856,KMSL-TH-wofei-5,二不限,二不限企业户服务费2%+0.5%,300.01,,,300.01,307.51025,,7.50025
2025-11-14,SE,YJ,24809565795372459,FBQT - Xin Zaohe 1,额度户,凤凰&洛阳,9.08,,,9.08,10.442,,1.362
2025-11-14,SE,LD,1224995106099741,ES4.136 - Mark 829244,美金户,GT&海总 欧洲金融户９＋１,338.63,269.18,,69.45,76.395,,6.945
2025-11-14,SE,LD,2035803437160939,LTK-8239-USD(+7)-155,美金户,路人互动-海总（50-7）山治,65.85,7.32,,58.53,62.6271,,4.0971
2025-11-14,SE,JK,803924115464963,Matepro-ADA+7-QQB-198,印尼美金户,海总&志诚三不限,3.26,,,3.26,3.4882,,0.2282
2025-11-14,SE,LM,270468399386879,Tencent IS Pte.Ltd +8 -089,美金户,B哥-fb三不限10➕1,482.96,425.43,,57.53,63.8583,,6.3283
2025-11-14,SE,LM,1431217654647972,GOGO-ZDD-ADA+7-GX-679,GO欧洲金融户,海总&志诚三不限,94.61,49.36,,45.25,49.775,,4.525
2025-11-14,SE,LM,968898984458092,NHT-CAXU-VND-1021-09,越南盾,海总-黑泽,98.05188,25.662,,72.38988,78.9628811,,6.573001104
2025-11-14,SE,LM,815837277714994,LYUS-523,美金户,凤凰&洛阳,10.4,,,10.4,11.544,,1.144
2025-11-15,SE,LD,1224995106099741,ES4.136 - Mark 829244,美金户,GT&海总 欧洲金融户９＋１,366.04,338.63,,27.41,30.151,,2.741
2025-11-15,SE,JK,24656368607360135,LYUS-526,美金户,凤凰&洛阳,0.8,,,0.8,0.888,,0.088
2025-11-15,SE,JK,1887328668772494,Kevin-Công Ty-1137,美金户,Y-5208 FB欧/美户,167.11,,,167.11,183.821,,16.711
2025-11-15,SE,LM,270468399386879,Tencent IS Pte.Ltd +8 -089,美金户,B哥-fb三不限10➕1,575.92,548.83,,27.09,30.0699,,2.9799
2025-11-15,SE,LM,1431217654647972,GOGO-ZDD-ADA+7-GX-679,GO欧洲金融户,海总&志诚三不限,105.68,94.61,,11.07,12.177,,1.107
2025-11-15,SE,LM,968898984458092,NHT-CAXU-VND-1021-09,越南盾,海总-黑泽,127.79216,98.05188,,29.74028,32.44069742,,2.700417424
2025-11-15,SE,LM,815837277714994,LYUS-523,美金户,凤凰&洛阳,109.44,10.4,,99.04,109.9344,,10.8944
2025-11-15,SE,LD,23934509399467609,SP-A4198-USD(+7)-006,美金户,路人互动-海总（50-7）山治,4416.08,4322.3,,93.78,100.3446,,6.5646
2025-11-16,SE,HY,779271268158332,RED-YQ-028,越南美金户,Y-5208 FB欧/美户,37.69,,,37.69,41.8359,,4.1459
2025-11-16,SE,HY,1552309379263379,Matepro-ADA+8-QQB-172,印尼美金户,海总&志诚三不限,20.81,,,20.81,22.2667,,1.4567
2025-11-16,SE,HY,1123282126652399,LYUS-524,美金户,凤凰&洛阳,12.97,,,12.97,14.3967,,1.4267
2025-11-16,SE,LD,1224995106099741,ES4.136 - Mark 829244,美金户,GT&海总 欧洲金融户９＋１,382.25,366.04,,16.21,17.831,,1.621
2025-11-16,SE,LD,23934509399467609,SP-A4198-USD(+7)-006,美金户,路人互动-海总（50-7）山治,4589.39,4416.08,,173.31,185.4417,,12.1317
2025-11-16,SE,JK,1887328668772494,Kevin-Công Ty-1137,美金户,Y-5208 FB欧/美户,297.05,167.11,,129.94,142.934,,12.994
2025-11-16,SE,JK,1437017907583091,POLLYV-40,美金户,凤凰&洛阳,4.09,,,4.09,4.5399,,0.4499
2025-11-16,SE,LM,270468399386879,Tencent IS Pte.Ltd +8 -089,美金户,B哥-fb三不限10➕1,576.13,575.92,,0.21,0.2331,,0.0231
2025-11-16,SE,LM,1431217654647972,GOGO-ZDD-ADA+7-GX-679,GO欧洲金融户,海总&志诚三不限,105.82,105.68,,0.14,0.154,,0.014
2025-11-16,SE,LM,968898984458092,NHT-CAXU-VND-1021-09,越南盾,海总-黑泽,128.12568,127.79216,,0.33352,0.363803616,,0.030283616
2025-11-16,SE,LM,815837277714994,LYUS-523,美金户,凤凰&洛阳,111.27,109.44,,1.83,2.0313,,0.2013
2025-11-17,SE,JK,200740432182604,BON-XANY-USD-1115-21,越南美金户,海总-黑泽,100.09,,,100.09,109.178172,,9.088172
2025-11-17,SE,LD,1224995106099741,ES4.136 - Mark 829244,美金户,GT&海总 欧洲金融户９＋１,390.09,382.25,,7.84,8.624,,0.784
2025-11-17,SE,LD,23934509399467609,SP-A4198-USD(+7)-006,美金户,路人互动-海总（50-7）山治,4706.39,4589.39,,117.0,125.19,,8.19
2025-11-17,SE,LD,777869214864065,Kevin-Công Ty-1126,美金户,Y-5208 FB欧/美户,nan,268.25,,,,,
2025-11-18,SE,LD,1176473617025337,BRG-USD-520-080802-(GMT+6),美金户,泰华&启航,nan,9691.42,,,,,
2025-11-18,SE,MM,1430146614837022,BON-XANY-VND-0801-18,越南盾,海总-黑泽,640.34368,627.14928,,13.1944,14.39245152,,1.19805152
2025-11-19,ID,YJ,3155193424645463,SP-A2674-USD(+7)-004,美金户,路人互动-海总（50-7）山治,542.36,36.97,,505.39,540.7673,,35.3773
2025-11-19,ID,YJ,2505434869822556,Matepro-ADA+7-QQB-197,印尼美金户,海总&志诚三不限,34.53,,,34.53,36.9471,,2.4171
2025-11-19,ID,YK,853810757306820,US-FCLA-1029,美金户,凤凰&洛阳,nan,28.0,,,,,
2025-11-19,ID,YK,853810757306820,US-FCLA-1029,美金户,凤凰&洛阳,283.64,28.0,,255.64,286.3168,,30.6768
2025-11-19,ID,YK,1667221994239085,Bmkhang6868 4681 3,绑卡户,深圳芳林子,45.97,,,45.97,50.144076,,4.174076
2025-11-19,ID,JK,200740432182604,BON-XANY-USD-1115-21,越南美金户,海总-黑泽,235.76,100.09,,135.67,147.988836,,12.318836
2025-11-19,ID,MM,1430146614837022,BON-XANY-VND-0801-18,越南盾,海总-黑泽,717.31144,640.34368,,76.96776,83.95643261,,6.988672608
2025-11-19,ID,MM,818062180789978,RED-YQ-030,越南美金户,Y-5208 FB欧/美户,111.73,12.94,,98.79,109.6569,,10.8669
2025-11-19,ID,MM,410770464710264,BR-USD-170058-080802-(GMT+5:30),美金户,泰华&启航,1665.45,1508.08,,157.37,174.8555556,,17.48555556
2025-11-19,ID,HY,1123282126652399,LYUS-524,美金户,凤凰&洛阳,306.12,,,306.12,339.7932,,33.6732
2025-11-20,ID,LM,2258300644509766,BR-USD-1700107-080802-(GMT+5:30),美金户,泰华&启航,18660.88,18238.22,,422.66,469.6222222,,46.96222222
2025-11-20,ID,LM,270468399386879,Tencent IS Pte.Ltd +8 -089,美金户,B哥-fb三不限10➕1,52.7,,,52.7,58.497,,5.797
2025-11-20,ID,LD,23934509399467609,SP-A4198-USD(+7)-006,美金户,路人互动-海总（50-7）山治,4750.77,4706.39,,44.38,47.4866,,3.1066
2025-11-20,ID,LD,777869214864065,Kevin-Công Ty-1126,美金户,Y-5208 FB欧/美户,279.43,268.25,,11.18,12.298,,1.118
2025-11-20,ID,YK,614390839672110,BON-XANY-USD-1115-22,越南美金户,海总-黑泽,12.96,,,12.96,14.136768,,1.176768
2025-11-20,ID,YK,1667221994239085,Bmkhang6868 4681 3,绑卡户,深圳芳林子,183.94,45.97,,137.97,150.497676,,12.527676
2025-11-20,ID,HY,1552309379263379,Matepro-ADA+8-QQB-172,印尼美金户,海总&志诚三不限,34.88,,,34.88,37.3216,,2.4416
2025-11-20,ID,HY,1123282126652399,LYUS-524,美金户,凤凰&洛阳,553.74,306.12,,247.62,274.8582,,27.2382
2025-11-20,ID,JK,200740432182604,BON-XANY-USD-1115-21,越南美金户,海总-黑泽,1218.74,235.76,,982.98,1072.234584,,89.254584
2025-11-20,ID,LD,3210530292576485,BR-USD-1700071802-080802-(GMT-3),美金户,泰华&启航,nan,17719.39,,,,,
2025-11-20,ID,MM,1430146614837022,BON-XANY-VND-0801-18,越南盾,海总-黑泽,826.5742,717.31144,,109.26276,119.1838186,,9.921058608
2025-11-20,ID,MM,818062180789978,RED-YQ-030,越南美金户,Y-5208 FB欧/美户,275.94,111.73,,164.21,182.2731,,18.0631
2025-11-20,ID,MM,410770464710264,BR-USD-170058-080802-(GMT+5:30),美金户,泰华&启航,2055.21,1665.45,,389.76,433.0666667,,43.30666667
2025-11-20,ID,YJ,3155193424645463,SP-A2674-USD(+7)-004,美金户,路人互动-海总（50-7）山治,1905.62,542.36,,1363.26,1458.6882,,95.4282
2025-11-20,ID,YJ,1148990407143584,BON-A-1132-USD(+7)-1902,美金户,路人互动-海总（50-7）山治,125.08,,,125.08,133.8356,,8.7556
2025-11-21,MY,YK,2220159311821537,DZYS-TH-zhuansw-4,二不限,二不限企业户服务费2%+0.5%,64.84,,,64.84,66.461,,1.621
2025-11-21,MY,YK,1259629485971488,DZYS-TH-chuank-6,二不限,二不限企业户服务费2%+0.5%,61.88,,,61.88,63.427,,1.547
2025-11-24,IN,HY,849595770937029,VELDRIN 001 Max,美金户,印度户印尼企业户,nan,30.48,,,,,
2025-11-23,MY,YK,2220159311821537,DZYS-TH-zhuansw-4,二不限,二不限企业户服务费2%+0.5%,100.01,64.84,,35.17,36.04925,,0.87925
2025-11-23,MY,YK,1259629485971488,DZYS-TH-chuank-6,二不限,二不限企业户服务费2%+0.5%,100.01,61.88,,38.13,39.08325,,0.95325
2025-11-23,MY,YK,616941676025912,BON-XANY-VND-1114-17,越南盾,海总-黑泽,2.1878,,,2.1878,2.38645224,,0.19865224
2025-11-23,ID,MM,410770464710264,BR-USD-170058-080802-(GMT+5:30),美金户,泰华&启航,2058.06,2055.21,,2.85,3.166666667,,0.3166666667
2025-11-24,MY,MM,818062180789978,RED-YQ-030,越南美金户,Y-5208 FB欧/美户,124.19,,,124.19,137.8509,,13.6609
2025-11-24,MY,YK,2953428488381267,FS-(+8)G1120-011,二不限,B哥-fb三不限10➕1,12.02,,,12.02,12.74721,,0.72721
2025-11-24,MY,YK,1516287952913717,FS-(+8)G1120-012,二不限,B哥-fb三不限10➕1,9.76,,,9.76,10.35048,,0.59048
2025-11-24,MY,YK,1356863176065252,FS-(+8)G1120-013,二不限,B哥-fb三不限10➕1,8.79,,,8.79,9.321795,,0.531795
2025-11-24,MY,YK,616941676025912,BON-XANY-VND-1114-17,越南盾,海总-黑泽,17.46304,2.1878,,15.27524,16.66223179,,1.386991792
2025-11-24,MY,YK,851404724515204,FS-(+8)SXPK1121-11,二不限,B哥-fb三不限10➕1,61.17,,,61.17,64.870785,,3.700785
2025-11-24,MY,YK,1947848089410911,FS-(+8)SXPK1121-12,二不限,B哥-fb三不限10➕1,6.48,,,6.48,6.87204,,0.39204
2025-11-24,MY,YK,25241035302247053,FS-(+8)SXPK1121-13,二不限,B哥-fb三不限10➕1,4.75,,,4.75,5.037375,,0.287375
2025-11-25,IN,HY,897672180901694,SONZDD-ADA+7-GX-281,越南盾主题户,海总&志诚三不限,6.03204,,,6.03204,6.635244,,0.603204
2025-11-25,IN,YJ,3155193424645463,SP-A2674-USD(+7)-004,美金户,路人互动-海总（50-7）山治,603.34,,,603.34,645.5738,,42.2338
2025-11-25,IN,YJ,1342944274104719,NHT-CAXU-USD-1122-14,越南盾,海总-黑泽,70.77,,,70.77,77.195916,,6.425916
2025-11-25,IN,LD,1522784262475038,Matepro-ADA+7-QQB-348,印尼美金户,海总&志诚三不限,12.06,,,12.06,12.9042,,0.8442
2025-11-25,IN,LM,270468399386879,Tencent IS Pte.Ltd +8 -089,美金户,B哥-fb三不限10➕1,4.23,,,4.23,4.6953,,0.4653
2025-11-25,IN,JK,2884388578504750,DUNG DUNG 231,美金户,Y-5208 FB欧/美户,0.62,,,0.62,0.682,,0.062
2025-11-25,IN,JK,809493991572218,Matepro-ADA+7-QQB-347,印尼美金户,海总&志诚三不限,14.08,,,14.08,15.0656,,0.9856
2025-11-25,IN,JK,200740432182604,BON-XANY-USD-1115-21,越南美金户,海总-黑泽,1242.32,1218.74,,23.58,25.721064,,2.141064
2025-11-25,IN,JK,945485239399649,BON-A-5353-USD(+7)-1943,美金户,路人互动-海总（50-7）山治,3.0,,,3.0,3.21,,0.21
2025-11-25,IN,MM,1162001221214315,DUNG DUNG 225,越南美金户,Y-5208 FB欧/美户,7.4548,,,7.4548,8.20028,,0.74548
2025-11-26,IN,LD,1522784262475038,Matepro-ADA+7-QQB-348,印尼美金户,海总&志诚三不限,52.73,12.06,,40.67,43.5169,,2.8469
2025-11-26,IN,YJ,1342944274104719,NHT-CAXU-USD-1122-14,越南盾,海总-黑泽,117.0,70.77,,46.23,50.427684,,4.197684
2025-11-26,IN,YJ,679328536400652,SONZDD-ADA+7-GX-289,越南盾主题户,海总&志诚三不限,105.17836,,,105.17836,115.696196,,10.517836
2025-11-26,IN,JK,1525825262064570,NE-QH-ES0.EL-YQHD-01,美金户,Y-5208 FB欧/美户,2.12,,,2.12,2.3532,,0.2332
2025-11-26,IN,MM,1326411322550602,Tencent IS Pte.Ltd +8 -181,美金户,B哥-fb三不限10➕1,7.38,,,7.38,8.1918,,0.8118
2025-11-26,IN,HY,2155736541466147,BA VORNIX 16 NEW,印尼企业户,印度户印尼企业户,57.6236875,,,57.6236875,62.2335825,,4.609895
2025-11-26,IN,LM,270468399386879,Tencent IS Pte.Ltd +8 -089,美金户,B哥-fb三不限10➕1,24.76,,,24.76,27.4836,,2.7236
2025-11-26,IN,LM,1431217654647972,GOGO-ZDD-ADA+7-GX-679,GO欧洲金融户,海总&志诚三不限,117.91,105.82,,12.09,13.299,,1.209
2025-11-26,IN,LM,895402221164741,SONZDD-ADA+7-GX-291,越南盾主题户,海总&志诚三不限,20.55228,,,20.55228,22.607508,,2.055228
2025-11-26,MY,YK,2953428488381267,FS-(+8)G1120-011,二不限,B哥-fb三不限10➕1,100.47,12.02,,88.45,93.801225,,5.351225
2025-11-26,MY,YK,1516287952913717,FS-(+8)G1120-012,二不限,B哥-fb三不限10➕1,30.27,9.76,,20.51,21.750855,,1.240855
2025-11-26,MY,YK,1356863176065252,FS-(+8)G1120-013,二不限,B哥-fb三不限10➕1,15.85,8.79,,7.06,7.48713,,0.42713
2025-11-26,MY,YK,821212804183060,Matepro-ADA+7-QQB-351,印尼美金户,海总&志诚三不限,61.01,,,61.01,65.2807,,4.2707
2025-11-26,SG,YK,799302379345638,LYUS-556,美金户,凤凰&洛阳,12.88,,,12.88,14.2968,,1.4168
2025-11-26,SG,YK,616941676025912,BON-XANY-VND-1114-17,越南盾,海总-黑泽,27.15944,17.46304,,9.6964,10.57683312,,0.88043312
2025-11-26,IN,MM,1423324112038586,LYMIA-054,美金户,凤凰&洛阳,3.11,,,3.11,3.4521,,0.3421
2025-11-26,IN,MM,4700238646733071,SONZDD-ADA+7-GX-297,越南盾主题户,海总&志诚三不限,12.0958,,,12.0958,13.30538,,1.20958
2025-11-26,IN,MM,818062180789978,RED-YQ-030,越南美金户,Y-5208 FB欧/美户,564.47,477.54,,86.93,96.4923,,9.5623
2025-11-26,IN,HY,897672180901694,SONZDD-ADA+7-GX-281,越南盾主题户,海总&志诚三不限,64.71,6.03204,,58.67796,64.545756,,5.867796
2025-11-27,IN,LD,1522784262475038,Matepro-ADA+7-QQB-348,印尼美金户,海总&志诚三不限,101.61,52.73,,48.88,52.3016,,3.4216
2025-11-27,IN,YJ,679328536400652,SONZDD-ADA+7-GX-289,越南盾主题户,海总&志诚三不限,462.5744,105.17836,,357.39604,393.135644,,35.739604
2025-11-27,IN,LM,895402221164741,SONZDD-ADA+7-GX-291,越南盾主题户,海总&志诚三不限,179.06584,20.55228,,158.51356,174.364916,,15.851356
2025-11-27,IN,LM,270468399386879,Tencent IS Pte.Ltd +8 -089,美金户,B哥-fb三不限10➕1,177.8,24.76,,153.04,169.8744,,16.8344
2025-11-27,IN,MM,24895271973433442,NE-QH-ES0.EL-YQHD-08,美金户,Y-5208 FB欧/美户,3.08,,,3.08,3.4188,,0.3388
2025-11-27,IN,LD,23934509399467609,SP-A4198-USD(+7)-006,美金户,路人互动-海总（50-7）山治,4758.59,4750.77,,7.82,8.3674,,0.5474
2025-11-27,IN,JK,1106153070147098,SONZDD-ADA+7-GX-290,越南盾主题户,海总&志诚三不限,56.20492,,,56.20492,61.825412,,5.620492
2025-11-27,IN,MM,24895271973433442,NE-QH-ES0.EL-YQHD-08,美金户,Y-5208 FB欧/美户,5.36,3.08,,2.28,2.5308,,0.2508
2025-11-28,IN,LM,24895271973433442,NE-QH-ES0.EL-YQHD-08,美金户,Y-5208 FB欧/美户,nan,5.36,,,,,
2025-11-28,IN,HY,327635835885795,SONZDD-ADA+7-GX-304,越南盾主题户,海总&志诚三不限,80.79564,,,80.79564,88.875204,,8.079564
2025-11-28,SG,YK,1525436365245396,FS-(+8)YS1126-10,二不限,B哥-fb三不限10➕1,8.61,,,8.61,9.130905,,0.520905
2025-11-28,SG,YK,720778647219537,FS-(+8)YS1126-11,二不限,B哥-fb三不限10➕1,4.41,,,4.41,4.676805,,0.266805
2025-11-28,SG,YK,1864136470868620,FS-(+8)YS1126-12,二不限,B哥-fb三不限10➕1,9.31,,,9.31,9.873255,,0.563255
2025-11-28,SG,YK,610101742166601,XM-FXN-01-(+8),二不限,B哥-fb三不限10➕1,1.67,,,1.67,1.771035,,0.101035
2025-11-28,SG,YK,897002069553434,XM-FXN-02-(+8),二不限,B哥-fb三不限10➕1,1.06,,,1.06,1.12413,,0.06413
2025-11-28,SG,YK,1390214042837241,XM-FXN-03-(+8),二不限,B哥-fb三不限10➕1,3.46,,,3.46,3.66933,,0.20933
2025-11-28,IN,LM,270468399386879,Tencent IS Pte.Ltd +8 -089,美金户,B哥-fb三不限10➕1,803.74,177.8,,625.94,694.7934,,68.8534
2025-11-28,IN,LM,470880441038537,BON-XANY-VND-1114-19,越南盾,海总-黑泽,3.58596,,,3.58596,3.911565168,,0.325605168
2025-11-28,IN,LM,717171207680711,SONZDD-ADA+7-GX-310,越南盾主题户,海总&志诚三不限,5.67724,,,5.67724,6.244964,,0.567724
2025-11-28,IN,LM,24895271973433442,NE-QH-ES0.EL-YQHD-08,美金户,Y-5208 FB欧/美户,7.35,5.36,,1.99,2.2089,,0.2189
2025-11-28,SG,JK,1106153070147098,SONZDD-ADA+7-GX-290,越南盾主题户,海总&志诚三不限,127.75832,56.20492,,71.5534,78.70874,,7.15534
2025-11-28,IN,LD,968326027225876,SONZDD-ADA+7-GX-292,越南盾主题户,海总&志诚三不限,16.4472,,,16.4472,18.09192,,1.64472
2025-11-29,SG,YK,1390214042837241,XM-FXN-03-(+8),二不限,B哥-fb三不限10➕1,113.37,3.46,,109.91,116.559555,,6.649555
2025-11-29,SG,JK,1106153070147098,SONZDD-ADA+7-GX-290,越南盾主题户,海总&志诚三不限,167.37724,127.75832,,39.61892,43.580812,,3.961892
2025-11-29,SG,YK,1831225357483440,Matepro-ADA+7-QQB-543,印尼美金户,海总&志诚三不限,51.27,,,51.27,54.8589,,3.5889
2025-11-29,SG,YK,1568521534521890,Matepro-ADA+7-QQB-562,印尼美金户,海总&志诚三不限,28.93,,,28.93,30.9551,,2.0251
2025-11-30,SG,JK,1106153070147098,SONZDD-ADA+7-GX-290,越南盾主题户,海总&志诚三不限,239.91308,167.37724,,72.53584,79.789424,,7.253584
2025-12-01,IN,HY,1138647123633445,SONZDD-ADA+7-GX-324,越南盾主题户,海总&志诚三不限,FB,13.54548,,1.354548,13.54548,14.900028,
2025-12-01,IN,LD,1258285486025414,SHARK 003 MAX,美金户,印度户印尼企业户,FB,2.14,,0.1498,2.14,2.2898,
2025-12-01,IN,LD,968326027225876,SONZDD-ADA+7-GX-292,越南盾主题户,海总&志诚三不限,FB,81.0914,16.4472,6.46442,64.6442,71.10862,
2025-12-01,IN,LM,270468399386879,Tencent IS Pte.Ltd +8 -089,美金户,B哥-fb三不限10➕1,FB,1223.22,803.74,46.56228,419.48,466.04228,
2025-12-01,IN,LM,1165478492213765,Bteam usd 871693,绑卡户,深圳芳林子,FB,1.58,,0.143464,1.58,1.723464,
2025-12-01,IN,LM,24895271973433442,NE-QH-ES0.EL-YQHD-08,美金户,Y-5208 FB欧/美户,FB,23.09,7.35,1.7314,15.74,17.4714,
2025-12-01,IN,LM,717171207680711,SONZDD-ADA+7-GX-310,越南盾主题户,海总&志诚三不限,FB,6.22856,5.67724,0.055132,0.55132,0.606452,
2025-12-01,IN,YJ,2456962661335328,PeakTime-489,美金户,凤凰&洛阳,FB,15.95,,1.7545,15.95,17.7045,
2025-12-01,IN,YJ,1588943154783624,SONZDD-ADA+7-GX-325,越南盾主题户,海总&志诚三不限,FB,10.13204,,1.013204,10.13204,11.145244,
2025-12-01,SG,YK,1568521534521890,Matepro-ADA+7-QQB-562,印尼美金户,海总&志诚三不限,FB,92.91,28.93,4.4786,63.98,68.4586,
2025-12-01,SG,YK,507209163950510,SONZDD-ADA+7-GX-305,越南盾主题户,海总&志诚三不限,FB,39.07988,,3.907988,39.07988,42.987868,
2025-12-01,SG,JK,1106153070147098,SONZDD-ADA+7-GX-290,越南盾主题户,海总&志诚三不限,FB,256.87008,239.91308,1.6957,16.957,18.6527,
2025-12-02,IN,HY,666999407790336,SONZDD-ADA+7-GX- 333,越南盾主题户,海总&志诚三不限,FB,9.81248,,0.981248,9.81248,10.793728,
2025-12-02,IN,LD,968326027225876,SONZDD-ADA+7-GX-292,越南盾主题户,海总&志诚三不限,FB,167.44276,81.0914,8.635136,86.35136,94.986496,
2025-12-02,IN,LM,24895271973433442,NE-QH-ES0.EL-YQHD-08,美金户,Y-5208 FB欧/美户,FB,233.57,23.09,23.1528,210.48,233.6328,
2025-12-02,IN,LM,270468399386879,Tencent IS Pte.Ltd +8 -089,美金户,B哥-fb三不限10➕1,FB,1498.44,1223.22,30.54942,275.22,305.76942,
2025-12-02,IN,YJ,849016160901172,Bteam usd 249935,绑卡户,深圳芳林子,FB,21.79,,1.978532,21.79,23.768532,
2025-12-02,IN,YJ,1588943154783624,SONZDD-ADA+7-GX-325,越南盾主题户,海总&志诚三不限,FB,20.4926,10.13204,1.036056,10.36056,11.396616,
2025-12-02,SG,JK,1106153070147098,SONZDD-ADA+7-GX-290,越南盾主题户,海总&志诚三不限,FB,265.80364,256.87008,0.893356,8.93356,9.826916,
2025-12-03,IN,YJ,1523432218043022,SONZDD-ADA+7-GX- 335,越南盾主题户,海总&志诚三不限,FB,,10.0,,,,历史消耗
2025-12-03,SG,YK,818062180789978,RED-YQ-030,越南美金户,Y-5208 FB欧/美户,FB,,599.62,,,,历史消耗
2025-12-03,IN,HY,778848911663788,Matepro-ADA+7-QQB-639,印尼美金户,海总&志诚三不限,FB,10.0,,0.7,10.0,10.7,
2025-12-03,IN,HY,666999407790336,SONZDD-ADA+7-GX- 333,越南盾主题户,海总&志诚三不限,FB,19.83116,9.81248,1.001868,10.01868,11.020548,
2025-12-03,IN,LM,270468399386879,Tencent IS Pte.Ltd +8 -089,美金户,B哥-fb三不限10➕1,FB,1916.83,1498.44,46.44129,418.39,464.83129,
2025-12-03,IN,LM,24895271973433442,NE-QH-ES0.EL-YQHD-08,美金户,Y-5208 FB欧/美户,FB,725.01,233.57,54.0584,491.44,545.4984,
2025-12-03,IN,LD,968326027225876,SONZDD-ADA+7-GX-292,越南盾主题户,海总&志诚三不限,FB,412.92532,167.44276,24.548256,245.48256,270.030816,
2025-12-03,IN,LD,777932511716933,Matepro-ADA+7-QQB-611,印尼美金户,海总&志诚三不限,FB,8.25,,0.5775,8.25,8.8275,
2025-12-03,CA,LM,1375811934061841,Matepro-ADA+7-QQB-612,印尼美金户,海总&志诚三不限,FB,10.07,,0.7049,10.07,10.7749,
2025-12-03,CA,LM,270468399386879,Tencent IS Pte.Ltd +8 -089,美金户,B哥-fb三不限10➕1,FB,92.98,,10.32078,92.98,103.30078,
2025-12-03,SG,JK,1106153070147098,SONZDD-ADA+7-GX-290,越南盾主题户,海总&志诚三不限,FB,311.34612,265.80364,4.554248,45.54248,50.096728,
2025-12-03,SG,JK,819540664194443,FSB-HK-28(+7),美金户,谷歌-饭团,FB,2.81,,0.3091,2.81,3.1191,
2025-12-03,SG,JK,784285624588465,Matepro-ADA+7-QQB-609,印尼美金户,海总&志诚三不限,FB,0.03,,0.0021,0.03,0.0321,
2025-12-04,SG,YK,285143393646678,SONZDD-ADA+7-GX- 336,越南盾主题户,海总&志诚三不限,FB,,20.0,,,,历史消耗
2025-12-04,SG,YK,285143393646678,SONZDD-ADA+7-GX- 336,越南盾主题户,海总&志诚三不限,FB,77.95812,20.0,5.795812,57.95812,63.753932,
2025-12-04,IN,LD,880299889307472,SONZDD-ADA+7-GX- 332,越南盾主题户,海总&志诚三不限,FB,8.56156,,0.856156,8.56156,9.417716,
2025-12-04,IN,HY,666999407790336,SONZDD-ADA+7-GX- 333,越南盾主题户,海总&志诚三不限,FB,236.30852,19.83116,21.647736,216.47736,238.125096,
2025-12-04,IN,LM,24895271973433442,NE-QH-ES0.EL-YQHD-08,美金户,Y-5208 FB欧/美户,FB,763.17,725.01,4.1976,38.16,42.3576,
2025-12-04,IN,LM,270468399386879,Tencent IS Pte.Ltd +8 -089,美金户,B哥-fb三不限10➕1,FB,1953.91,1916.83,4.11588,37.08,41.19588,
2025-12-04,IN,LM,1375811934061841,Matepro-ADA+7-QQB-612,印尼美金户,海总&志诚三不限,FB,20.35,10.07,0.7196,10.28,10.9996,
2025-12-04,CA,LM,270468399386879,Tencent IS Pte.Ltd +8 -089,美金户,B哥-fb三不限10➕1,FB,144.15,92.98,5.67987,51.17,56.84987,
2025-12-04,SG,JK,1106153070147098,SONZDD-ADA+7-GX-290,越南盾主题户,海总&志诚三不限,FB,335.9048,311.34612,2.455868,24.55868,27.014548,
2025-12-05,IN,HY,1500134211199816,Bteam usd 744978,绑卡户,深圳芳林子,FB,,12.51,,,,历史消耗
2025-12-05,IN,LM,829239712840850,Bteam usd 221262,绑卡户,深圳芳林子,FB,,6.14,,,,历史消耗
2025-12-05,IN,HY,706795649111397,Bteam usd 603058,绑卡户,深圳芳林子,FB,,2.86,,,,历史消耗
2025-12-05,爱尔兰,HY,818062180789978,RED-YQ-030,越南美金户,Y-5208 FB欧/美户,FB,99.69,,10.9659,99.69,110.6559,
2025-12-05,SG,YK,1359405748555107,SGCC-WH-SC-01,二不限,B哥-fb三不限10➕1,FB,17.05,,1.031525,17.05,18.081525,
2025-12-05,SG,YK,25251899997753326,SGCC-WH-SC-02,二不限,B哥-fb三不限10➕1,FB,43.23,,2.615415,43.23,45.845415,
2025-12-05,SG,YK,888082373647170,SGCC-WH-SC-03,二不限,B哥-fb三不限10➕1,FB,19.74,,1.19427,19.74,20.93427,
2025-12-05,SG,YK,629627490176715,SGCC-WH-SC-04,二不限,B哥-fb三不限10➕1,FB,10.74,,0.64977,10.74,11.38977,
2025-12-05,SG,YK,1374080554125913,SGCC-WH-SC-05,二不限,B哥-fb三不限10➕1,FB,50.16,,3.03468,50.16,53.19468,
2025-12-05,SG,YK,1110128517578878,CLL_RX 3190 Us+8,美金户,谷歌共享户/老户,FB,,367.65,,,,历史消耗
2025-12-05,SG,YK,1110128517578878,CLL_RX 3190 Us+8,美金户,谷歌共享户/老户,FB,370.71,367.65,0.306,3.06,3.366,
2025-12-05,SG,YK,3091319487716790,HA-A3336-USD(+7)-031,美金户,路人互动-海总（50-7）山治,FB,12.57,,0.8799,12.57,13.4499,
2025-12-05,IN,LM,270468399386879,Tencent IS Pte.Ltd +8 -089,美金户,B哥-fb三不限10➕1,FB,1969.95,1953.91,1.78044,16.04,17.82044,
2025-12-05,IN,LM,24895271973433442,NE-QH-ES0.EL-YQHD-08,美金户,Y-5208 FB欧/美户,FB,889.39,763.17,13.8842,126.22,140.1042,
2025-12-05,SG,JK,1493710155296106,Jokepro-ADA+7-QQB-03,美金户,海总&志诚三不限,FB,9.84,,0.6888,9.84,10.5288,
2025-12-05,SG,JK,1868121760436927,Jokepro-ADA+7-QQB-04,美金户,海总&志诚三不限,FB,3.34,,0.2338,3.34,3.5738,
2025-12-05,CA,LM,270468399386879,Tencent IS Pte.Ltd +8 -089,美金户,B哥-fb三不限10➕1,FB,147.72,144.15,0.39627,3.57,3.96627,
2025-12-05,爱尔兰,LM,1375811934061841,Matepro-ADA+7-QQB-612,印尼美金户,海总&志诚三不限,FB,46.95,,3.2865,46.95,50.2365,
2025-12-06,SG,YK,25251899997753326,SGCC-WH-SC-02,二不限,B哥-fb三不限10➕1,FB,97.06,43.23,3.256715,53.83,57.086715,
2025-12-08,SG,YK,2518148615245256,Matepro-ADA+7-QQB-695,印尼美金户,海总&志诚三不限,FB,,655.07,,,,历史消耗
2025-12-08,SG,YK,2176891486121642,Matepro-ADA+7-QQB-696,印尼美金户,海总&志诚三不限,FB,,6.0,,,,历史消耗
2025-12-08,SG,YK,1353385945103386,SONZDD-ADA+7-GX-352,越南盾,海总&志诚三不限,FB,,9.63176,,,,历史消耗
2025-12-08,爱尔兰,HY,1529690134723410,RED-YQ-039,越南美金户,Y-5208 FB欧/美户,FB,83.62,,9.1982,83.62,92.8182,
2025-12-08,IN,YJ,694467656845796,Matepro-ADA+7-QQB-673,印尼美金户,海总&志诚三不限,FB,36.33,,2.5431,36.33,38.8731,
2025-12-08,IN,YJ,849016160901172,Bteam usd 249935,绑卡户,深圳芳林子,FB,38.18,21.79,1.488212,16.39,17.878212,
2025-12-08,IN,LM,3823629751267476,Matepro-ADA+7-QQB-688,印尼美金户,海总&志诚三不限,FB,,9.42,,,,历史消耗
2025-12-08,IN,LM,3823629751267476,Matepro-ADA+7-QQB-688,印尼美金户,海总&志诚三不限,FB,12.02,9.42,0.182,2.6,2.782,
2025-12-08,IN,LM,829239712840850,Bteam usd 221262,绑卡户,深圳芳林子,FB,13.55,6.14,0.672828,7.41,8.082828,
2025-12-08,IN,LM,24895271973433442,NE-QH-ES0.EL-YQHD-08,美金户,Y-5208 FB欧/美户,FB,895.42,889.39,0.6633,6.03,6.6933,
2025-12-08,SG,YK,1353385945103386,SONZDD-ADA+7-GX-352,越南盾,海总&志诚三不限,FB,36.65132,9.63176,2.701956,27.01956,29.721516,
2025-12-08,SG,YK,2518148615245256,Matepro-ADA+7-QQB-695,印尼美金户,海总&志诚三不限,FB,727.18,655.07,5.0477,72.11,77.1577,
2025-12-08,SG,YK,2176891486121642,Matepro-ADA+7-QQB-696,印尼美金户,海总&志诚三不限,FB,82.38,6.0,5.3466,76.38,81.7266,
2025-12-09,SG,YK,894141633260646,MHKM3-GZXWL-01,二不限,B哥-fb三不限10➕1,FB,59.25,,3.584625,59.25,62.834625,
2025-12-09,SG,YK,1198322152228234,MHKM3-GZXWL-02,二不限,B哥-fb三不限10➕1,FB,25.71,,1.555455,25.71,27.265455,
2025-12-09,SG,YK,1899600214096865,MHKM3-GZXWL-03,二不限,B哥-fb三不限10➕1,FB,36.05,,2.181025,36.05,38.231025,
2025-12-09,SG,YK,1163882255939456,MHKM3-GZXWL-04,二不限,B哥-fb三不限10➕1,FB,61.08,,3.69534,61.08,64.77534,
2025-12-09,SG,YK,4349961965261002,MHKM3-GZXWL-05,二不限,B哥-fb三不限10➕1,FB,90.19,,5.456495,90.19,95.646495,
2025-12-09,IN,JK,2118484581894541,SP-USS-QFL-(-8)-1157,美金户,Y-5208 FB欧/美户,FB,8.15,,0.815,8.15,8.965,
2025-12-09,IN,YJ,694467656845796,Matepro-ADA+7-QQB-673,印尼美金户,海总&志诚三不限,FB,52.27,36.33,1.1158,15.94,17.0558,
2025-12-09,IN,YJ,1139748853728581,BA LUMINA 2,印尼盾,印度户印尼企业户,FB,,175000.0,,,,历史消耗
2025-12-09,IN,YJ,1139748853728581,BA LUMINA 2,印尼盾,印度户印尼企业户,FB,119.6975,10.9375,8.7008,108.76,117.4608,
2025-12-09,IN,LM,3733717820255450,BIRD 026 MAX1,美金户,印度户印尼企业户,FB,93.65,,6.5555,93.65,100.2055,
2025-12-09,IN,LM,24895271973433442,NE-QH-ES0.EL-YQHD-08,美金户,Y-5208 FB欧/美户,FB,980.93,895.42,9.4061,85.51,94.9161,
2025-12-09,IN,LM,799433773082155,NE-QH-ES0.EL-YQHD-58,美金户,Y-5208 FB欧/美户,FB,1.76,,0.1936,1.76,1.9536,
2025-12-09,IN,LM,829930202918145,GTNH-BdT-3-13,欧洲户,GT&papa欧20+8+1,FB,12.69,,1.1421,12.69,13.8321,
2025-12-09,CA,YK,7579597954596683783,"NWH GYM, LLC-2",TK海外主体全球户,凤凰&洛阳,TK,,50.0,,,,历史消耗
2025-12-09,CA,YK,7579597954596683783,"NWH GYM, LLC-2",TK海外主体全球户,凤凰&洛阳,TK,150.0,50.0,8.0,100.0,108.0,
2025-12-10,爱尔兰,HY,820842307574581,GTNH-BdT-3-05,欧洲户,GT&papa欧20+8+1,FB,10.94,,0.9846,10.94,11.9246,
2025-12-10,IN,LM,3733717820255450,BIRD 026 MAX1,美金户,印度户印尼企业户,FB,107.7,93.65,0.9835,14.05,15.0335,
2025-12-10,IN,LM,799433773082155,NE-QH-ES0.EL-YQHD-58,美金户,Y-5208 FB欧/美户,FB,2.01,1.76,0.0275,0.25,0.2775,
2025-12-10,IN,LM,24895271973433442,NE-QH-ES0.EL-YQHD-08,美金户,Y-5208 FB欧/美户,FB,1210.31,980.93,25.2318,229.38,254.6118,
2025-12-10,SG,YK,1430924101937692,Wauy-37,二不限,十月二不限——（泰华）,FB,37.81,,0.7562,37.81,38.5662,
2025-12-10,SG,YK,4155349968070923,Wauy-38,二不限,十月二不限——（泰华）,FB,14.31,,0.2862,14.31,14.5962,
2025-12-10,SG,YK,750337210708339,Wauy-39,二不限,十月二不限——（泰华）,FB,55.9,,1.118,55.9,57.018,
2025-12-10,CA,YK,7579597954596683783,"NWH GYM, LLC-2",TK海外主体全球户,凤凰&洛阳,TK,186.83,150.0,2.9464,36.83,39.7764,
2025-12-11,爱尔兰,HY,25647449871525611,HA-A0014-USD(+7)-032,美金户,路人互动-海总（50-7）山治,FB,,1.98,,,,历史消耗
2025-12-11,爱尔兰,HY,2370384786760411,NMS FKZ 01,美金户,Anthony - FKZ,FB,35.87,,2.33155,35.87,38.20155,
2025-12-11,爱尔兰,HY,2014784989291330,Matepro-ADA+8-QQB-744,美金户,海总&志诚三不限,FB,15.55,,1.0885,15.55,16.6385,
2025-12-11,爱尔兰,HY,4398728350410587,NE-QH-ES0.EL-YQHD-59,美金户,Y-5208 FB欧/美户,FB,,8.47,,,,历史消耗
2025-12-11,爱尔兰,HY,4398728350410587,NE-QH-ES0.EL-YQHD-59,美金户,Y-5208 FB欧/美户,FB,9.12,,1.0032,9.12,10.1232,
2025-12-11,爱尔兰,HY,4330212280540082,21-,二不限,FKZ,FB,,11.12,,,,历史消耗
2025-12-11,SG,YK,1556948215485152,01 1,二不限,FKZ,FB,,319.79,,,,历史消耗
2025-12-11,SG,YK,2040394593448446,01 2,二不限,FKZ,FB,,1027.02,,,,历史消耗
2025-12-11,SG,YK,1679504480120740,01 3,二不限,FKZ,FB,,1385.51,,,,历史消耗
2025-12-11,SG,YK,1213050317353296,01 4,二不限,FKZ,FB,,962.1,,,,历史消耗
2025-12-11,SG,YK,824826453257742,01 5,二不限,FKZ,FB,,985.01,,,,历史消耗
2025-12-11,SG,YK,918428929037748,SONZDD-ADA+7-GX-355,越南盾,海总&志诚三不限,FB,50.96616,,5.096616,50.96616,56.062776,
2025-12-11,SG,YK,2088133352000383,Wauy-40,二不限,十月二不限——（泰华）,FB,41.52,,0.8304,41.52,42.3504,
2025-12-11,SG,YK,33316864994565324,Wauy-41,二不限,十月二不限——（泰华）,FB,98.19,,1.9638,98.19,100.1538,
2025-12-11,SG,YK,1803884033625582,Wauy-42,二不限,十月二不限——（泰华）,FB,28.82,,0.5764,28.82,29.3964,
2025-12-11,SG,YK,1556948215485152,01 1,二不限,FKZ,FB,88.92,,0.0,88.92,88.92,
2025-12-11,SG,YK,2040394593448446,01 2,二不限,FKZ,FB,86.18,,0.0,86.18,86.18,
2025-12-11,SG,YK,1679504480120740,01 3,二不限,FKZ,FB,81.7,,0.0,81.7,81.7,
2025-12-11,SG,YK,1213050317353296,01 4,二不限,FKZ,FB,94.12,,0.0,94.12,94.12,
2025-12-11,SG,YK,824826453257742,01 5,二不限,FKZ,FB,88.45,,0.0,88.45,88.45,
2025-12-11,SG,YK,7567673340870295553,L.O.E LLC 02,TK海外主体全球户,凤凰&洛阳,TK,81.91,50.0,2.5528,31.91,34.4628,
2025-12-12,SG,YK,692476853864722,兴仁市玖悦 1  act_,二不限,FKZ,FB,,733.35,,,,历史消耗
2025-12-12,SG,YK,1870514040472447,兴仁市玖悦 2  act_,二不限,FKZ,FB,,0.84,,,,历史消耗
2025-12-13,SG,YJ,748479088132623,亳州市易招 6,二不限,FKZ,FB,,290.1,,,,历史消耗
2025-12-13,SG,YJ,3111891312293310,亳州市易招 7,二不限,FKZ,FB,,74.79,,,,历史消耗
2025-12-13,SG,YJ,4288789838054504,泰安博屿 1,二不限,FKZ,FB,,133.44,,,,历史消耗
2025-12-13,SG,YJ,2286642445120373,泰安博屿 3,二不限,FKZ,FB,,3.52,,,,历史消耗
2025-12-12,SG,YK,918428929037748,SONZDD-ADA+7-GX-355,越南盾,海总&志诚三不限,FB,68.66992,50.96616,1.770376,17.70376,19.474136,
2025-12-12,SG,YK,1556948215485152,01 1,二不限,FKZ,FB,132.22,88.92,0.0,43.3,43.3,
2025-12-12,SG,YK,2040394593448446,01 2,二不限,FKZ,FB,249.33,86.18,0.0,163.15,163.15,
2025-12-12,SG,YK,1679504480120740,01 3,二不限,FKZ,FB,193.19,81.7,0.0,111.49,111.49,
2025-12-12,SG,YK,1213050317353296,01 4,二不限,FKZ,FB,158.35,94.12,0.0,64.23,64.23,
2025-12-12,SG,YK,824826453257742,01 5,二不限,FKZ,FB,685.44,88.45,0.0,596.99,596.99,
2025-12-12,爱尔兰,JK,25133039716317103,GTNH-BdT-3-14,欧洲户,GT&papa欧20+8+1,FB,32.5,,2.925,32.5,35.425,
2025-12-12,爱尔兰,HY,4330212280540082,21-,二不限,FKZ,FB,97.78,,0.0,97.78,97.78,
2025-12-12,爱尔兰,HY,851397860901834,22,二不限,FKZ,FB,25.76,,0.0,25.76,25.76,
2025-12-13,SG,YK,1929591050985947,MHKM3-QZWES-01,二不限,B哥-fb三不限10➕1,FB,34.59,,2.092695,34.59,36.682695,
2025-12-13,SG,YK,862367796163452,MHKM3-QZWES-02,二不限,B哥-fb三不限10➕1,FB,38.99,,2.358895,38.99,41.348895,
2025-12-13,SG,YK,1524672748798885,MHKM3-QZWES-03,二不限,B哥-fb三不限10➕1,FB,48.04,,2.90642,48.04,50.94642,
2025-12-13,SG,YK,1541666430415710,MHKM3-QZWES-04,二不限,B哥-fb三不限10➕1,FB,60.02,,3.63121,60.02,63.65121,
2025-12-13,SG,YK,824826453257742,01 5,二不限,FKZ,FB,1302.48,685.44,0.0,617.04,617.04,
2025-12-13,SG,YK,894141633260646,MHKM3-GZXWL-01,二不限,B哥-fb三不限10➕1,FB,60.61,59.25,0.08228,1.36,1.44228,
2025-12-13,SG,YK,1198322152228234,MHKM3-GZXWL-02,二不限,B哥-fb三不限10➕1,FB,25.96,25.71,0.015125,0.25,0.265125,
2025-12-13,SG,YK,1899600214096865,MHKM3-GZXWL-03,二不限,B哥-fb三不限10➕1,FB,72.95,36.05,2.23245,36.9,39.13245,
2025-12-13,SG,YK,1163882255939456,MHKM3-GZXWL-04,二不限,B哥-fb三不限10➕1,FB,62.38,61.08,0.07865,1.3,1.37865,
2025-12-13,SG,YK,4349961965261002,MHKM3-GZXWL-05,二不限,B哥-fb三不限10➕1,FB,90.53,90.19,0.02057,0.34,0.36057,
2025-12-13,SG,YK,1251262999930791,Matepro-ADA+7-QQB-672,印尼美金户,海总&志诚三不限,FB,75.36,,5.2752,75.36,80.6352,
2025-12-14,SG,YK,1929591050985947,MHKM3-QZWES-01,二不限,B哥-fb三不限10➕1,FB,36.18,34.59,0.096195,1.59,1.686195,
2025-12-14,SG,YK,862367796163452,MHKM3-QZWES-02,二不限,B哥-fb三不限10➕1,FB,53.27,38.99,0.86394,14.28,15.14394,
2025-12-14,SG,YK,1524672748798885,MHKM3-QZWES-03,二不限,B哥-fb三不限10➕1,FB,51.24,48.04,0.1936,3.2,3.3936,
2025-12-14,SG,YK,1541666430415710,MHKM3-QZWES-04,二不限,B哥-fb三不限10➕1,FB,265.56,60.02,12.43517,205.54,217.97517,
2025-12-15,IN,LM,807857005191719,BIRD 048 MAX,美金户,印度户印尼企业户,FB,,16.39,,,,历史消耗
2025-12-15,爱尔兰,HY,4330212280540082,21-,二不限,FKZ,FB,106.0,97.78,0.0,8.22,8.22,
2025-12-15,爱尔兰,HY,1466372340423679,NE-QH-ES0.EL-YQHD-68,越南盾,Y-5208 FB欧/美户,FB,71.2204,,7.834244,71.2204,79.054644,
2025-12-15,IN,JK,4563408930597446,BIRD 027 MAX2,美金户,印度户印尼企业户,FB,13.34,,0.9338,13.34,14.2738,
2025-12-15,IN,LM,829239712840850,Bteam usd 221262,绑卡户,深圳芳林子,FB,18.01,13.55,0.404968,4.46,4.864968,
2025-12-15,IN,LM,868877435570308,ITE-NND-USD-041,美金户,Y-5208 FB欧/美户,FB,2.58,,0.258,2.58,2.838,
2025-12-15,IN,LM,4688215881293391,NE-QH-ES0.EL-YQHD-67,越南盾,Y-5208 FB欧/美户,FB,2.3522,,0.258742,2.3522,2.610942,
2025-12-15,IN,LM,1417893476675237,LEX 小九i 178,美金户,泰华&ME-FB海外户,FB,0.01,,0.0011,0.01,0.0111,
2025-12-15,IN,LM,829930202918145,GTNH-BdT-3-13,欧洲户,GT&papa欧20+8+1,FB,17.99,12.69,0.477,5.3,5.777,
2025-12-15,SG,YK,1541666430415710,MHKM3-QZWES-04,二不限,B哥-fb三不限10➕1,FB,454.94,265.56,11.45749,189.38,200.83749,
2025-12-15,SG,YK,807857005191719,BIRD 048 MAX,美金户,印度户印尼企业户,FB,16.39,,1.1473,16.39,17.5373,
2025-12-16,爱尔兰,HY,1466372340423679,NE-QH-ES0.EL-YQHD-68,越南盾,Y-5208 FB欧/美户,FB,345.4954,71.2204,30.17025,274.275,304.44525,
2025-12-16,爱尔兰,HY,1966728930842914,AH +65-1205,美金户,海总-黑泽,FB,31.66,,2.874728,31.66,34.534728,
2025-12-16,SG,YK,3701603103393246,GFDL-3/nlm-3701603103393246,绑卡户,官方授权户,FB,196.73,,31.4768,196.73,228.2068,
2025-12-16,SG,YK,2028478607916752,Matepro-ADA+7-QQB-779,美金户,海总&志诚三不限,FB,107.53,,7.5271,107.53,115.0571,
2025-12-16,SG,YK,761447176886570,Matepro-ADA+7-QQB-780,美金户,海总&志诚三不限,FB,19.75,,1.3825,19.75,21.1325,
2025-12-16,SG,YK,226474562977689,SONZDD-ADA+7-GX-361,越南盾,海总&志诚三不限,FB,4.4154,,0.44154,4.4154,4.85694,
2025-12-16,SG,YK,253183416920600,SONZDD-ADA+7-GX-362,越南盾,海总&志诚三不限,FB,24.15424,,2.415424,24.15424,26.569664,
2025-12-16,爱尔兰,LM,807857005191719,BIRD 048 MAX,美金户,印度户印尼企业户,FB,30.23,16.39,0.9688,13.84,14.8088,
2025-12-16,爱尔兰,LM,679514395231037,HA-XT3937-USD(+7)-32,美金户,路人互动-系统,FB,52.72,,3.6904,52.72,56.4104,
2025-12-16,爱尔兰,LM,1639627036983440,GFDL-2/nlm-1639627036983440,绑卡户,官方授权户,FB,15.87,,2.5392,15.87,18.4092,
2025-12-16,SG,YJ,7581816116143325191,"KC1 UNIT 1233, LLC-1",TK海外主体全球户,凤凰&洛阳,TK,80.71,50.0,2.4568,30.71,33.1668,
2025-12-17,SG,YK,354421909650567,USA-NOUT-BVJAM-(USD+8)-722,美金户,深圳芳林子,FB,,19.34,,,,历史消耗
2025-12-17,巴西,YJ,1139748853728581,BA LUMINA 2,印尼盾,印度户印尼企业户,FB,273.8195,119.6975,12.32976,154.122,166.45176,
2025-12-17,巴西,YJ,4146696838946444,HA-XT7729-USD(+7)-33,美金户,路人互动-系统,FB,43.29,,3.0303,43.29,46.3203,
2025-12-17,巴西,YJ,1170635514911007,Matepro-ADA+8-QQB-731,美金户,海总&志诚三不限,FB,92.63,,6.4841,92.63,99.1141,
2025-12-17,SG,YK,3701603103393246,GFDL-3/nlm-3701603103393246,绑卡户,官方授权户,FB,1169.16,196.73,155.5888,972.43,1128.0188,
2025-12-17,SG,YK,2028478607916752,Matepro-ADA+7-QQB-779,美金户,海总&志诚三不限,FB,295.58,107.53,13.1635,188.05,201.2135,
2025-12-17,SG,YK,813947034379674,Matepro-ADA+7-QQB-837,美金户,海总&志诚三不限,FB,4.84,,0.3388,4.84,5.1788,
2025-12-17,SG,YK,2109179699829607,VD-gvjsi-01,二不限,B哥-fb三不限10➕1,FB,146.82,,8.88261,146.82,155.70261,
2025-12-17,SG,YK,1193555309560693,VD-gvjsi-02,二不限,B哥-fb三不限10➕1,FB,41.31,,2.499255,41.31,43.809255,
2025-12-17,SG,YK,1974773603091376,VD-gvjsi-03,二不限,B哥-fb三不限10➕1,FB,74.81,,4.526005,74.81,79.336005,
2025-12-17,SG,YK,1630726818341370,VS-uidpe-01,二不限,B哥-fb三不限10➕1,FB,73.69,,4.458245,73.69,78.148245,
2025-12-17,SG,YK,1394194722170518,VS-uidpe-02,二不限,B哥-fb三不限10➕1,FB,138.69,,8.390745,138.69,147.080745,
2025-12-17,SG,YK,1376939640543204,VS-uidpe-03,二不限,B哥-fb三不限10➕1,FB,79.2,,4.7916,79.2,83.9916,
2025-12-17,SG,YK,865027129597091,VD-wofaf-02,二不限,B哥-fb三不限10➕1,FB,65.06,,3.93613,65.06,68.99613,
2025-12-17,SG,YK,1457118719754753,VD-wofaf-03,二不限,B哥-fb三不限10➕1,FB,83.87,,5.074135,83.87,88.944135,
2025-12-17,巴西,LM,1639627036983440,GFDL-2/nlm-1639627036983440,绑卡户,官方授权户,FB,50.96,,8.1536,50.96,59.1136,
2025-12-17,巴西,LM,1346327923749132,GTNH-20.5 via 1+7-03,新加坡户,GT&papa欧20+8+1,FB,,5.04,,,,历史消耗
2025-12-17,巴西,LM,1346327923749132,GTNH-20.5 via 1+7-03,新加坡户,GT&papa欧20+8+1,FB,72.71,5.04,5.4136,67.67,73.0836,
2025-12-17,爱尔兰,HY,1466372340423679,NE-QH-ES0.EL-YQHD-68,越南盾,Y-5208 FB欧/美户,FB,431.82724,345.4954,9.4965024,86.33184,95.8283424,
2025-12-17,爱尔兰,HY,318316696844271,NE-QH-ES0.EL-YQHD-74,越南盾,Y-5208 FB欧/美户,FB,7.22588,,0.7948468,7.22588,8.0207268,
2025-12-17,爱尔兰,HY,1966728930842914,AH +65-1205,美金户,海总-黑泽,FB,80.92,31.66,4.472808,49.26,53.732808,
2025-12-18,巴西,YJ,1139748853728581,BA LUMINA 2,印尼盾,印度户印尼企业户,FB,534.172875,273.8195,20.82827,260.353375,281.181645,
2025-12-18,巴西,YJ,4146696838946444,HA-XT7729-USD(+7)-33,美金户,路人互动-系统,FB,211.44,43.29,11.7705,168.15,179.9205,
2025-12-18,SG,YK,3701603103393246,GFDL-3/nlm-3701603103393246,绑卡户,官方授权户,FB,2200.68,1169.16,165.0432,1031.52,1196.5632,
2025-12-18,SG,YK,715825931208554,XK-amkdf-01,二不限,B哥-fb三不限10➕1,FB,33.11,,2.003155,33.11,35.113155,
2025-12-18,SG,YK,749443404838365,XK-amkdf-02,二不限,B哥-fb三不限10➕1,FB,45.17,,2.732785,45.17,47.902785,
2025-12-18,SG,YK,1508159370277026,XK-amkdf-03,二不限,B哥-fb三不限10➕1,FB,27.52,,1.66496,27.52,29.18496,
2025-12-18,爱尔兰,HY,1139748853728581,BA LUMINA 2,印尼盾,印度户印尼企业户,FB,56.9035625,,4.552285,56.9035625,61.4558475,
2025-12-18,爱尔兰,HY,2046023876138091,LTM-SXG-KA-yqhd-07,美金户,Y-5208 FB欧/美户,FB,50.74,,5.5814,50.74,56.3214,
2025-12-18,巴西,LM,1639627036983440,GFDL-2/nlm-1639627036983440,绑卡户,官方授权户,FB,116.36,50.96,10.464,65.4,75.864,
2025-12-18,巴西,JK,859646609650884,GFDL-1/nlm-859646609650884,绑卡户,官方授权户,FB,63.78,,10.2048,63.78,73.9848,
2025-12-18,巴西,JK,663517608156247,SONZDD-ADA+7-GX-346,越南盾,海总&志诚三不限,FB,121.19612,,12.119612,121.19612,133.315732,
2025-12-18,巴西,LD,4166924866904260,Jokepro-ADA+7-QQB-03,美金户,海总&志诚三不限,FB,83.43,,5.8401,83.43,89.2701,
