date,media_buyer,region,team,ad_spend_usd,result_count,lead_count,platform,cost_per_lead,cost_per_result
2025-01-31,老郭,IN,SZ,242.24,28.0,5.0,,48.448,48.448
2025-01-30,紫光,IN,SZ,270.35,33.0,16.0,,16.896875,16.896875
2025-01-01,WD,IN,ZZ,0.0,0.0,0.0,,,
2025-01-01,MY,IN,ZZ,0.0,0.0,0.0,,,
2025-01-01,YJ,IN,ZZ,0.0,0.0,0.0,,,
2025-01-01,HY,IN,ZZ,539.41,52.0,20.0,,26.9705,26.9705
2025-01-01,SG,IN,ZZ,3575.1,623.0,276.0,,12.95326087,12.95326087
2025-01-01,ZJ,IN,ZZ,0.0,0.0,0.0,,,
2025-01-02,WD,IN,ZZ,2633.87,460.0,118.0,,22.3209322,22.3209322
2025-01-02,LYD,IN,ZZ,827.4,108.0,28.0,,29.55,29.55
2025-01-02,HY,IN,ZZ,864.02,160.0,72.0,,12.00027778,12.00027778
2025-01-02,MY,IN,ZZ,2819.37,414.0,125.0,,22.55496,22.55496
2025-01-02,YJ,IN,ZZ,4635.72,585.0,259.0,,17.89853282,17.89853282
2025-01-02,YK,IN,ZZ,3037.44,447.0,174.0,,17.45655172,17.45655172
2025-01-02,ZJ,IN,ZZ,1193.17,112.0,32.0,,37.2865625,37.2865625
2025-01-02,HW,IN,ZZ,1626.6,290.0,78.0,,20.85384615,20.85384615
2025-01-02,SG,IN,ZZ,3862.25,612.0,273.0,,14.1474359,14.1474359
2025-01-03,LYD,IN,ZZ,64.23,6.0,3.0,,21.41,21.41
2025-01-03,WD,IN,ZZ,0.0,0.0,1.0,,0.0,0.0
2025-01-03,YJ,IN,ZZ,4671.81,712.0,260.0,,17.9685,17.9685
2025-01-03,HW,IN,ZZ,919.23,220.0,38.0,,24.19026316,24.19026316
2025-01-03,YK,IN,ZZ,866.68,136.0,27.0,,32.09925926,32.09925926
2025-01-03,SG,IN,ZZ,3167.06,431.0,77.0,,41.13064935,41.13064935
2025-01-03,HY,IN,ZZ,7680.58,1110.0,401.0,,19.15356608,19.15356608
2025-01-03,MY,IN,ZZ,3587.82,455.0,117.0,,30.66512821,30.66512821
2025-01-03,ZJ,IN,ZZ,1062.99,225.0,56.0,,18.98196429,18.98196429
2025-01-04,SG,IN,ZZ,5195.54,685.0,201.0,,25.84845771,25.84845771
2025-01-04,HY,IN,ZZ,5529.78,1125.0,391.0,,14.14265985,14.14265985
2025-01-04,YK,IN,ZZ,2498.23,220.0,89.0,,28.07,28.07
2025-01-04,YJ,IN,ZZ,4777.2,881.0,386.0,,12.3761658,12.3761658
2025-01-04,WD,IN,ZZ,1646.78,358.0,106.0,,15.53566038,15.53566038
2025-01-04,MY,IN,ZZ,3359.7,446.0,152.0,,22.10328947,22.10328947
2025-01-04,ZJ,IN,ZZ,2818.35,624.0,179.0,,15.74497207,15.74497207
2025-01-04,HW,IN,ZZ,4538.31,700.0,265.0,,17.12569811,17.12569811
2025-01-05,YJ,IN,ZZ,1283.1,166.0,60.0,,21.385,21.385
2025-01-05,HY,IN,ZZ,3940.67,669.0,260.0,,15.15642308,15.15642308
2025-01-05,WD,IN,ZZ,3217.71,602.0,185.0,,17.39302703,17.39302703
2025-01-05,MY,IN,ZZ,6218.37,1033.0,406.0,,15.31618227,15.31618227
2025-01-05,HW,IN,ZZ,7128.21,1000.0,529.0,,13.47487713,13.47487713
2025-01-05,SG,IN,ZZ,999.3,175.0,68.0,,14.69558824,14.69558824
2025-01-05,ZJ,IN,ZZ,1725.2,394.0,152.0,,11.35,11.35
2025-01-06,MY,IN,ZZ,5672.84,633.0,162.0,,35.01753086,35.01753086
2025-01-06,YK,IN,ZZ,2061.06,186.0,77.0,,26.76701299,26.76701299
2025-01-06,WD,IN,ZZ,2527.93,420.0,125.0,,20.22344,20.22344
2025-01-06,SG,IN,ZZ,3167.16,489.0,185.0,,17.11978378,17.11978378
2025-01-06,HY,IN,ZZ,3345.6,680.0,161.0,,20.78012422,20.78012422
2025-01-06,ZJ,IN,ZZ,832.99,146.0,44.0,,18.93159091,18.93159091
2025-01-06,YJ,IN,ZZ,5202.59,896.0,264.0,,19.7067803,19.7067803
2025-01-06,HW,IN,ZZ,2855.09,541.0,121.0,,23.59578512,23.59578512
2025-01-07,NN,IN,ZZ,128.19,18.0,0.0,,,
2025-01-07,SG,IN,ZZ,1005.37,143.0,54.0,,18.61796296,18.61796296
2025-01-07,YK,IN,ZZ,2199.06,199.0,70.0,,31.41514286,31.41514286
2025-01-07,HY,IN,ZZ,8586.74,1312.0,418.0,,20.54244019,20.54244019
2025-01-07,WD,IN,ZZ,2926.44,483.0,159.0,,18.40528302,18.40528302
2025-01-07,MY,IN,ZZ,2429.21,316.0,61.0,,39.82311475,39.82311475
2025-01-07,ZJ,IN,ZZ,1528.03,184.0,41.0,,37.26902439,37.26902439
2025-01-07,YJ,IN,ZZ,8003.8,1490.0,543.0,,14.73996317,14.73996317
2025-01-07,HW,IN,ZZ,3437.5,600.0,216.0,,15.91435185,15.91435185
2025-01-08,MY,IN,ZZ,877.19,129.0,16.0,,54.824375,54.824375
2025-01-08,WD,IN,ZZ,3892.51,630.0,239.0,,16.28665272,16.28665272
2025-01-08,HW,IN,ZZ,3604.67,586.0,143.0,,25.20748252,25.20748252
2025-01-08,YJ,IN,ZZ,8862.1,1406.0,550.0,,16.11290909,16.11290909
2025-01-08,SG,IN,ZZ,3134.82,473.0,183.0,,17.13016393,17.13016393
2025-01-08,HY,IN,ZZ,692.51,243.0,76.0,,9.111973684,9.111973684
2025-01-08,ZJ,IN,ZZ,320.0,60.0,20.0,,16.0,16.0
2025-01-08,YK,IN,ZZ,3216.66,470.0,192.0,,16.7534375,16.7534375
2025-01-09,WD,IN,ZZ,2425.58,343.0,143.0,,16.9620979,16.9620979
2025-01-09,HY,IN,ZZ,0.0,0.0,0.0,,,
2025-01-09,HW,IN,ZZ,1145.0,280.0,63.0,,18.17460317,18.17460317
2025-01-09,MY,IN,ZZ,1492.69,240.0,74.0,,20.17148649,20.17148649
2025-01-09,SG,IN,ZZ,3455.17,589.0,232.0,,14.89297414,14.89297414
2025-01-09,LYD,IN,ZZ,65.49,10.0,2.0,,32.745,32.745
2025-01-09,NN,IN,ZZ,5.19,2.0,0.0,,,
2025-01-09,LYD,意大利,ZZ,0.0,0.0,0.0,,,
2025-01-09,YK,IN,ZZ,3290.88,445.0,181.0,,18.18165746,18.18165746
2025-01-09,YJ,IN,ZZ,9200.39,1437.0,523.0,,17.59156788,17.59156788
2025-01-10,NN,IN,ZZ,159.59,26.0,0.0,,,
2025-01-10,HW,IN,ZZ,226.15,50.0,23.0,,9.832608696,9.832608696
2025-01-10,WD,IN,ZZ,674.8,91.0,22.0,,30.67272727,30.67272727
2025-01-10,MY,IN,ZZ,2024.05,282.0,79.0,,25.62088608,25.62088608
2025-01-10,SG,IN,ZZ,5011.82,741.0,273.0,,18.35831502,18.35831502
2025-01-10,HY,IN,ZZ,0.0,0.0,0.0,,,
2025-01-10,YK,IN,ZZ,2808.47,386.0,174.0,,16.14063218,16.14063218
2025-01-10,YJ,IN,ZZ,5996.92,811.0,337.0,,17.79501484,17.79501484
2025-01-10,LYD,IN,ZZ,58.37,7.0,1.0,,58.37,58.37
2025-01-10,YK,DE,ZZ,489.28,10.0,4.0,,122.32,122.32
2025-01-10,LYD,意大利,ZZ,59.17,0.0,0.0,,,
2025-01-11,YJ,IN,ZZ,1632.05,216.0,58.0,,28.1387931,28.1387931
2025-01-11,WD,IN,ZZ,0.0,0.0,0.0,,,
2025-01-11,NN,IN,ZZ,32.71,11.0,0.0,,,
2025-01-11,YK,IN,ZZ,2999.79,365.0,162.0,,18.51722222,18.51722222
2025-01-11,MY,IN,ZZ,4431.15,683.0,309.0,,14.34029126,14.34029126
2025-01-11,HY,IN,ZZ,3565.88,566.0,207.0,,17.22647343,17.22647343
2025-01-11,SG,IN,ZZ,2156.17,379.0,101.0,,21.34821782,21.34821782
2025-01-11,HW,IN,ZZ,4689.2,1000.0,440.0,,10.65727273,10.65727273
2025-01-12,YJ,IN,ZZ,0.0,0.0,0.0,,,
2025-01-12,WD,IN,ZZ,0.0,0.0,0.0,,,
2025-01-12,HY,IN,ZZ,1447.91,237.0,160.0,,9.0494375,9.0494375
2025-01-12,HW,IN,ZZ,8041.85,1700.0,884.0,,9.097115385,9.097115385
2025-01-12,MY,IN,ZZ,5140.5,764.0,355.0,,14.48028169,14.48028169
2025-01-13,SG,IN,ZZ,2068.24,345.0,120.0,,17.23533333,17.23533333
2025-01-13,WD,IN,ZZ,0.0,0.0,0.0,,,
2025-01-13,YJ,IN,ZZ,772.82,102.0,34.0,,22.73,22.73
2025-01-13,MY,IN,ZZ,4980.94,726.0,326.0,,15.27895706,15.27895706
2025-01-13,NN,IN,ZZ,154.41,18.0,0.0,,,
2025-01-13,HY,IN,ZZ,4103.94,554.0,185.0,,22.18345946,22.18345946
2025-01-13,HW,IN,ZZ,6678.49,1100.0,347.0,,19.24636888,19.24636888
2025-01-14,SG,IN,ZZ,2257.87,342.0,103.0,,21.92106796,21.92106796
2025-01-14,YK,IN,ZZ,583.66,59.0,23.0,,25.37652174,25.37652174
2025-01-14,LYD,IN,ZZ,248.54,32.0,26.0,,9.559230769,9.559230769
2025-01-14,WD,IN,ZZ,193.35,19.0,10.0,,19.335,19.335
2025-01-14,YJ,IN,ZZ,3861.72,508.0,161.0,,23.98583851,23.98583851
2025-01-14,HW,IN,ZZ,4683.58,1000.0,410.0,,11.42336585,11.42336585
2025-01-14,HY,IN,ZZ,3374.78,384.0,100.0,,33.7478,33.7478
2025-01-14,ZJ,IN,ZZ,38.32,2.0,2.0,,19.16,19.16
2025-01-14,MY,IN,ZZ,4777.24,680.0,289.0,,16.53024221,16.53024221
2025-01-15,HY,IN,ZZ,3426.74,353.0,142.0,,24.13197183,24.13197183
2025-01-15,WD,IN,ZZ,0.0,0.0,0.0,,,
2025-01-15,YK,IN,ZZ,1113.83,80.0,36.0,,30.93972222,30.93972222
2025-01-15,YJ,IN,ZZ,2987.04,445.0,125.0,,23.89632,23.89632
2025-01-15,TT,IN,UNKNOWN,3.72,0.0,0.0,,,
2025-01-15,MY,IN,ZZ,3020.05,471.0,156.0,,19.35929487,19.35929487
2025-01-15,LYD,IN,ZZ,241.5,20.0,5.0,,48.3,48.3
2025-01-15,ZJ,IN,ZZ,478.82,87.0,22.0,,21.76454545,21.76454545
2025-01-15,NN,IN,ZZ,23.08,5.0,0.0,,,
2025-01-15,SG,IN,ZZ,5581.21,894.0,330.0,,16.91275758,16.91275758
2025-01-15,HW,IN,ZZ,8568.8,1545.0,608.0,,14.09342105,14.09342105
2025-01-15,LYD,意大利,ZZ,240.46,7.0,4.0,,60.115,60.115
2025-01-16,WD,IN,ZZ,11.53,1.0,0.0,,,
2025-01-16,NN,IN,ZZ,33.28,10.0,0.0,,,
2025-01-16,TT,IN,UNKNOWN,1.41,0.0,0.0,,,
2025-01-16,YK,IN,ZZ,350.1984999999986,40.0,3.0,,116.7328333,116.7328333
2025-01-16,MY,IN,ZZ,3914.21,567.0,197.0,,19.86908629,19.86908629
2025-01-16,YJ,IN,ZZ,1528.86,210.0,34.0,,44.96647059,44.96647059
2025-01-16,HW,IN,ZZ,6183.85,800.0,320.0,,19.32453125,19.32453125
2025-01-16,ZJ,IN,ZZ,198.4,30.0,5.0,,39.68,39.68
2025-01-16,HY,IN,ZZ,2927.21,449.0,149.0,,19.6457047,19.6457047
2025-01-16,SG,IN,ZZ,680.0,0.0,60.0,,11.33333333,11.33333333
2025-01-16,LYD,意大利,ZZ,122.59,3.0,15.0,,8.172666667,8.172666667
2025-01-17,HY,IN,ZZ,2765.82,433.0,149.0,,18.56255034,18.56255034
2025-01-17,YJ,IN,ZZ,244.71,20.0,5.0,,48.942,48.942
2025-01-17,WD,IN,ZZ,4.11,2.0,0.0,,,
2025-01-17,MY,IN,ZZ,2644.8,350.0,137.0,,19.30510949,19.30510949
2025-01-17,ZJ,IN,ZZ,2356.14,353.0,101.0,,23.32811881,23.32811881
2025-01-17,YK,IN,ZZ,129.12,15.0,2.0,,64.56,64.56
2025-01-17,HW,IN,ZZ,4344.58,780.0,207.0,,20.98830918,20.98830918
2025-01-17,SG,IN,ZZ,0.0,0.0,0.0,,,
2025-01-17,LYD,意大利,ZZ,55.77,2.0,2.0,,27.885,27.885
2025-01-17,NN,IN,ZZ,611.52,92.0,0.0,,,
2025-01-18,HY,IN,ZZ,8208.79,1436.0,463.0,,17.72956803,17.72956803
2025-01-18,WD,IN,ZZ,48.75,9.0,0.0,,,
2025-01-18,SG,IN,ZZ,324.9,48.0,13.0,,24.99230769,24.99230769
2025-01-18,HW,IN,ZZ,4580.67,916.0,369.0,,12.41373984,12.41373984
2025-01-18,NN,IN,ZZ,1414.87,237.0,0.0,,,
2025-01-18,YJ,IN,ZZ,2954.65,510.0,177.0,,16.69293785,16.69293785
2025-01-18,MY,IN,ZZ,2941.34,461.0,97.0,,30.32309278,30.32309278
2025-01-18,ZJ,IN,ZZ,5567.05,982.0,322.0,,17.28897516,17.28897516
2025-01-19,WD,IN,ZZ,48.85,8.0,0.0,,,
2025-01-19,MY,IN,ZZ,1096.37,209.0,64.0,,17.13078125,17.13078125
2025-01-19,YJ,IN,ZZ,2361.67,322.0,103.0,,22.92883495,22.92883495
2025-01-19,NN,IN,ZZ,6073.35,914.0,0.0,,,
2025-01-19,HW,IN,ZZ,3162.89,700.0,202.0,,15.65787129,15.65787129
2025-01-19,ZJ,IN,ZZ,5594.41,1204.0,401.0,,13.95114713,13.95114713
2025-01-19,HY,IN,ZZ,2568.8,463.0,376.0,,6.831914894,6.831914894
2025-01-19,SG,IN,ZZ,4841.08,837.0,367.0,,13.19095368,13.19095368
2025-01-20,LYD,IN,ZZ,371.79,72.0,23.0,,16.16478261,16.16478261
2025-01-20,YJ,IN,ZZ,0.0,0.0,0.0,,,
2025-01-20,MY,IN,ZZ,1905.43,349.0,115.0,,16.56895652,16.56895652
2025-01-20,WD,IN,ZZ,0.0,0.0,0.0,,,
2025-01-20,HY,IN,ZZ,3806.18,651.0,219.0,,17.37981735,17.37981735
2025-01-20,NN,IN,ZZ,3571.16,520.0,150.0,,23.80773333,23.80773333
2025-01-20,TT,IN,UNKNOWN,0.82,0.0,0.0,,,
2025-01-20,SG,IN,ZZ,2099.54,364.0,116.0,,18.09948276,18.09948276
2025-01-20,HW,IN,ZZ,6694.3,1300.0,330.0,,20.28575758,20.28575758
2025-01-20,ZJ,IN,ZZ,4991.25,163.0,532.0,,9.382048872,9.382048872
2025-01-20,LYD,意大利,ZZ,66.73,3.0,1.0,,66.73,66.73
2025-01-20,YK,意大利,ZZ,225.97,10.0,0.0,,,
2025-01-21,SG,IN,ZZ,1024.16,184.0,82.0,,12.4897561,12.4897561
2025-01-21,WD,IN,ZZ,360.87,35.0,13.0,,27.75923077,27.75923077
2025-01-21,ZJ,IN,ZZ,3182.6,531.0,172.0,,18.50348837,18.50348837
2025-01-21,HY,IN,ZZ,2747.87,473.0,154.0,,17.84331169,17.84331169
2025-01-21,MY,IN,ZZ,3130.05,513.0,209.0,,14.97631579,14.97631579
2025-01-21,NN,IN,ZZ,3731.72,591.0,170.0,,21.95129412,21.95129412
2025-01-21,YJ,IN,ZZ,4105.65,574.0,186.0,,22.0733871,22.0733871
2025-01-21,YK,IN,ZZ,594.68,121.0,45.0,,13.21511111,13.21511111
2025-01-21,TT,IN,UNKNOWN,444.75,55.0,21.0,,21.17857143,21.17857143
2025-01-21,LYD,IN,ZZ,954.09,143.0,53.0,,18.00169811,18.00169811
2025-01-21,HW,IN,ZZ,4278.81,700.0,276.0,,15.50293478,15.50293478
2025-01-21,YK,意大利,ZZ,863.74,23.0,2.0,,431.87,431.87
2025-01-21,LYD,意大利,ZZ,334.69,11.0,2.0,,167.345,167.345
2025-01-22,MY,IN,ZZ,863.67,128.0,46.0,,18.77543478,18.77543478
2025-01-22,HY,IN,ZZ,3222.97,461.0,161.0,,20.0184472,20.0184472
2025-01-22,SG,IN,ZZ,1881.11,268.0,106.0,,17.74632075,17.74632075
2025-01-22,WD,IN,ZZ,1622.46,130.0,20.0,,81.123,81.123
2025-01-22,HW,IN,ZZ,3595.12,700.0,269.0,,13.36475836,13.36475836
2025-01-22,YJ,IN,ZZ,148.85,30.0,11.0,,13.53181818,13.53181818
2025-01-22,YK,IN,ZZ,227.68,37.0,13.0,,17.51384615,17.51384615
2025-01-22,NN,IN,ZZ,1281.76,124.0,55.0,,23.30472727,23.30472727
2025-01-22,LYD,IN,ZZ,2143.05,336.0,85.0,,25.21235294,25.21235294
2025-01-22,TT,IN,UNKNOWN,751.17,97.0,25.0,,30.0468,30.0468
2025-01-22,YK,意大利,ZZ,540.5899999999999,16.0,1.0,,540.59,540.59
2025-01-22,LYD,意大利,ZZ,234.82,12.0,2.0,,117.41,117.41
2025-01-22,ZJ,IN,ZZ,721.01,103.0,42.0,,17.16690476,17.16690476
2025-01-23,YJ,IN,ZZ,1682.23,285.0,90.0,,18.69144444,18.69144444
2025-01-23,WD,IN,ZZ,2903.4,354.0,133.0,,21.83007519,21.83007519
2025-01-23,SG,IN,ZZ,5535.03,1024.0,406.0,,13.63307882,13.63307882
2025-01-23,MY,IN,ZZ,2170.35,408.0,208.0,,10.434375,10.434375
2025-01-23,NN,IN,ZZ,2548.54,369.0,55.0,,46.33709091,46.33709091
2025-01-23,TT,IN,UNKNOWN,1463.87,162.0,23.0,,63.64652174,63.64652174
2025-01-23,ZJ,IN,ZZ,1509.47,293.0,101.0,,14.94524752,14.94524752
2025-01-23,LYD,IN,ZZ,1212.01,184.0,26.0,,46.61576923,46.61576923
2025-01-23,HY,IN,ZZ,3869.7,571.0,308.0,,12.56396104,12.56396104
2025-01-23,HW,IN,ZZ,3991.54,700.0,274.0,,14.56766423,14.56766423
2025-01-24,WD,IN,ZZ,1217.92,97.0,60.0,,20.29866667,20.29866667
2025-01-24,YJ,IN,ZZ,3281.48,526.0,188.0,,17.45468085,17.45468085
2025-01-24,LYD,IN,ZZ,1.98,0.0,0.0,,,
2025-01-24,TT,IN,UNKNOWN,621.3,50.0,14.0,,44.37857143,44.37857143
2025-01-24,SG,IN,ZZ,3405.11,534.0,206.0,,16.52966019,16.52966019
2025-01-24,MY,IN,ZZ,3071.56,523.0,269.0,,11.41843866,11.41843866
2025-01-24,HY,IN,ZZ,2377.12,322.0,140.0,,16.97942857,16.97942857
2025-01-24,NN,IN,ZZ,2316.42,410.0,94.0,,24.64276596,24.64276596
2025-01-24,ZJ,IN,ZZ,1699.65,298.0,119.0,,14.28277311,14.28277311
2025-01-24,HW,IN,ZZ,5407.64,1000.0,402.0,,13.4518408,13.4518408
2025-01-25,YJ,IN,ZZ,1139.03,235.0,79.0,,14.41810127,14.41810127
2025-01-25,WD,IN,ZZ,149.2,21.0,5.0,,29.84,29.84
2025-01-25,TT,IN,UNKNOWN,2507.36,288.0,82.0,,30.57756098,30.57756098
2025-01-25,MY,IN,ZZ,4155.16,945.0,598.0,,6.948428094,6.948428094
2025-01-25,HW,IN,ZZ,3446.828499999999,700.0,281.0,,12.26629359,12.26629359
2025-01-25,LYD,IN,ZZ,1465.69,182.0,44.0,,33.31113636,33.31113636
2025-01-25,SG,IN,ZZ,4326.77,781.0,360.0,,12.01880556,12.01880556
2025-01-25,ZJ,IN,ZZ,4800.69,1031.0,301.0,,15.94913621,15.94913621
2025-01-25,HY,IN,ZZ,2158.97,396.0,175.0,,12.33697143,12.33697143
2025-01-25,NN,IN,ZZ,1114.92,248.0,61.0,,18.27737705,18.27737705
2025-01-25,YK,IN,ZZ,11.18,2.0,1.0,,11.18,11.18
2025-01-26,YJ,IN,ZZ,0.0,0.0,0.0,,,
2025-01-26,SG,IN,ZZ,4074.63,843.0,503.0,,8.100656064,8.100656064
2025-01-26,MY,IN,ZZ,5814.76,1003.0,674.0,,8.627240356,8.627240356
2025-01-26,LYD,IN,ZZ,350.5100000000005,67.0,23.0,,15.23956522,15.23956522
2025-01-26,TT,IN,UNKNOWN,1682.27,227.0,79.0,,21.29455696,21.29455696
2025-01-26,HW,IN,ZZ,3901.3142499999967,600.0,271.0,,14.39599354,14.39599354
2025-01-27,TT,IN,UNKNOWN,438.93,37.0,12.0,,36.5775,36.5775
2025-01-27,YJ,IN,ZZ,0.0,0.0,0.0,,,
2025-01-27,YK,IN,ZZ,848.95,145.0,58.0,,14.63706897,14.63706897
2025-01-27,WD,IN,ZZ,0.0,0.0,0.0,,,
2025-01-26,WD,IN,ZZ,0.0,0.0,0.0,,,
2025-01-27,SG,IN,ZZ,10957.37,2365.0,1036.0,,10.57661197,10.57661197
2025-01-26,ZJ,IN,ZZ,2942.74,522.0,180.0,,16.34855556,16.34855556
2025-01-27,HW,IN,ZZ,1123.88,300.0,61.0,,18.4242623,18.4242623
2025-01-27,MY,IN,ZZ,5051.77,802.0,505.0,,10.00350495,10.00350495
2025-01-27,HY,IN,ZZ,0.0,0.0,0.0,,,
2025-01-28,HY,IN,ZZ,5113.25,741.0,285.0,,17.94122807,17.94122807
2025-01-28,YJ,IN,ZZ,286.83,57.0,17.0,,16.87235294,16.87235294
2025-01-28,YK,IN,ZZ,2218.24,282.0,129.0,,17.19565891,17.19565891
2025-01-28,SG,IN,ZZ,39511.33,6875.0,3089.0,,12.79097766,12.79097766
2025-01-28,MY,IN,ZZ,2057.84,321.0,181.0,,11.36928177,11.36928177
2025-01-28,HW,IN,ZZ,3676.95,620.0,291.0,,12.63556701,12.63556701
2025-01-28,WD,IN,ZZ,0.0,0.0,0.0,,,
2025-01-28,ZJ,IN,ZZ,3352.78,496.0,148.0,,22.65391892,22.65391892
2025-01-29,MY,IN,ZZ,2330.31,336.0,200.0,,11.65155,11.65155
2025-01-29,NN,IN,ZZ,1691.34,202.0,0.0,,,
2025-01-29,YJ,IN,ZZ,1825.44,283.0,108.0,,16.90222222,16.90222222
2025-01-29,WD,IN,ZZ,0.0,0.0,0.0,,,
2025-01-29,SG,IN,ZZ,15045.91,1784.0,389.0,,38.67843188,38.67843188
2025-01-29,YK,IN,ZZ,2997.2,368.0,214.0,,14.00560748,14.00560748
2025-01-29,HW,IN,ZZ,4354.25,700.0,279.0,,15.60663082,15.60663082
2025-01-29,ZJ,IN,ZZ,1536.55,213.0,66.0,,23.28106061,23.28106061
2025-01-29,HY,IN,ZZ,1425.85,292.0,103.0,,13.84320388,13.84320388
2025-01-30,YJ,IN,ZZ,472.13,80.0,20.0,,23.6065,23.6065
2025-01-30,YK,意大利,ZZ,741.03,0.0,0.0,,,
2025-01-30,MY,IN,ZZ,1055.3,153.0,65.0,,16.23538462,16.23538462
2025-01-30,SG,IN,ZZ,4013.65,851.0,412.0,,9.741868932,9.741868932
2025-01-30,NN,IN,ZZ,1061.44,120.0,0.0,,,
2025-01-30,WD,IN,ZZ,0.0,0.0,0.0,,,
2025-01-30,YK,IN,ZZ,1076.93,289.0,132.0,,8.158560606,8.158560606
2025-01-30,LYD,IN,ZZ,704.9,76.0,10.0,,70.49,70.49
2025-01-30,HW,IN,ZZ,6228.84,1130.0,411.0,,15.15532847,15.15532847
2025-01-30,ZJ,IN,ZZ,221.6,58.0,10.0,,22.16,22.16
2025-01-30,HY,IN,ZZ,4747.89,712.0,271.0,,17.5198893,17.5198893
2025-01-31,HW,IN,ZZ,1791.22,298.0,95.0,,18.85494737,18.85494737
2025-01-31,HY,IN,ZZ,12.37,0.0,0.0,,,
2025-01-31,SG,IN,ZZ,3670.98,584.0,226.0,,16.24327434,16.24327434
2025-01-31,YJ,IN,ZZ,0.0,0.0,0.0,,,
2025-01-31,YK,IN,ZZ,807.52,230.0,142.0,,5.686760563,5.686760563
2025-01-31,NN,IN,ZZ,1409.0,220.0,0.0,,,
2025-01-31,LYD,IN,ZZ,25.97,0.0,0.0,,,
2025-01-31,LYD,意大利,ZZ,12.04,0.0,0.0,,,
2025-01-31,WD,IN,ZZ,241.47,30.0,19.0,,12.70894737,12.70894737
2025-01-31,YK,DE,ZZ,12.4,0.0,0.0,,,
2025-02-01,WD,IN,ZZ,16.27,0.0,0.0,,,
2025-02-01,YK,IN,ZZ,5891.48,1068.0,411.0,,14.33450122,14.33450122
2025-02-01,HY,IN,ZZ,0.0,0.0,0.0,,,
2025-02-01,YJ,IN,ZZ,793.43,170.0,80.0,,9.917875,9.917875
2025-02-01,HW,IN,ZZ,2182.34,360.0,170.0,,12.83729412,12.83729412
2025-02-01,SG,IN,ZZ,3739.68,689.0,320.0,,11.6865,11.6865
2025-02-02,HY,IN,ZZ,3449.49,582.0,228.0,,15.12934211,15.12934211
2025-02-02,YK,IN,ZZ,4050.22,620.0,202.0,,20.05059406,20.05059406
2025-02-02,YJ,IN,ZZ,2876.5207499999983,470.0,234.0,,12.29282372,12.29282372
2025-02-02,WD,IN,ZZ,0.0,0.0,0.0,,,
2025-02-02,SG,IN,ZZ,6773.07,1253.0,560.0,,12.09476786,12.09476786
2025-02-02,HW,IN,ZZ,2172.83,450.0,218.0,,9.967110092,9.967110092
2025-02-02,LYD,IN,ZZ,191.22,57.0,10.0,,19.122,19.122
2025-02-02,ZJ,IN,ZZ,3372.61,570.0,200.0,,16.86305,16.86305
2025-02-03,WD,IN,ZZ,557.76,52.0,16.0,,34.86,34.86
2025-02-03,SG,IN,ZZ,3370.97,575.0,266.0,,12.67281955,12.67281955
2025-02-03,YK,IN,ZZ,2000.38,388.0,122.0,,16.39655738,16.39655738
2025-02-03,MY,IN,ZZ,1422.93,258.0,128.0,,11.11664063,11.11664063
2025-02-03,ZJ,IN,ZZ,1873.54,232.0,80.0,,23.41925,23.41925
2025-02-03,LYD,IN,ZZ,534.72,120.0,28.0,,19.09714286,19.09714286
2025-02-03,TT,IN,UNKNOWN,986.3,112.0,27.0,,36.52962963,36.52962963
2025-02-03,YJ,IN,ZZ,4403.55,767.0,278.0,,15.84010791,15.84010791
2025-02-03,HW,IN,ZZ,3571.26,570.0,227.0,,15.73242291,15.73242291
2025-02-03,HY,IN,ZZ,4155.83,676.0,261.0,,15.92272031,15.92272031
2025-02-04,SG,IN,ZZ,1331.74,231.0,97.0,,13.72927835,13.72927835
2025-02-04,WD,IN,ZZ,98.13,19.0,0.0,,,
2025-02-04,YK,IN,ZZ,759.18,180.0,74.0,,10.25918919,10.25918919
2025-02-04,TT,IN,UNKNOWN,1270.4,135.0,38.0,,33.43157895,33.43157895
2025-02-04,LYD,IN,ZZ,1748.45,257.0,78.0,,22.41602564,22.41602564
2025-02-04,HW,IN,ZZ,1935.76,430.0,186.0,,10.40731183,10.40731183
2025-02-04,YJ,IN,ZZ,4331.27,698.0,251.0,,17.25605578,17.25605578
2025-02-04,ZJ,IN,ZZ,2788.08,362.0,108.0,,25.81555556,25.81555556
2025-02-04,MY,IN,ZZ,2754.66,550.0,286.0,,9.631678322,9.631678322
2025-02-04,HY,IN,ZZ,5487.98,1229.0,397.0,,13.8236272,13.8236272
2025-02-05,HY,IN,ZZ,1483.35,291.0,102.0,,14.54264706,14.54264706
2025-02-05,WD,IN,ZZ,0.0,0.0,0.0,,,
2025-02-05,YJ,IN,ZZ,5813.45,930.0,364.0,,15.97101648,15.97101648
2025-02-05,LYD,IN,ZZ,2550.76,475.0,152.0,,16.78131579,16.78131579
2025-02-05,YK,IN,ZZ,3128.8,576.0,248.0,,12.61612903,12.61612903
2025-02-05,HW,IN,ZZ,3122.24,620.0,220.0,,14.192,14.192
2025-02-05,MY,IN,ZZ,4131.14,821.0,467.0,,8.846124197,8.846124197
2025-02-05,TT,IN,UNKNOWN,1837.260000000001,187.0,58.0,,31.67689655,31.67689655
2025-02-05,ZJ,IN,ZZ,779.35,101.0,20.0,,38.9675,38.9675
2025-02-05,SG,IN,ZZ,2045.9900000000007,389.0,180.0,,11.36661111,11.36661111
2025-02-06,WD,IN,ZZ,0.0,0.0,0.0,,,
2025-02-06,LYD,IN,ZZ,3036.48,523.0,170.0,,17.86164706,17.86164706
2025-02-06,YK,IN,ZZ,3085.43,372.0,183.0,,16.86027322,16.86027322
2025-02-06,HY,IN,ZZ,4400.89,681.0,284.0,,15.49609155,15.49609155
2025-02-06,MY,IN,ZZ,4433.87,791.0,478.0,,9.275878661,9.275878661
2025-02-06,YJ,IN,ZZ,3965.26,646.0,228.0,,17.39149123,17.39149123
2025-02-06,HW,IN,ZZ,1131.19,226.0,54.0,,20.94796296,20.94796296
2025-02-06,SG,IN,ZZ,558.83,103.0,57.0,,9.804035088,9.804035088
2025-02-06,ZJ,IN,ZZ,4371.46,357.0,179.0,,24.42156425,24.42156425
2025-02-07,TT,IN,UNKNOWN,1350.41,149.0,41.0,,32.93682927,32.93682927
2025-02-07,YJ,IN,ZZ,1641.9,244.0,93.0,,17.65483871,17.65483871
2025-02-07,YK,IN,ZZ,2080.26,264.0,83.0,,25.06337349,25.06337349
2025-02-07,WD,IN,ZZ,3.81,0.0,0.0,,,
2025-02-07,LYD,IN,ZZ,1698.14,292.0,83.0,,20.45951807,20.45951807
2025-02-07,HW,IN,ZZ,2184.84,350.0,85.0,,25.704,25.704
2025-02-07,MY,IN,ZZ,2242.6,392.0,171.0,,13.11461988,13.11461988
2025-02-07,ZJ,IN,ZZ,2913.59,545.0,212.0,,13.74334906,13.74334906
2025-02-07,SG,IN,ZZ,766.95,137.0,69.0,,11.11521739,11.11521739
2025-02-08,HY,IN,ZZ,0.0,0.0,0.0,,,
2025-02-08,YK,IN,ZZ,1655.49,202.0,48.0,,34.489375,34.489375
2025-02-08,HW,IN,ZZ,4915.03,950.0,377.0,,13.03721485,13.03721485
2025-02-08,YJ,IN,ZZ,1672.7,260.0,111.0,,15.06936937,15.06936937
2025-02-08,WD,IN,ZZ,0.0,0.0,0.0,,,
2025-02-08,SG,IN,ZZ,1481.05,264.0,122.0,,12.1397541,12.1397541
2025-02-08,MY,IN,ZZ,866.86,183.0,36.0,,24.07944444,24.07944444
2025-02-08,HY,IN,ZZ,3190.58,805.0,196.0,,16.27846939,16.27846939
2025-02-08,ZJ,IN,ZZ,3068.69,549.0,183.0,,16.76879781,16.76879781
2025-02-08,LYD,IN,ZZ,2876.09,479.0,184.0,,15.63092391,15.63092391
2025-02-09,YJ,IN,ZZ,670.52,152.0,82.0,,8.177073171,8.177073171
2025-02-09,WD,IN,ZZ,0.0,0.0,0.0,,,
2025-02-09,MY,IN,ZZ,857.92,208.0,121.0,,7.090247934,7.090247934
2025-02-09,HW,IN,ZZ,3145.88,700.0,271.0,,11.60841328,11.60841328
2025-02-09,HY,IN,ZZ,0.0,0.0,0.0,,,
2025-02-10,HY,IN,ZZ,0.0,0.0,0.0,,,
2025-02-10,MY,IN,ZZ,155.54,24.0,17.0,,9.149411765,9.149411765
2025-02-10,ZJ,IN,ZZ,33.27,12.0,10.0,,3.327,3.327
2025-02-10,YJ,IN,ZZ,1814.62,263.0,121.0,,14.9968595,14.9968595
2025-02-10,WD,IN,ZZ,75.67349999999983,8.0,7.0,,10.8105,10.8105
2025-02-10,SG,IN,ZZ,30.56,7.0,4.0,,7.64,7.64
2025-02-10,HW,IN,ZZ,1177.46,190.0,46.0,,25.59695652,25.59695652
2025-02-11,SG,IN,ZZ,193.4,23.0,6.0,,32.23333333,32.23333333
2025-02-11,YJ,IN,ZZ,1312.6399999999987,219.0,46.0,,28.53565217,28.53565217
2025-02-11,WD,IN,ZZ,0.0,0.0,0.0,,,
2025-02-11,MY,IN,ZZ,155.42,45.0,12.0,,12.95166667,12.95166667
2025-02-11,HY,IN,ZZ,8180.86,1604.0,602.0,,13.58946844,13.58946844
2025-02-11,YK,IN,ZZ,1753.165375,302.0,125.0,,14.025323,14.025323
2025-02-11,LYD,IN,ZZ,194.88,23.0,7.0,,27.84,27.84
2025-02-11,ZJ,IN,ZZ,2668.07,597.0,207.0,,12.88922705,12.88922705
2025-02-11,HW,IN,ZZ,177.7,35.0,0.0,,,
2025-02-12,WD,IN,ZZ,0.0,0.0,0.0,,,
2025-02-12,YK,IN,ZZ,785.05,93.0,15.0,,52.33666667,52.33666667
2025-02-12,HW,IN,ZZ,434.47,77.0,21.0,,20.68904762,20.68904762
2025-02-12,HY,IN,ZZ,2995.64,656.0,197.0,,15.20629442,15.20629442
2025-02-12,SG,巴西,ZZ,483.78,87.0,66.0,,7.33,7.33
2025-02-12,YJ,IN,ZZ,0.0,0.0,0.0,,,
2025-02-13,YJ,IN,ZZ,3837.5718750000015,543.0,166.0,,23.11790286,23.11790286
2025-02-13,LYD,IN,ZZ,285.87,52.0,20.0,,14.2935,14.2935
2025-02-13,MY,IN,ZZ,753.47,107.0,47.0,,16.0312766,16.0312766
2025-02-13,WD,IN,ZZ,0.0,0.0,0.0,,,
2025-02-13,HY,IN,ZZ,13.49,0.0,0.0,,,
2025-02-13,HW,IN,ZZ,3683.65,598.0,193.0,,19.08626943,19.08626943
2025-02-13,YK,IN,ZZ,2773.18,518.0,174.0,,15.93781609,15.93781609
2025-02-13,ZYH,IN,ZZ,11.13095238095238,0.0,0.0,,,
2025-02-14,HY,IN,ZZ,5712.88,1105.0,381.0,,14.9944357,14.9944357
2025-02-14,ZYH,IN,ZZ,4.13,0.0,0.0,,,
2025-02-14,YJ,IN,ZZ,2239.28,370.0,115.0,,19.472,19.472
2025-02-14,WD,IN,ZZ,44.66535119047619,13.0,0.0,,,
2025-02-14,MY,IN,ZZ,1305.06,196.0,81.0,,16.11185185,16.11185185
2025-02-14,YK,IN,ZZ,2302.92,437.0,164.0,,14.04219512,14.04219512
2025-02-14,HW,IN,ZZ,1706.49,381.0,91.0,,18.75263736,18.75263736
2025-02-14,SG,IN,ZZ,2103.98,421.0,254.0,,8.283385827,8.283385827
2025-02-14,LYD,IN,ZZ,796.15,111.0,48.0,,16.58645833,16.58645833
2025-02-15,YJ,IN,ZZ,4243.81,771.0,292.0,,14.53359589,14.53359589
2025-02-15,ZYH,IN,ZZ,23.82,3.0,0.0,,,
2025-02-15,MY,IN,ZZ,590.28,111.0,47.0,,12.55914894,12.55914894
2025-02-15,HW,IN,ZZ,2976.34,571.0,147.0,,20.24721088,20.24721088
2025-02-15,YK,IN,ZZ,2302.31,510.0,207.0,,11.12227053,11.12227053
2025-02-15,WD,IN,ZZ,0.0,0.0,0.0,,,
2025-02-15,HY,IN,ZZ,4291.48,1088.0,389.0,,11.03208226,11.03208226
2025-02-15,SG,IN,ZZ,1142.6976249999998,236.0,119.0,,9.60250105,9.60250105
2025-02-15,LYD,IN,ZZ,169.99,15.0,10.0,,16.999,16.999
2025-02-16,HW,IN,ZZ,1623.43,340.0,110.0,,14.75845455,14.75845455
2025-02-16,YJ,IN,ZZ,0.0,15.0,7.0,,0.0,0.0
2025-02-16,ZYH,IN,ZZ,0.0,0.0,0.0,,,
2025-02-16,SG,IN,ZZ,3236.3235,624.0,205.0,,15.7869439,15.7869439
2025-02-16,WD,IN,ZZ,0.0,0.0,0.0,,,
2025-02-16,HY,IN,ZZ,0.0,0.0,0.0,,,
2025-02-16,ZJ,IN,ZZ,1440.67,341.0,94.0,,15.3262766,15.3262766
2025-02-17,YJ,IN,ZZ,0.0,0.0,0.0,,,
2025-02-17,WD,IN,ZZ,0.0,0.0,0.0,,,
2025-02-17,HY,意大利单导,ZZ,1859.4,14.0,0.0,,,
2025-02-17,ZYH,意大利单导,ZZ,14.72,0.0,0.0,,,
2025-02-17,WD,意大利单导,ZZ,184.2,3.0,0.0,,,
2025-02-17,SG,IN,ZZ,2750.29,578.0,216.0,,12.73282407,12.73282407
2025-02-17,HW,IN,ZZ,0.0,0.0,0.0,,,
2025-02-18,WD,IN,ZZ,0.0,0.0,0.0,,,
2025-02-18,WD,意大利单导,ZZ,156.69,2.0,0.0,,,
2025-02-17,HY,IN,ZZ,0.0,0.0,0.0,,,
2025-02-18,HY,IN,ZZ,0.0,0.0,0.0,,,
2025-02-18,ZYH,意大利单导,ZZ,0.0,0.0,0.0,,,
2025-02-18,ZYH,IN,ZZ,0.0,0.0,0.0,,,
2025-02-18,SG,IN,ZZ,1920.18,304.0,137.0,,14.01591241,14.01591241
2025-02-18,HY,意大利单导,ZZ,605.85,9.0,0.0,,,
2025-02-18,ZJ,意大利单导,ZZ,235.90937499999995,5.0,0.0,,,
2025-02-18,HW,IN,ZZ,755.13,180.0,89.0,,8.484606742,8.484606742
2025-02-18,YJ,IN,ZZ,16.09,0.0,0.0,,,
2025-02-18,LYD,意大利单导,ZZ,12.6,0.0,0.0,,,
2025-02-19,SG,IN,ZZ,629.25,127.0,40.0,,15.73125,15.73125
2025-02-19,WD,IN,ZZ,64.04,6.0,2.0,,32.02,32.02
2025-02-19,YJ,IN,ZZ,264.43,59.0,21.0,,12.59190476,12.59190476
2025-02-19,HY,IN,ZZ,0.0,0.0,0.0,,,
2025-02-19,HY,意大利单导,ZZ,0.0,0.0,0.0,,,
2025-02-19,WD,意大利单导,ZZ,146.49,1.0,1.0,,146.49,146.49
2025-02-19,HW,IN,ZZ,2100.27,359.0,120.0,,17.50225,17.50225
2025-02-19,ZJ,IN,ZZ,3245.852,526.0,191.0,,16.99398953,16.99398953
2025-02-20,ZYH,意大利单导,ZZ,15.0,0.0,0.0,,,
2025-02-20,WD,意大利单导,ZZ,167.3,1.0,0.0,,,
2025-02-20,WD,IN,ZZ,0.0,0.0,0.0,,,
2025-02-20,HY,意大利单导,ZZ,0.0,0.0,0.0,,,
2025-02-20,HY,IN,ZZ,0.0,0.0,0.0,,,
2025-02-20,YJ,IN,ZZ,0.0,0.0,0.0,,,
2025-02-20,SG,IN,ZZ,1234.55,237.0,121.0,,10.20289256,10.20289256
2025-02-20,MY,意大利单导,ZZ,116.96,0.0,0.0,,,
2025-02-20,ZJ,意大利单导,ZZ,276.1238749999975,4.0,0.0,,,
2025-02-20,SG,巴西单导,ZZ,225.9,27.0,9.0,,25.1,25.1
2025-02-20,YJ,巴西单导,ZZ,64.73,10.0,3.0,,21.57666667,21.57666667
2025-02-21,HY,IN,ZZ,0.0,0.0,0.0,,,
2025-02-21,ZYH,IN,ZZ,0.0,0.0,0.0,,,
2025-02-21,ZYH,意大利,ZZ,0.0,0.0,0.0,,,
2025-02-21,WD,IN,ZZ,0.0,0.0,0.0,,,
2025-02-21,WD,意大利,ZZ,177.1,4.0,1.0,,177.1,177.1
2025-02-21,SG,IN,ZZ,889.72,153.0,44.0,,20.22090909,20.22090909
2025-02-21,YJ,IN,ZZ,0.0,0.0,0.0,,,
2025-02-21,MY,意大利,ZZ,106.79,2.0,0.0,,,
2025-02-21,ZJ,IN,ZZ,3028.2,386.0,176.0,,17.20568182,17.20568182
2025-02-21,SG,巴西单导,ZZ,287.73,36.0,11.0,,26.15727273,26.15727273
2025-02-21,HW,IN,ZZ,268.48,22.0,7.0,,38.35428571,38.35428571
2025-02-22,YJ,巴西单导,ZZ,169.25,8.0,2.0,,84.625,84.625
2025-02-22,WD,IN,ZZ,975.83,173.0,68.0,,14.35044118,14.35044118
2025-02-22,WD,意大利,ZZ,0.0,0.0,0.0,,,
2025-02-22,YJ,IN,ZZ,2332.85,369.0,125.0,,18.6628,18.6628
2025-02-22,SG,IN,ZZ,3871.93,754.0,345.0,,11.22298551,11.22298551
2025-02-22,HW,IN,ZZ,0.0,0.0,0.0,,,
2025-02-22,ZYH,意大利,ZZ,36.56,1.0,1.0,,36.56,36.56
2025-02-22,ZYH,巴西单导,ZZ,45.64,2.0,1.0,,45.64,45.64
2025-02-23,WD,IN,ZZ,998.18,138.0,48.0,,20.79541667,20.79541667
2025-02-23,YJ,IN,ZZ,5092.59,955.0,381.0,,13.36637795,13.36637795
2025-02-23,SG,IN,ZZ,852.59,163.0,80.0,,10.657375,10.657375
2025-02-23,ZYH,巴西单导,ZZ,18.43,0.0,0.0,,,
2025-02-23,ZYH,意大利,ZZ,74.15,1.0,0.0,,,
2025-02-24,WD,IN,ZZ,176.81,33.0,7.0,,25.25857143,25.25857143
2025-02-24,YJ,IN,ZZ,3379.86,519.0,178.0,,18.98797753,18.98797753
2025-02-24,YK,IN,ZZ,1448.7,236.0,87.0,,16.65172414,16.65172414
2025-02-24,SG,IN,ZZ,3339.54,563.0,257.0,,12.99431907,12.99431907
2025-02-25,ZYH,IN,ZZ,64.57000000000001,4.0,1.0,,64.57,64.57
2025-02-25,YK,IN,ZZ,2815.72,355.0,166.0,,16.96216867,16.96216867
2025-02-25,HY,IN,ZZ,4261.42,736.0,341.0,,12.49683284,12.49683284
2025-02-25,HW,IN,ZZ,160.69,24.0,10.0,,16.069,16.069
2025-02-25,YJ,IN,ZZ,4483.12,759.0,309.0,,14.50847896,14.50847896
2025-02-25,SG,IN,ZZ,3849.46,523.0,248.0,,15.52201613,15.52201613
2025-02-26,ZYH,IN,ZZ,711.53,86.0,26.0,,27.36653846,27.36653846
2025-02-26,SG,IN,ZZ,5811.0,893.0,362.0,,16.05248619,16.05248619
2025-02-26,YJ,IN,ZZ,2092.82,360.0,128.0,,16.35015625,16.35015625
2025-02-26,YK,IN,ZZ,2605.47,389.0,209.0,,12.46636364,12.46636364
2025-02-26,HY,IN,ZZ,1214.27,299.0,135.0,,8.994592593,8.994592593
2025-02-25,WD,IN,ZZ,0.0,0.0,0.0,,,
2025-02-26,WD,IN,ZZ,0.0,0.0,0.0,,,
2025-02-27,WD,IN,ZZ,0.0,0.0,0.0,,,
2025-02-27,YJ,IN,ZZ,70.73,16.0,7.0,,10.10428571,10.10428571
2025-02-27,YK,IN,ZZ,2353.149999999998,375.0,108.0,,21.78842593,21.78842593
2025-02-27,ZYH,IN,ZZ,500.0,70.0,20.0,,25.0,25.0
2025-02-27,HY,IN,ZZ,3078.12,583.0,207.0,,14.87014493,14.87014493
2025-02-27,ZJ,IN,ZZ,0.0,0.0,20.0,,0.0,0.0
2025-02-28,WD,IN,ZZ,0.0,0.0,0.0,,,
2025-02-28,SG,意大利,ZZ,51.7,5.0,0.0,,,
2025-02-28,YJ,IN,ZZ,0.0,0.0,0.0,,,
2025-02-28,YJ,意大利,ZZ,0.0,0.0,0.0,,,
2025-02-28,ZYH,IN,ZZ,81.33,0.0,0.0,,,
2025-02-28,HY,IN,ZZ,497.11,0.0,0.0,,,
2025-02-28,LYD,意大利,ZZ,18.4,0.0,0.0,,,
2025-03-01,WD,IN,ZZ,0.0,0.0,0.0,,,
2025-03-01,WD,意大利,ZZ,10.58,0.0,0.0,,,
2025-03-01,YK,IN,ZZ,1768.36,313.0,121.0,,14.61454545,14.61454545
2025-03-01,MY,意大利,ZZ,37.23,0.0,0.0,,,
2025-03-01,YJ,意大利,ZZ,25.68,2.0,0.0,,,
2025-03-01,SG,意大利,ZZ,85.16,3.0,0.0,,,
2025-03-01,ZYH,意大利,ZZ,27.53,1.0,0.0,,,
2025-03-02,WD,IN,ZZ,0.0,0.0,0.0,,,
2025-03-02,WD,意大利,ZZ,0.0,0.0,0.0,,,
2025-03-02,LYD,IN,ZZ,122.65,30.0,9.0,,13.62777778,13.62777778
2025-03-01,HY,IN,ZZ,0.0,0.0,0.0,,,
2025-03-02,ZYH,IN,ZZ,0.0,0.0,0.0,,,
2025-03-02,HY,IN,ZZ,0.0,0.0,0.0,,,
2025-03-02,YK,IN,ZZ,1865.25,306.0,80.0,,23.315625,23.315625
2025-03-02,YJ,IN,ZZ,59.46,19.0,12.0,,4.955,4.955
2025-03-02,ZJ,意大利,ZZ,17.75,1.0,0.0,,,
2025-03-02,SG,IN,ZZ,480.27,97.0,54.0,,8.893888889,8.893888889
2025-03-03,ZYH,IN,ZZ,88.87,14.0,6.0,,14.81166667,14.81166667
2025-03-03,MY,IN,ZZ,103.84,11.0,3.0,,34.61333333,34.61333333
2025-03-03,WD,IN,ZZ,71.88,9.0,5.0,,14.376,14.376
2025-03-03,YJ,IN,ZZ,188.53,32.0,8.0,,23.56625,23.56625
2025-03-03,YK,IN,ZZ,1498.17,189.0,75.0,,19.9756,19.9756
2025-03-03,SG,IN,ZZ,1704.16,365.0,164.0,,10.39121951,10.39121951
2025-03-03,LYD,IN,ZZ,359.64,44.0,14.0,,25.68857143,25.68857143
2025-03-03,ZJ,IN,ZZ,16.04,4.0,1.0,,16.04,16.04
2025-03-03,HY,IN,ZZ,63.0,10.0,6.0,,10.5,10.5
2025-03-04,SG,IN,ZZ,0.0,0.0,0.0,,,
2025-03-04,WD,IN,ZZ,0.0,0.0,0.0,,,
2025-03-04,YJ,IN,ZZ,9.48,15.0,10.0,,0.948,0.948
2025-03-04,YK,IN,ZZ,1040.09,140.0,37.0,,28.11054054,28.11054054
2025-03-04,HY,IN,ZZ,30.29,2.0,2.0,,15.145,15.145
2025-03-04,XH,意大利,ZZ,23.35,0.0,0.0,,,
2025-03-05,YJ,IN,ZZ,0.0,0.0,0.0,,,
2025-03-05,WD,IN,ZZ,0.0,0.0,0.0,,,
2025-03-05,SG,IN,ZZ,1486.59,348.0,128.0,,11.61398438,11.61398438
2025-03-05,HY,IN,ZZ,0.0,0.0,0.0,,,
2025-03-06,HY,IN,ZZ,0.0,0.0,0.0,,,
2025-03-06,WD,IN,ZZ,0.0,0.0,0.0,,,
2025-03-06,YJ,IN,ZZ,239.47,41.0,7.0,,34.21,34.21
2025-03-06,YK,IN,ZZ,1168.29,178.0,31.0,,37.68677419,37.68677419
2025-03-06,SG,IN,ZZ,3195.5,543.0,273.0,,11.70512821,11.70512821
2025-03-07,YJ,IN,ZZ,0.0,0.0,0.0,,,
2025-03-07,WD,IN,ZZ,0.0,0.0,0.0,,,
2025-03-07,YK,IN,ZZ,1840.46,297.0,131.0,,14.04931298,14.04931298
2025-03-07,HW,IN,ZZ,157.34,48.0,27.0,,5.827407407,5.827407407
2025-03-07,MY,IN,ZZ,23.87,4.0,1.0,,23.87,23.87
2025-03-07,SG,IN,ZZ,6006.87,937.0,391.0,,15.36283887,15.36283887
2025-03-08,ZYH,IN,ZZ,35.55,4.0,2.0,,17.775,17.775
2025-03-08,LYD,IN,ZZ,43.2,4.0,2.0,,21.6,21.6
2025-03-08,YJ,IN,ZZ,617.49,140.0,63.0,,9.801428571,9.801428571
2025-03-08,MY,IN,ZZ,353.06,35.0,17.0,,20.76823529,20.76823529
2025-03-08,HY,IN,ZZ,3661.29,735.0,262.0,,13.97438931,13.97438931
2025-03-08,YK,IN,ZZ,838.59,161.0,78.0,,10.75115385,10.75115385
2025-03-08,WD,IN,ZZ,183.65,31.0,13.0,,14.12692308,14.12692308
2025-03-08,SG,IN,ZZ,5207.86,762.0,283.0,,18.40233216,18.40233216
2025-03-08,HW,IN,ZZ,3640.54,680.0,307.0,,11.85843648,11.85843648
2025-03-09,WD,IN,ZZ,0.0,0.0,0.0,,,
2025-03-09,SG,IN,ZZ,650.88,135.0,65.0,,10.01353846,10.01353846
2025-03-10,HY,IN,ZZ,285.31,26.0,9.0,,31.70111111,31.70111111
2025-03-10,WD,IN,ZZ,0.0,0.0,0.0,,,
2025-03-10,YJ,IN,ZZ,0.0,0.0,0.0,,,
2025-03-10,SG,IN,ZZ,1898.91,3624.0,184.0,,10.32016304,10.32016304
2025-03-10,LYD,英国,ZZ,32.77,0.0,0.0,,,
2025-03-10,ZYH,英国,ZZ,28.7,5.0,0.0,,,
2025-03-10,MY,英国,ZZ,12.13,0.0,0.0,,,
2025-03-11,YJ,IN,ZZ,1131.11,1000.0,102.0,,11.08931373,11.08931373
2025-03-11,WD,IN,ZZ,0.0,0.0,0.0,,,
2025-03-11,WD,英国,ZZ,51.08,2.0,0.0,,,
2025-03-11,ZYH,英国,ZZ,18.14,0.0,0.0,,,
2025-03-11,SG,IN,ZZ,1446.29,351.0,136.0,,10.63448529,10.63448529
2025-03-11,MY,英国,ZZ,19.88,0.0,0.0,,,
2025-03-11,XH,英国,ZZ,20.96,0.0,0.0,,,
2025-03-12,WD,IN,ZZ,0.0,0.0,0.0,,,
2025-03-12,WD,英国,ZZ,23.02,0.0,0.0,,,
2025-03-12,HW,KR,ZZ,289.0,0.0,15.0,,19.26666667,19.26666667
2025-03-12,SG,IN,ZZ,62.28,8.0,0.0,,,
2025-03-12,YJ,IN,ZZ,0.0,0.0,0.0,,,
2025-03-12,YK,IN,ZZ,1870.82,267.0,90.0,,20.78688889,20.78688889
2025-03-13,SG,IN,ZZ,192.23,42.0,0.0,,,
2025-03-13,YJ,IN,ZZ,0.0,0.0,0.0,,,
2025-03-13,WD,IN,ZZ,0.0,0.0,0.0,,,
2025-03-13,HW,KR,ZZ,598.39,0.0,63.0,,9.498253968,9.498253968
2025-03-13,YK,IN,ZZ,1059.04,157.0,56.0,,18.91142857,18.91142857
2025-03-13,MY,IN,ZZ,120.48,10.0,3.0,,40.16,40.16
2025-03-14,HW,KR,ZZ,486.35,0.0,41.0,,11.86219512,11.86219512
2025-03-14,WD,IN,ZZ,0.0,0.0,0.0,,,
2025-03-14,YK,IN,ZZ,1215.17,218.0,95.0,,12.79126316,12.79126316
2025-03-14,MY,IN,ZZ,235.41,31.0,19.0,,12.39,12.39
2025-03-14,XH,英国,ZZ,134.01,0.0,0.0,,,
2025-03-15,YK,IN,ZZ,180.54,32.0,14.0,,12.89571429,12.89571429
2025-03-15,WD,IN,ZZ,0.0,0.0,0.0,,,
2025-03-15,MY,IN,ZZ,58.37,6.0,3.0,,19.45666667,19.45666667
2025-03-16,WD,IN,ZZ,0.0,0.0,0.0,,,
2025-03-17,WD,IN,ZZ,0.0,0.0,0.0,,,
2025-03-17,YK,IN,ZZ,1666.78,236.0,108.0,,15.43314815,15.43314815
2025-03-17,HW,IN,ZZ,1070.03,210.0,91.0,,11.75857143,11.75857143
2025-03-17,MY,IN,ZZ,798.92,91.0,49.0,,16.3044898,16.3044898
2025-03-17,XH,英国,ZZ,440.72,0.0,2.0,,220.36,220.36
2025-03-18,WD,IN,ZZ,0.0,0.0,0.0,,,
2025-03-18,HW,IN,ZZ,1938.2,200.0,60.0,,32.30333333,32.30333333
2025-03-18,MY,IN,ZZ,1795.37,242.0,81.0,,22.16506173,22.16506173
2025-03-18,XH,英国,ZZ,583.22,3.0,3.0,,194.4066667,194.4066667
2025-03-18,YK,IN,ZZ,1344.1,140.0,33.0,,40.73030303,40.73030303
2025-03-18,SG,IN,ZZ,222.33,54.0,20.0,,11.1165,11.1165
2025-03-19,WD,IN,ZZ,0.0,0.0,0.0,,,
2025-03-19,HY,IN,ZZ,3855.29,721.0,301.0,,12.80827243,12.80827243
2025-03-19,YJ,IN,ZZ,333.8,60.0,24.0,,13.90833333,13.90833333
2025-03-19,MY,IN,ZZ,3337.91,492.0,172.0,,19.40645349,19.40645349
2025-03-19,YK,IN,ZZ,581.03,78.0,10.0,,58.103,58.103
2025-03-19,HW,IN,ZZ,1493.86,210.0,63.0,,23.71206349,23.71206349
2025-03-19,XH,英国,ZZ,347.24,3.0,3.0,,115.7466667,115.7466667
2025-03-19,SG,IN,ZZ,3448.93,549.0,113.0,,30.52150442,30.52150442
2025-03-20,WD,IN,ZZ,0.0,0.0,0.0,,,
2025-03-20,HY,IN,ZZ,2228.36,408.0,170.0,,13.108,13.108
2025-03-20,YK,IN,ZZ,3873.09,528.0,221.0,,17.52529412,17.52529412
2025-03-20,MY,IN,ZZ,5993.46,973.0,472.0,,12.69800847,12.69800847
2025-03-20,YJ,IN,ZZ,5144.61,890.0,315.0,,16.33209524,16.33209524
2025-03-20,XH,英国,ZZ,157.02380952380952,0.0,0.0,,,
2025-03-20,SG,IN,ZZ,589.31,132.0,12.0,,49.10916667,49.10916667
2025-03-20,HW,IN,ZZ,2341.86,300.0,113.0,,20.72442478,20.72442478
2025-03-21,ZYH,法国,ZZ,36.48,1.0,0.0,,,
2025-03-21,WD,IN,ZZ,0.0,0.0,0.0,,,
2025-03-21,MY,IN,ZZ,4682.51,631.0,400.0,,11.706275,11.706275
2025-03-21,YJ,IN,ZZ,4077.52,640.0,236.0,,17.27762712,17.27762712
2025-03-21,SG,IN,ZZ,2157.07,334.0,110.0,,19.60972727,19.60972727
2025-03-21,YK,IN,ZZ,2445.65,258.0,68.0,,35.96544118,35.96544118
2025-03-21,HY,IN,ZZ,4605.79,677.0,385.0,,11.96309091,11.96309091
2025-03-21,XH,英国,ZZ,150.69,1.0,1.0,,150.69,150.69
2025-03-21,HW,IN,ZZ,6425.02,780.0,296.0,,21.70614865,21.70614865
2025-03-22,XC,MY,UNKNOWN,169.77,12.0,3.0,,56.59,56.59
2025-03-22,WD,IN,ZZ,0.0,0.0,0.0,,,
2025-03-22,MY,IN,ZZ,5758.57,810.0,586.0,,9.826911263,9.826911263
2025-03-22,SG,IN,ZZ,150.17,25.0,5.0,,30.034,30.034
2025-03-22,YK,IN,ZZ,6499.17,805.0,315.0,,20.63228571,20.63228571
2025-03-22,YJ,IN,ZZ,4906.43,777.0,353.0,,13.89923513,13.89923513
2025-03-22,ZYH,法国,ZZ,277.65,2.0,0.0,,,
2025-03-22,XW,MY,UNKNOWN,238.44,18.0,4.0,,59.61,59.61
2025-03-23,WD,IN,ZZ,0.0,0.0,0.0,,,
2025-03-23,MY,IN,ZZ,5898.6,767.0,464.0,,12.7125,12.7125
2025-03-23,HW,IN,ZZ,3779.06,651.0,253.0,,14.93699605,14.93699605
2025-03-23,HY,IN,ZZ,789.38,121.0,69.0,,11.44028986,11.44028986
2025-03-23,SG,IN,ZZ,0.0,0.0,0.0,,,
2025-03-23,YK,IN,ZZ,2957.76,270.0,94.0,,31.46553191,31.46553191
2025-03-24,XW,MY,UNKNOWN,496.41,48.0,23.0,,21.58304348,21.58304348
2025-03-24,WD,IN,ZZ,0.0,0.0,0.0,,,
2025-03-24,WD,意大利,ZZ,10.37,1.0,0.0,,,
2025-03-24,HY,IN,ZZ,590.1,87.0,42.0,,14.05,14.05
2025-03-24,MY,IN,ZZ,3602.83,403.0,251.0,,14.35390438,14.35390438
2025-03-24,YK,IN,ZZ,890.88,108.0,16.0,,55.68,55.68
2025-03-24,SG,IN,ZZ,391.77,59.0,26.0,,15.06807692,15.06807692
2025-03-24,HW,IN,ZZ,5281.64,761.0,299.0,,17.66434783,17.66434783
2025-03-24,XC,MY,UNKNOWN,146.35,6.0,6.0,,24.39166667,24.39166667
2025-03-24,YJ,IN,ZZ,1369.56,150.0,64.0,,21.399375,21.399375
2025-03-25,XC,MY,UNKNOWN,102.45,5.0,2.0,,51.225,51.225
2025-03-25,XW,MY,UNKNOWN,461.01,31.0,19.0,,24.26368421,24.26368421
2025-03-25,WD,IN,ZZ,0.0,0.0,0.0,,,
2025-03-25,WD,意大利,ZZ,96.42,2.0,0.0,,,
2025-03-25,WD,法国,ZZ,42.69,0.0,0.0,,,
2025-03-25,SG,IN,ZZ,1679.56,325.0,144.0,,11.66361111,11.66361111
2025-03-25,YJ,IN,ZZ,4700.91,620.0,306.0,,15.36245098,15.36245098
2025-03-25,YK,IN,ZZ,696.95,30.0,10.0,,69.695,69.695
2025-03-25,HW,IN,ZZ,1374.55,202.0,87.0,,15.79942529,15.79942529
2025-03-25,HY,IN,ZZ,1538.45,227.0,128.0,,12.01914063,12.01914063
2025-03-25,ZYH,IN,ZZ,2.69,0.0,0.0,,,
2025-03-25,MY,IN,ZZ,0.0,0.0,15.0,,0.0,0.0
2025-03-25,ZJ,IN,ZZ,3164.19,460.0,186.0,,17.01177419,17.01177419
2025-03-25,LYD,法国,ZZ,244.49,2.0,0.0,,,
2025-03-26,YJ,IN,ZZ,166.93,30.0,18.0,,9.273888889,9.273888889
2025-03-26,HW,IN,ZZ,0.0,0.0,3.0,,0.0,0.0
2025-03-26,XW,MY,UNKNOWN,278.83,23.0,11.0,,25.34818182,25.34818182
2025-03-26,WD,IN,ZZ,0.0,0.0,0.0,,,
2025-03-26,WD,意大利,ZZ,174.76,3.0,0.0,,,
2025-03-26,WD,法国,ZZ,48.56,1.0,0.0,,,
2025-03-26,SG,IN,ZZ,77.67,14.0,14.0,,5.547857143,5.547857143
2025-03-26,XC,MY,UNKNOWN,110.38,5.0,3.0,,36.79333333,36.79333333
2025-03-26,YK,意大利,ZZ,207.66,9.0,4.0,,51.915,51.915
2025-03-27,WD,IN,ZZ,0.0,0.0,0.0,,,
2025-03-27,WD,意大利,ZZ,211.55,3.0,0.0,,,
2025-03-27,HW,IN,ZZ,777.95,100.0,59.0,,13.18559322,13.18559322
2025-03-27,SG,IN,ZZ,457.61,76.0,36.0,,12.71138889,12.71138889
2025-03-27,YK,意大利,ZZ,459.98,4.0,2.0,,229.99,229.99
2025-03-28,HY,IN,ZZ,2435.04,289.0,128.0,,19.02375,19.02375
2025-03-28,WD,IN,ZZ,0.0,0.0,0.0,,,
2025-03-28,WD,意大利,ZZ,332.0,5.0,0.0,,,
2025-03-28,SG,IN,ZZ,3024.29,513.0,214.0,,14.13219626,14.13219626
2025-03-28,YJ,IN,ZZ,3087.84,432.0,168.0,,18.38,18.38
2025-03-28,YK,意大利,ZZ,677.66,8.0,4.0,,169.415,169.415
2025-03-28,HW,IN,ZZ,4765.74,700.0,305.0,,15.62537705,15.62537705
2025-03-29,ZJ,IN,ZZ,2904.06,433.0,236.0,,12.30533898,12.30533898
2025-03-28,LYD,法国,ZZ,253.62,2.0,0.0,,,
2025-03-27,LYD,法国,ZZ,195.59,1.0,0.0,,,
2025-03-29,HY,IN,ZZ,1441.32,283.0,188.0,,7.666595745,7.666595745
2025-03-29,WD,IN,ZZ,0.0,0.0,0.0,,,
2025-03-29,WD,意大利,ZZ,259.44,6.0,2.0,,129.72,129.72
2025-03-29,SG,IN,ZZ,4079.33,721.0,320.0,,12.74790625,12.74790625
2025-03-29,HW,IN,ZZ,3372.89,650.0,342.0,,9.862251462,9.862251462
2025-03-29,XC,JP,UNKNOWN,23.02,0.0,0.0,,,
2025-03-30,SG,IN,ZZ,8187.99,1549.0,719.0,,11.38802503,11.38802503
2025-03-30,WD,IN,ZZ,0.0,0.0,0.0,,,
2025-03-30,WD,意大利,ZZ,288.32,8.0,1.0,,288.32,288.32
2025-03-30,HW,IN,ZZ,4526.23,560.0,321.0,,14.10040498,14.10040498
2025-03-30,KL,JP,UNKNOWN,19.67,0.0,0.0,,,
2025-03-31,SG,IN,ZZ,1654.22,234.0,100.0,,16.5422,16.5422
2025-03-31,ZYH,IN,ZZ,344.29,38.0,3.0,,114.7633333,114.7633333
2025-03-31,ZJ,IN,ZZ,2161.7,346.0,149.0,,14.50805369,14.50805369
2025-03-31,HW,IN,ZZ,2191.9,266.0,121.0,,18.11487603,18.11487603
2025-03-31,WD,IN,ZZ,0.0,0.0,0.0,,,
2025-03-31,WD,意大利,ZZ,267.08,5.0,0.0,,,
2025-03-29,YJ,IN,ZZ,2875.75,420.0,136.0,,21.14522059,21.14522059
2025-04-01,WD,IN,ZZ,0.0,0.0,0.0,,,
2025-04-01,WD,意大利,ZZ,133.02,0.0,0.0,,,
2025-04-01,SG,JP,ZZ,0.0,0.0,0.0,,,
2025-04-01,YK,意大利,ZZ,347.48,3.0,1.0,,347.48,347.48
2025-04-01,ZJ,意大利,ZZ,144.55,3.0,1.0,,144.55,144.55
2025-04-02,MY,JP,ZZ,25.81,3.0,0.0,,,
2025-04-02,WD,IN,ZZ,0.0,0.0,0.0,,,
2025-04-02,WD,意大利,ZZ,95.02,0.0,0.0,,,
2025-04-02,SG,IN,ZZ,305.04,67.0,32.0,,9.5325,9.5325
2025-04-02,YK,意大利,ZZ,690.7,10.0,0.0,,,
2025-04-01,ZJ,IN,ZZ,578.27,0.0,0.0,,,
2025-04-03,MY,JP,ZZ,31.98,0.0,0.0,,,
2025-04-03,SG,IN,ZZ,980.8,183.0,100.0,,9.808,9.808
2025-04-03,MY,IN,ZZ,207.45,9.0,6.0,,34.575,34.575
2025-04-03,WD,IN,ZZ,0.0,0.0,0.0,,,
2025-04-03,WD,意大利,ZZ,0.0,0.0,0.0,,,
2025-04-03,YK,意大利,ZZ,471.29,9.0,3.0,,157.0966667,157.0966667
2025-04-04,WD,IN,ZZ,0.0,0.0,0.0,,,
2025-04-04,WD,意大利,ZZ,0.0,0.0,0.0,,,
2025-04-05,WD,IN,ZZ,0.0,0.0,0.0,,,
2025-04-05,WD,意大利,ZZ,0.0,0.0,0.0,,,
2025-04-05,YK,意大利,ZZ,667.97,23.0,12.0,,55.66416667,55.66416667
2025-04-06,SG,IN,ZZ,1197.21,235.0,106.0,,11.29443396,11.29443396
2025-04-06,YK,意大利,ZZ,1214.29,33.0,16.0,,75.893125,75.893125
2025-04-06,WD,IN,ZZ,0.0,0.0,0.0,,,
2025-04-06,WD,意大利,ZZ,27.72,0.0,0.0,,,
2025-04-07,WD,IN,ZZ,0.0,0.0,0.0,,,
2025-04-07,WD,意大利,ZZ,144.14,4.0,0.0,,,
2025-04-07,SG,IN,ZZ,1907.42,237.0,109.0,,17.49926606,17.49926606
2025-04-07,MY,IN,ZZ,1050.05,107.0,54.0,,19.44537037,19.44537037
2025-04-07,XW,法国,UNKNOWN,36.82,3.0,0.0,,,
2025-04-07,LYD,意大利,ZZ,18.28,0.0,0.0,,,
2025-04-07,YK,意大利,ZZ,1673.9,34.0,14.0,,119.5642857,119.5642857
2025-04-08,WD,IN,ZZ,0.0,0.0,0.0,,,
2025-04-08,WD,意大利,ZZ,0.0,0.0,0.0,,,
2025-04-08,MY,IN,ZZ,1977.85,233.0,95.0,,20.81947368,20.81947368
2025-04-08,SG,IN,ZZ,496.08,79.0,39.0,,12.72,12.72
2025-04-08,HY,IN,ZZ,149.89,4.0,0.0,,,
2025-04-08,LYD,意大利,ZZ,68.99,4.0,3.0,,22.99666667,22.99666667
2025-04-08,YJ,意大利,ZZ,14.37,0.0,0.0,,,
2025-04-09,WD,IN,ZZ,0.0,0.0,0.0,,,
2025-04-09,WD,意大利,ZZ,0.0,0.0,0.0,,,
2025-04-09,HY,IN,ZZ,2362.22,253.0,93.0,,25.40021505,25.40021505
2025-04-09,HW,IN,ZZ,236.62,35.0,13.0,,18.20153846,18.20153846
2025-04-09,ZYH,IN,ZZ,74.1,11.0,5.0,,14.82,14.82
2025-04-09,SG,IN,ZZ,3235.07,627.0,310.0,,10.43570968,10.43570968
2025-04-09,MY,IN,ZZ,1226.36,162.0,49.0,,25.0277551,25.0277551
2025-04-09,YJ,意大利,ZZ,179.63,12.0,3.0,,59.87666667,59.87666667
2025-04-09,XW,法国,UNKNOWN,257.17,17.0,1.0,,257.17,257.17
2025-04-09,XC,法国,UNKNOWN,96.15,3.0,0.0,,,
2025-04-10,ZYH,IN,ZZ,250.58,26.0,12.0,,20.88166667,20.88166667
2025-04-10,MY,IN,ZZ,3023.38,491.0,194.0,,15.58443299,15.58443299
2025-04-10,SG,IN,ZZ,5938.69,924.0,423.0,,14.03945626,14.03945626
2025-04-10,YJ,意大利,ZZ,376.78,24.0,4.0,,94.195,94.195
2025-04-10,ZYH,意大利,ZZ,50.52,2.0,1.0,,50.52,50.52
2025-04-10,WD,IN,ZZ,0.0,0.0,0.0,,,
2025-04-10,WD,意大利,ZZ,161.09,2.0,1.0,,161.09,161.09
2025-04-10,LYD,意大利,ZZ,41.44,0.0,0.0,,,
2025-04-11,MY,IN,ZZ,2828.06,392.0,144.0,,19.63930556,19.63930556
2025-04-11,SG,IN,ZZ,9044.17,1563.0,774.0,,11.68497416,11.68497416
2025-04-11,ZYH,意大利,ZZ,63.3,1.0,0.0,,,
2025-04-11,XW,DE,UNKNOWN,20.76,0.0,0.0,,,
2025-04-11,WD,IN,ZZ,0.0,0.0,0.0,,,
2025-04-11,WD,意大利,ZZ,83.52,1.0,0.0,,,
2025-04-11,LYD,意大利,ZZ,46.49,3.0,1.0,,46.49,46.49
2025-04-11,BL,意大利,UNKNOWN,0.04,0.0,0.0,,,
2025-04-12,WD,意大利,ZZ,59.71,5.0,6.0,,9.951666667,9.951666667
2025-04-12,SG,IN,ZZ,4968.31,785.0,361.0,,13.76263158,13.76263158
2025-04-12,MY,IN,ZZ,6194.03,933.0,393.0,,15.76089059,15.76089059
2025-04-12,BL,意大利,UNKNOWN,214.15,9.0,1.0,,214.15,214.15
2025-04-13,ZYH,IN,ZZ,263.92,13.0,5.0,,52.784,52.784
2025-04-13,MY,IN,ZZ,1253.47,167.0,74.0,,16.93878378,16.93878378
2025-04-13,SG,IN,ZZ,6084.87,982.0,457.0,,13.314814,13.314814
2025-04-13,ZYH,意大利,ZZ,182.5,7.0,2.0,,91.25,91.25
2025-04-13,LYD,意大利,ZZ,377.64,7.0,3.0,,125.88,125.88
2025-04-13,WD,意大利,ZZ,157.91,1.0,0.0,,,
2025-04-13,BL,意大利,UNKNOWN,285.85,15.0,4.0,,71.4625,71.4625
2025-04-14,SG,IN,ZZ,3044.14,527.0,200.0,,15.2207,15.2207
2025-04-14,HY,IN,ZZ,114.1,21.0,4.0,,28.525,28.525
2025-04-14,MY,IN,ZZ,4078.87,585.0,241.0,,16.92477178,16.92477178
2025-04-14,YJ,IN,ZZ,97.25,7.0,2.0,,48.625,48.625
2025-04-14,YK,DE,ZZ,53.51,0.0,0.0,,,
2025-04-14,ZYH,DE,ZZ,87.51,1.0,0.0,,,
2025-04-14,ZYH,意大利,ZZ,168.17,7.0,2.0,,84.085,84.085
2025-04-14,WD,意大利,ZZ,163.2,6.0,1.0,,163.2,163.2
2025-04-14,BL,意大利,UNKNOWN,604.69,46.0,0.0,,,
2025-04-14,LYD,意大利,ZZ,828.12,17.0,1.0,,828.12,828.12
2025-04-15,MY,IN,ZZ,2877.51,422.0,127.0,,22.65755906,22.65755906
2025-04-15,YJ,IN,ZZ,1056.9,152.0,64.0,,16.5140625,16.5140625
2025-04-15,BL,意大利,UNKNOWN,168.46,7.0,0.0,,,
2025-04-15,SG,IN,ZZ,4069.73,763.0,302.0,,13.47592715,13.47592715
2025-04-15,HY,IN,ZZ,2000.77,351.0,176.0,,11.36801136,11.36801136
2025-04-15,WD,意大利,ZZ,145.78,7.0,1.0,,145.78,145.78
2025-04-15,ZYH,意大利,ZZ,120.63,4.0,1.0,,120.63,120.63
2025-04-15,LYD,意大利,ZZ,644.01,28.0,10.0,,64.401,64.401
2025-04-16,YJ,IN,ZZ,1758.81,238.0,99.0,,17.76575758,17.76575758
2025-04-16,MY,IN,ZZ,1967.29,309.0,96.0,,20.49260417,20.49260417
2025-04-16,SG,IN,ZZ,4326.0,736.0,267.0,,16.20224719,16.20224719
2025-04-16,HY,IN,ZZ,6371.95,967.0,438.0,,14.54783105,14.54783105
2025-04-16,WD,意大利,ZZ,345.93,19.0,4.0,,86.4825,86.4825
2025-04-16,ZYH,意大利,ZZ,128.73,5.0,2.0,,64.365,64.365
2025-04-16,ZYH,DE,ZZ,117.08,3.0,0.0,,,
2025-04-16,YK,DE,ZZ,299.19,3.0,0.0,,,
2025-04-16,LYD,意大利,ZZ,628.01,21.0,3.0,,209.3366667,209.3366667
2025-04-17,MY,IN,ZZ,1023.46,162.0,28.0,,36.55214286,36.55214286
2025-04-17,SG,IN,ZZ,4428.35,725.0,297.0,,14.91026936,14.91026936
2025-04-17,YJ,IN,ZZ,2126.81,283.0,120.0,,17.72341667,17.72341667
2025-04-17,HY,IN,ZZ,4138.31,559.0,269.0,,15.38405204,15.38405204
2025-04-18,HW,IN,ZZ,551.75,90.0,39.0,,14.1474359,14.1474359
2025-04-17,WD,意大利,ZZ,104.53,8.0,4.0,,26.1325,26.1325
2025-04-17,ZYH,DE,ZZ,40.17,2.0,0.0,,,
2025-04-17,YK,DE,ZZ,347.93,4.0,0.0,,,
2025-04-17,LYD,意大利,ZZ,229.73,7.0,3.0,,76.57666667,76.57666667
2025-04-18,HY,IN,ZZ,4314.92,645.0,296.0,,14.57743243,14.57743243
2025-04-18,MY,IN,ZZ,2827.49,486.0,158.0,,17.89550633,17.89550633
2025-04-18,SG,IN,ZZ,10057.28,1473.0,666.0,,15.10102102,15.10102102
2025-04-18,YJ,IN,ZZ,2171.96,365.0,137.0,,15.85372263,15.85372263
2025-04-18,BL,意大利,UNKNOWN,191.31999999999996,6.0,0.0,,,
2025-04-18,ZYH,DE,ZZ,79.92,5.0,0.0,,,
2025-04-18,YK,DE,ZZ,165.17,5.0,4.0,,41.2925,41.2925
2025-04-18,ZYH,意大利,ZZ,141.62,5.0,2.0,,70.81,70.81
2025-04-18,WD,意大利,ZZ,199.36,14.0,3.0,,66.45333333,66.45333333
2025-04-19,MY,IN,ZZ,3215.25,607.0,240.0,,13.396875,13.396875
2025-04-19,SG,IN,ZZ,3967.84,713.0,281.0,,14.12042705,14.12042705
2025-04-19,YJ,IN,ZZ,754.44,140.0,23.0,,32.80173913,32.80173913
2025-04-19,HY,IN,ZZ,2602.55,406.0,172.0,,15.13110465,15.13110465
2025-04-19,WD,意大利,ZZ,307.71,36.0,4.0,,76.9275,76.9275
2025-04-19,YK,DE,ZZ,227.43,3.0,1.0,,227.43,227.43
2025-04-19,ZYH,意大利,ZZ,48.24,2.0,1.0,,48.24,48.24
2025-04-19,ZYH,DE,ZZ,57.78,2.0,0.0,,,
2025-04-20,YJ,IN,ZZ,4771.52,808.0,303.0,,15.74759076,15.74759076
2025-04-20,MY,IN,ZZ,4677.13,1076.0,405.0,,11.54846914,11.54846914
2025-04-20,SG,IN,ZZ,7418.68,1235.0,480.0,,15.45558333,15.45558333
2025-04-20,HY,IN,ZZ,14.04,62.0,27.0,,0.52,0.52
2025-04-20,WD,意大利,ZZ,369.26,14.0,0.0,,,
2025-04-20,ZYH,意大利,ZZ,130.54,6.0,0.0,,,
2025-04-18,LYD,意大利,ZZ,150.79,7.0,3.0,,50.26333333,50.26333333
2025-04-21,MY,IN,ZZ,925.35,146.0,48.0,,19.278125,19.278125
2025-04-21,WD,意大利,ZZ,558.69,26.0,12.0,,46.5575,46.5575
2025-04-21,SG,IN,ZZ,5589.25,1168.0,330.0,,16.93712121,16.93712121
2025-04-21,YJ,IN,ZZ,7330.33,1383.0,399.0,,18.37175439,18.37175439
2025-04-21,HW,IN,ZZ,1550.65,170.0,65.0,,23.85615385,23.85615385
2025-04-21,YK,DE,ZZ,778.41,25.0,9.0,,86.49,86.49
2025-04-21,ZYH,DE,ZZ,165.68,2.0,0.0,,,
2025-04-21,ZYH,意大利,ZZ,92.84,16.0,3.0,,30.94666667,30.94666667
2025-04-21,LYD,意大利,ZZ,943.5,34.0,8.0,,117.9375,117.9375
2025-04-22,SG,IN,ZZ,15048.88,2768.0,940.0,,16.00944681,16.00944681
2025-04-22,MY,IN,ZZ,1647.11,340.0,121.0,,13.61247934,13.61247934
2025-04-22,YJ,IN,ZZ,5218.84,964.0,317.0,,16.46321767,16.46321767
2025-04-22,HY,IN,ZZ,493.33,41.0,28.0,,17.61892857,17.61892857
2025-04-22,HW,IN,ZZ,5449.35,1200.0,387.0,,14.08100775,14.08100775
2025-04-22,WD,意大利,ZZ,1202.34,60.0,29.0,,41.46,41.46
2025-04-22,ZYH,意大利,ZZ,592.85,8.0,1.0,,592.85,592.85
2025-04-22,ZYH,DE,ZZ,125.43,4.0,2.0,,62.715,62.715
2025-04-22,YK,DE,ZZ,646.38,22.0,16.0,,40.39875,40.39875
2025-04-23,HY,IN,ZZ,649.06,69.0,48.0,,13.52208333,13.52208333
2025-04-23,MY,IN,ZZ,6274.84,1369.0,355.0,,17.67560563,17.67560563
2025-04-23,SG,IN,ZZ,1296.17,237.0,84.0,,15.43059524,15.43059524
2025-04-23,YJ,IN,ZZ,7724.0,1429.0,493.0,,15.6673428,15.6673428
2025-04-23,HW,IN,ZZ,1151.34,250.0,52.0,,22.14115385,22.14115385
2025-04-23,ZYH,意大利,ZZ,153.75,2.0,0.0,,,
2025-04-23,WD,意大利,ZZ,1044.83,80.0,7.0,,149.2614286,149.2614286
2025-04-23,ZYH,DE,ZZ,77.53,1.0,0.0,,,
2025-04-23,ZJ,意大利,ZZ,116.64,3.0,0.0,,,
2025-04-23,YK,DE,ZZ,502.95,11.0,5.0,,100.59,100.59
2025-04-22,LYD,意大利,ZZ,275.41,0.0,0.0,,,
2025-04-23,LYD,意大利,ZZ,415.36,36.0,0.0,,,
2025-04-24,HY,IN,ZZ,977.26,110.0,70.0,,13.96085714,13.96085714
2025-04-24,MY,IN,ZZ,5977.37,1085.0,349.0,,17.12713467,17.12713467
2025-04-24,YJ,IN,ZZ,8090.08,1427.0,503.0,,16.08365805,16.08365805
2025-04-24,SG,IN,ZZ,17916.8,3123.0,985.0,,18.18964467,18.18964467
2025-04-24,HW,IN,ZZ,7628.52,1250.0,314.0,,24.29464968,24.29464968
2025-04-24,WD,意大利,ZZ,842.96,35.0,0.0,,,
2025-04-24,ZJ,意大利,ZZ,295.17,7.0,1.0,,295.17,295.17
2025-04-24,ZYH,意大利,ZZ,63.34,1.0,0.0,,,
2025-04-24,YK,DE,ZZ,284.09,11.0,5.0,,56.818,56.818
2025-04-24,YK,意大利,ZZ,288.6,1.0,0.0,,,
2025-04-25,MY,IN,ZZ,7894.17,1446.0,391.0,,20.18969309,20.18969309
2025-04-25,YJ,IN,ZZ,5652.43,917.0,259.0,,21.82405405,21.82405405
2025-04-25,SG,IN,ZZ,7780.73,1423.0,364.0,,21.37563187,21.37563187
2025-04-25,HW,IN,ZZ,2459.48,462.0,184.0,,13.36673913,13.36673913
2025-04-25,WD,意大利,ZZ,884.63,35.0,8.0,,110.57875,110.57875
2025-04-25,YK,DE,ZZ,105.89,4.0,1.0,,105.89,105.89
2025-04-25,YK,意大利,ZZ,196.15,3.0,0.0,,,
2025-04-26,MY,IN,ZZ,4467.44,752.0,208.0,,21.47807692,21.47807692
2025-04-26,YJ,IN,ZZ,1871.9,311.0,75.0,,24.95866667,24.95866667
2025-04-26,SG,IN,ZZ,6652.27,1239.0,383.0,,17.36885117,17.36885117
2025-04-26,HW,IN,ZZ,6530.46,1300.0,387.0,,16.87457364,16.87457364
2025-04-26,WD,意大利,ZZ,466.85,40.0,0.0,,,
2025-04-27,MY,IN,ZZ,218.61,38.0,13.0,,16.81615385,16.81615385
2025-04-27,SG,IN,ZZ,2458.83,453.0,142.0,,17.31570423,17.31570423
2025-04-27,HW,IN,ZZ,9406.09,1600.0,550.0,,17.10198182,17.10198182
2025-04-27,WD,意大利,ZZ,636.7,25.0,0.0,,,
2025-04-27,YJ,IN,ZZ,4494.47,847.0,191.0,,23.53125654,23.53125654
2025-04-27,LYD,意大利,ZZ,477.06,0.0,0.0,,,
2025-04-28,WD,意大利,ZZ,94.55,7.0,11.0,,8.595454545,8.595454545
2025-04-28,MY,IN,ZZ,2377.11,604.0,299.0,,7.950200669,7.950200669
2025-04-28,SG,IN,ZZ,2944.72,572.0,171.0,,17.2205848,17.2205848
2025-04-28,YJ,IN,ZZ,1080.26,140.0,46.0,,23.48391304,23.48391304
2025-04-28,HW,IN,ZZ,6633.65,1300.0,472.0,,14.05434322,14.05434322
2025-04-28,ZJ,意大利,ZZ,1015.46,42.0,7.0,,145.0657143,145.0657143
2025-04-25,HY,IN,ZZ,2048.86,451.0,159.0,,12.88591195,12.88591195
2025-04-28,LYD,意大利,ZZ,433.66,31.0,1.0,,433.66,433.66
2025-04-29,SG,IN,ZZ,8875.75,1675.0,796.0,,11.1504397,11.1504397
2025-04-29,YJ,IN,ZZ,6246.13,1210.0,540.0,,11.56690741,11.56690741
2025-04-29,MY,IN,ZZ,3824.29,913.0,385.0,,9.933220779,9.933220779
2025-04-29,HY,IN,ZZ,684.42,71.0,45.0,,15.20933333,15.20933333
2025-04-29,HW,IN,ZZ,7476.84,1400.0,469.0,,15.94208955,15.94208955
2025-04-29,WD,意大利,ZZ,490.3,10.0,0.0,,,
2025-04-29,XC,MY,UNKNOWN,117.84,1.0,0.0,,,
2025-04-29,ZYH,意大利,ZZ,278.05,8.0,2.0,,139.025,139.025
2025-04-29,ZJ,意大利,ZZ,1266.15,46.0,7.0,,180.8785714,180.8785714
2025-04-30,HY,IN,ZZ,3392.67,574.0,254.0,,13.3569685,13.3569685
2025-04-30,YJ,IN,ZZ,2489.68,452.0,183.0,,13.60480874,13.60480874
2025-04-30,MY,IN,ZZ,7206.3,1443.0,562.0,,12.82259786,12.82259786
2025-04-30,SG,IN,ZZ,4388.75,806.0,353.0,,12.43271955,12.43271955
2025-04-30,BL,MY,UNKNOWN,174.28,7.0,2.0,,87.14,87.14
2025-04-30,XC,MY,UNKNOWN,219.02,6.0,0.0,,,
2025-04-30,HW,IN,ZZ,4657.5,820.0,251.0,,18.55577689,18.55577689
2025-04-30,ZYH,意大利,ZZ,780.7,10.0,2.0,,390.35,390.35
2025-04-30,YK,DE,ZZ,614.81,17.0,5.0,,122.962,122.962
2025-04-30,YK,意大利,ZZ,261.81,3.0,0.0,,,
2025-04-29,LYD,意大利,ZZ,473.41,46.0,2.0,,236.705,236.705
2025-04-30,XW,MY,UNKNOWN,247.74,12.0,3.0,,82.58,82.58
2025-04-30,WD,意大利,ZZ,488.74,25.0,4.0,,122.185,122.185
2025-04-30,LYD,意大利,ZZ,814.87,0.0,0.0,,,
2025-04-30,ZJ,意大利,ZZ,922.33,35.0,5.0,,184.466,184.466
2025-05-01,MY,IN,ZZ,2606.03,511.0,157.0,,16.5989172,16.5989172
2025-05-01,SG,IN,ZZ,4663.41,825.0,367.0,,12.70683924,12.70683924
2025-05-01,YJ,IN,ZZ,6932.35,1150.0,435.0,,15.93643678,15.93643678
2025-05-01,HY,IN,ZZ,5035.71,556.0,363.0,,13.87247934,13.87247934
2025-05-01,XW,MY,UNKNOWN,288.39,14.0,4.0,,72.0975,72.0975
2025-05-01,XC,MY,UNKNOWN,357.58,9.0,4.0,,89.395,89.395
2025-05-01,HW,IN,ZZ,4194.73,900.0,220.0,,19.06695455,19.06695455
2025-05-01,BL,MY,UNKNOWN,101.68,4.0,0.0,,,
2025-05-01,WD,意大利,ZZ,147.6,12.0,4.0,,36.9,36.9
2025-05-01,YK,DE,ZZ,691.19,20.0,5.0,,138.238,138.238
2025-05-01,ZYH,意大利,ZZ,829.11,9.0,3.0,,276.37,276.37
2025-05-02,XC,MY,UNKNOWN,460.0,6.0,2.0,,230.0,230.0
2025-05-02,XW,MY,UNKNOWN,268.36,17.0,6.0,,44.72666667,44.72666667
2025-05-02,YJ,IN,ZZ,5048.89,901.0,308.0,,16.3925,16.3925
2025-05-02,MY,IN,ZZ,5077.8,928.0,287.0,,17.69268293,17.69268293
2025-05-02,BL,MY,UNKNOWN,24.05,3.0,0.0,,,
2025-05-02,HY,IN,ZZ,1235.72,168.0,72.0,,17.16277778,17.16277778
2025-05-02,WD,意大利,ZZ,465.39,46.0,7.0,,66.48428571,66.48428571
2025-05-02,HW,IN,ZZ,3503.36,900.0,155.0,,22.60232258,22.60232258
2025-05-01,LYD,意大利,ZZ,1200.6,80.0,20.0,,60.03,60.03
2025-05-02,YK,DE,ZZ,267.88,5.0,1.0,,267.88,267.88
2025-05-03,SG,IN,ZZ,8150.32,1456.0,634.0,,12.85539432,12.85539432
2025-05-03,MY,IN,ZZ,7009.62,1679.0,557.0,,12.58459605,12.58459605
2025-05-03,YJ,IN,ZZ,3352.6,598.0,169.0,,19.83786982,19.83786982
2025-05-03,HY,IN,ZZ,1693.23,249.0,125.0,,13.54584,13.54584
2025-05-03,HW,IN,ZZ,2502.33,400.0,138.0,,18.13282609,18.13282609
2025-05-03,WD,意大利,ZZ,371.62,23.0,0.0,,,
2025-05-04,MY,IN,ZZ,6380.14,1361.0,412.0,,15.4857767,15.4857767
2025-05-04,YJ,IN,ZZ,4622.46,897.0,266.0,,17.37766917,17.37766917
2025-05-04,SG,IN,ZZ,15272.91,2876.0,1033.0,,14.78500484,14.78500484
2025-05-04,HY,IN,ZZ,2955.35,330.0,160.0,,18.4709375,18.4709375
2025-05-04,HW,IN,ZZ,1858.66,412.0,51.0,,36.44431373,36.44431373
2025-05-04,WD,意大利,ZZ,340.15,35.0,0.0,,,
2025-05-05,WD,意大利,ZZ,50.13,0.0,3.0,,16.71,16.71
2025-05-05,YJ,IN,ZZ,2787.76,480.0,86.0,,32.41581395,32.41581395
2025-05-05,MY,IN,ZZ,6108.92,1056.0,324.0,,18.85469136,18.85469136
2025-05-05,SG,IN,ZZ,2412.34,503.0,204.0,,11.82519608,11.82519608
2025-05-05,BL,MY,UNKNOWN,200.0,5.0,0.0,,,
2025-05-05,YK,DE,ZZ,495.52,12.0,0.0,,,
2025-05-05,XW,MY,UNKNOWN,257.36,10.0,3.0,,85.78666667,85.78666667
2025-05-06,SG,IN,ZZ,10322.32,2155.0,629.0,,16.41068362,16.41068362
2025-05-06,HY,IN,ZZ,310.65,44.0,20.0,,15.5325,15.5325
2025-05-06,MY,IN,ZZ,1801.71,369.0,115.0,,15.66704348,15.66704348
2025-05-06,WD,DE,ZZ,169.01,5.0,2.0,,84.505,84.505
2025-05-06,YJ,IN,ZZ,2361.89,353.0,109.0,,21.6687156,21.6687156
2025-05-06,ZYH,DE,ZZ,521.31,5.0,0.0,,,
2025-05-06,YK,DE,ZZ,143.63,6.0,1.0,,143.63,143.63
2025-05-06,LYD,DE,ZZ,54.42,5.0,1.0,,54.42,54.42
2025-05-07,XC,MY,UNKNOWN,32.63,2.0,1.0,,32.63,32.63
2025-05-07,XW,MY,UNKNOWN,358.26,13.0,2.0,,179.13,179.13
2025-05-07,MY,IN,ZZ,1878.03,402.0,83.0,,22.62686747,22.62686747
2025-05-07,YJ,IN,ZZ,2364.43,405.0,86.0,,27.49337209,27.49337209
2025-05-07,SG,IN,ZZ,2470.07,432.0,182.0,,13.57181319,13.57181319
2025-05-07,HY,IN,ZZ,600.13,57.0,30.0,,20.00433333,20.00433333
2025-05-07,WD,DE,ZZ,194.3,5.0,1.0,,194.3,194.3
2025-05-07,LYD,DE,ZZ,72.85,3.0,1.0,,72.85,72.85
2025-05-07,ZYH,DE,ZZ,218.72,1.0,0.0,,,
2025-05-07,YK,DE,ZZ,343.34,8.0,4.0,,85.835,85.835
2025-05-07,YK,意大利,ZZ,179.28,0.0,0.0,,,
2025-05-08,MY,IN,ZZ,2337.63,522.0,108.0,,21.64472222,21.64472222
2025-05-08,XC,MY,UNKNOWN,79.95,5.0,4.0,,19.9875,19.9875
2025-05-08,YJ,IN,ZZ,1003.76,175.0,37.0,,27.12864865,27.12864865
2025-05-08,SG,IN,ZZ,3709.9,783.0,185.0,,20.05351351,20.05351351
2025-05-08,ZYH,DE,ZZ,50.92,2.0,2.0,,25.46,25.46
2025-05-08,YK,DE,ZZ,428.19,11.0,0.0,,,
2025-05-08,LYD,DE,ZZ,68.62,0.0,0.0,,,
2025-05-08,XW,MY,UNKNOWN,171.62,3.0,0.0,,,
2025-05-09,LYD,DE,ZZ,33.22,0.0,0.0,,,
2025-05-09,WD,DE,ZZ,680.5,24.0,1.0,,680.5,680.5
2025-05-09,YJ,IN,ZZ,1224.72,235.0,65.0,,18.84184615,18.84184615
2025-05-09,MY,IN,ZZ,5813.98,981.0,363.0,,16.01647383,16.01647383
2025-05-09,HY,IN,ZZ,499.16,309.0,30.0,,16.63866667,16.63866667
2025-05-09,SG,IN,ZZ,3528.44,673.0,223.0,,15.8226009,15.8226009
2025-05-09,HW,IN,ZZ,2617.16,300.0,66.0,,39.65393939,39.65393939
2025-05-09,YK,DE,ZZ,559.23,8.0,1.0,,559.23,559.23
2025-05-09,ZYH,DE,ZZ,93.36,4.0,0.0,,,
2025-05-10,YJ,IN,ZZ,62.47,26.0,13.0,,4.805384615,4.805384615
2025-05-10,ZYH,DE,ZZ,65.58,2.0,1.0,,65.58,65.58
2025-05-10,LYD,DE,ZZ,18.4,0.0,0.0,,,
2025-05-10,SG,IN,ZZ,58.56,62.0,5.0,,11.712,11.712
2025-05-10,YK,DE,ZZ,223.49,3.0,0.0,,,
2025-05-10,MY,IN,ZZ,7079.59,1431.0,489.0,,14.47768916,14.47768916
2025-05-10,ZJ,DE,ZZ,236.55,3.0,0.0,,,
2025-05-10,WD,DE,ZZ,209.82,10.0,1.0,,209.82,209.82
2025-05-11,MY,IN,ZZ,8073.18,1516.0,581.0,,13.89531842,13.89531842
2025-05-11,YK,DE,ZZ,13.35,3.0,2.0,,6.675,6.675
2025-05-11,SG,IN,ZZ,15000.0,3127.0,1334.0,,11.24437781,11.24437781
2025-05-12,LYD,DE,ZZ,78.52,0.0,0.0,,,
2025-05-12,WD,DE,ZZ,140.19,6.0,0.0,,,
2025-05-13,XW,MY,UNKNOWN,25.73,1.0,1.0,,25.73,25.73
2025-05-12,XW,MY,UNKNOWN,58.54,3.0,1.0,,58.54,58.54
2025-05-12,ZYH,DE,ZZ,223.63,7.0,2.0,,111.815,111.815
2025-05-12,YJ,IN,ZZ,3059.24,599.0,162.0,,18.88419753,18.88419753
2025-05-12,YK,DE,ZZ,333.38,16.0,9.0,,37.04222222,37.04222222
2025-05-12,HY,IN,ZZ,1594.39,261.0,98.0,,16.26928571,16.26928571
2025-05-12,XC,MY,UNKNOWN,226.18,4.0,3.0,,75.39333333,75.39333333
2025-05-12,MY,IN,ZZ,9236.75,1813.0,570.0,,16.20482456,16.20482456
2025-05-12,ZJ,DE,ZZ,8.46,2.0,0.0,,,
2025-05-13,WD,DE,ZZ,239.82,9.0,0.0,,,
2025-05-13,ZJ,DE,ZZ,59.01,1.0,0.0,,,
2025-05-13,LYD,DE,ZZ,54.59,0.0,0.0,,,
2025-05-13,YK,DE,ZZ,259.0,16.0,13.0,,19.92307692,19.92307692
2025-05-13,MY,IN,ZZ,12047.69,2328.0,807.0,,14.92898389,14.92898389
2025-05-13,YJ,IN,ZZ,5920.05,900.0,455.0,,13.0110989,13.0110989
2025-05-13,HY,IN,ZZ,3570.3,772.0,239.0,,14.93849372,14.93849372
2025-05-13,ZYH,DE,ZZ,104.97,2.0,0.0,,,
2025-05-13,XC,MY,UNKNOWN,244.54,5.0,0.0,,,
2025-05-13,SG,IN,ZZ,515.27,103.0,86.0,,5.991511628,5.991511628
2025-05-14,YK,DE,ZZ,60.59,4.0,2.0,,30.295,30.295
2025-05-14,WD,DE,ZZ,277.85,20.0,8.0,,34.73125,34.73125
2025-05-14,LYD,DE,ZZ,278.55,11.0,0.0,,,
2025-05-14,ZJ,DE,ZZ,81.72,3.0,1.0,,81.72,81.72
2025-05-14,ZYH,DE,ZZ,215.61,8.0,3.0,,71.87,71.87
2025-05-14,HY,IN,ZZ,1081.92,311.0,107.0,,10.11140187,10.11140187
2025-05-14,SG,IN,ZZ,7454.44,1435.0,386.0,,19.31202073,19.31202073
2025-05-14,YJ,IN,ZZ,9806.93,1850.0,695.0,,14.11069065,14.11069065
2025-05-14,MY,IN,ZZ,5736.64,1037.0,333.0,,17.22714715,17.22714715
2025-05-14,XC,MY,UNKNOWN,129.72,3.0,0.0,,,
2025-05-14,XW,MY,UNKNOWN,195.73,8.0,1.0,,195.73,195.73
2025-05-15,WD,DE,ZZ,32.01,2.0,0.0,,,
2025-05-15,LYD,DE,ZZ,455.24,20.0,1.0,,455.24,455.24
2025-05-15,LYD,MY,ZZ,28.46,0.0,0.0,,,
2025-05-15,HY,IN,ZZ,2764.95,608.0,162.0,,17.06759259,17.06759259
2025-05-15,YJ,IN,ZZ,10561.5,2300.0,792.0,,13.33522727,13.33522727
2025-05-15,SG,IN,ZZ,8438.05,1576.0,514.0,,16.41643969,16.41643969
2025-05-15,XC,MY,UNKNOWN,60.62,4.0,1.0,,60.62,60.62
2025-05-15,MY,IN,ZZ,6188.46,1275.0,420.0,,14.73442857,14.73442857
2025-05-15,ZJ,DE,ZZ,435.37,12.0,2.0,,217.685,217.685
2025-05-15,YK,DE,ZZ,297.97,17.0,3.0,,99.32333333,99.32333333
2025-05-16,XW,MY,UNKNOWN,386.0,16.0,4.0,,96.5,96.5
2025-05-16,WD,DE,ZZ,143.89,4.0,2.0,,71.945,71.945
2025-05-16,ZYH,DE,ZZ,56.86,1.0,1.0,,56.86,56.86
2025-05-16,YJ,IN,ZZ,7112.11,1280.0,427.0,,16.65599532,16.65599532
2025-05-16,HY,IN,ZZ,3559.59,588.0,196.0,,18.16117347,18.16117347
2025-05-16,LYD,DE,ZZ,186.38,2.0,1.0,,186.38,186.38
2025-05-16,MY,IN,ZZ,1799.59,362.0,122.0,,14.7507377,14.7507377
2025-05-16,YK,DE,ZZ,407.77,16.0,1.0,,407.77,407.77
2025-05-16,SG,IN,ZZ,15098.48,3013.0,871.0,,17.33464983,17.33464983
2025-05-16,XC,MY,UNKNOWN,87.98,4.0,1.0,,87.98,87.98
2025-05-17,XW,MY,UNKNOWN,523.33,28.0,11.0,,47.57545455,47.57545455
2025-05-17,YJ,IN,ZZ,6646.6,1200.0,372.0,,17.8672043,17.8672043
2025-05-17,HY,IN,ZZ,9945.31,1799.0,557.0,,17.85513465,17.85513465
2025-05-17,MY,IN,ZZ,1968.66,397.0,124.0,,15.87629032,15.87629032
2025-05-17,SG,IN,ZZ,2402.15,532.0,210.0,,11.43880952,11.43880952
2025-05-18,YJ,IN,ZZ,2774.27,600.0,213.0,,13.02474178,13.02474178
2025-05-18,SG,IN,ZZ,15099.51,3114.0,1057.0,,14.28525071,14.28525071
2025-05-18,MY,IN,ZZ,5197.39,1083.0,433.0,,12.00321016,12.00321016
2025-05-18,XW,MY,UNKNOWN,739.7,18.0,5.0,,147.94,147.94
2025-05-16,LYD,MY,ZZ,71.55,1.0,0.0,,,
2025-05-18,HY,IN,ZZ,1772.89,313.0,118.0,,15.02449153,15.02449153
2025-05-19,WD,DE,ZZ,211.53,20.0,3.0,,70.51,70.51
2025-05-19,LYD,MY,ZZ,177.43,3.0,2.0,,88.715,88.715
2025-05-19,YJ,IN,ZZ,7729.07,1698.0,352.0,,21.95758523,21.95758523
2025-05-19,HY,IN,ZZ,4273.24,711.0,283.0,,15.09978799,15.09978799
2025-05-19,SG,IN,ZZ,5722.82,1236.0,445.0,,12.86026966,12.86026966
2025-05-19,MY,IN,ZZ,4815.43,918.0,335.0,,14.37441791,14.37441791
2025-05-19,HW,IN,ZZ,4221.76,1059.0,382.0,,11.05172775,11.05172775
2025-05-19,XW,MY,UNKNOWN,311.92,11.0,3.0,,103.9733333,103.9733333
2025-05-19,YK,DE,ZZ,623.59,14.0,1.0,,623.59,623.59
2025-05-19,LYD,DE,ZZ,62.15,3.0,1.0,,62.15,62.15
2025-05-19,ZJ,DE,ZZ,220.54,10.0,3.0,,73.51333333,73.51333333
2025-05-18,XC,MY,UNKNOWN,47.98,2.0,0.0,,,
2025-05-20,SG,IN,ZZ,5960.4,1237.0,318.0,,18.74339623,18.74339623
2025-05-20,MY,IN,ZZ,2384.96,486.0,127.0,,18.7792126,18.7792126
2025-05-20,HW,IN,ZZ,1019.32,339.0,108.0,,9.438148148,9.438148148
2025-05-20,HY,IN,ZZ,0.0,0.0,3.0,,0.0,0.0
2025-05-20,WD,DE,ZZ,140.51,6.0,0.0,,,
2025-05-20,YK,DE,ZZ,234.67,7.0,1.0,,234.67,234.67
2025-05-20,LYD,MY,ZZ,159.12,3.0,0.0,,,
2025-05-20,XW,MY,UNKNOWN,181.54,3.0,1.0,,181.54,181.54
2025-05-21,YJ,IN,ZZ,4627.96,1100.0,307.0,,15.07478827,15.07478827
2025-05-21,HY,IN,ZZ,13466.09,2748.0,1137.0,,11.84352682,11.84352682
2025-05-21,SG,IN,ZZ,11192.3,2316.0,853.0,,13.12110199,13.12110199
2025-05-21,YK,DE,ZZ,310.37,12.0,4.0,,77.5925,77.5925
2025-05-21,MY,IN,ZZ,8226.54,1551.0,576.0,,14.2821875,14.2821875
2025-05-21,HW,IN,ZZ,5618.51,1304.0,498.0,,11.28214859,11.28214859
2025-05-21,WD,DE,ZZ,119.54,4.0,0.0,,,
2025-05-21,LYD,MY,ZZ,136.67,3.0,0.0,,,
2025-05-21,XW,MY,UNKNOWN,160.61,1.0,0.0,,,
2025-05-21,ZYH,DE,ZZ,87.71,2.0,1.0,,87.71,87.71
2025-05-21,ZJ,DE,ZZ,73.35,4.0,0.0,,,
2025-05-22,XC,MY,UNKNOWN,106.61,11.0,0.0,,,
2025-05-22,YK,MY,ZZ,165.39,3.0,0.0,,,
2025-05-22,WD,MY,ZZ,25.98,1.0,0.0,,,
2025-05-22,YK,DE,ZZ,121.97,7.0,0.0,,,
2025-05-22,MY,IN,ZZ,9302.8,2106.0,736.0,,12.63967391,12.63967391
2025-05-22,YJ,IN,ZZ,5970.4,1230.0,413.0,,14.45617433,14.45617433
2025-05-22,ZYH,DE,ZZ,14.17,0.0,0.0,,,
2025-05-22,SG,IN,ZZ,14319.57,3214.0,1350.0,,10.60708889,10.60708889
2025-05-22,HW,IN,ZZ,8495.79,1700.0,789.0,,10.76779468,10.76779468
2025-05-22,HY,IN,ZZ,8199.92,1419.0,535.0,,15.32695327,15.32695327
2025-05-22,XW,MY,UNKNOWN,243.81,5.0,0.0,,,
2025-05-22,WD,DE,ZZ,101.08,4.0,1.0,,101.08,101.08
2025-05-22,LYD,MY,ZZ,154.04,4.0,1.0,,154.04,154.04
2025-05-22,ZJ,DE,ZZ,43.51,1.0,1.0,,43.51,43.51
2025-05-23,XF,MY,UNKNOWN,163.76,2.0,0.0,,,
2025-05-23,MY,IN,ZZ,0.0,0.0,26.0,,0.0,0.0
2025-05-23,SG,IN,ZZ,3742.68,684.0,272.0,,13.75985294,13.75985294
2025-05-23,YJ,IN,ZZ,1601.68,292.0,73.0,,21.94082192,21.94082192
2025-05-23,HY,IN,ZZ,525.75,314.0,111.0,,4.736486486,4.736486486
2025-05-23,HW,IN,ZZ,1380.49,302.0,105.0,,13.14752381,13.14752381
2025-05-23,XW,MY,UNKNOWN,227.31,10.0,0.0,,,
2025-05-23,LYD,MY,ZZ,49.69,2.0,1.0,,49.69,49.69
2025-05-23,ZJ,DE,ZZ,46.46,3.0,1.0,,46.46,46.46
2025-05-24,SG,IN,ZZ,639.82,103.0,27.0,,23.69703704,23.69703704
2025-05-24,XF阿飞,MY,UNKNOWN,469.7,15.0,1.0,,469.7,469.7
2025-05-24,LYD,MY,ZZ,482.08,9.0,0.0,,,
2025-05-24,HY,IN,ZZ,8114.46,1686.0,577.0,,14.06318891,14.06318891
2025-05-24,YJ,IN,ZZ,4563.8,962.0,305.0,,14.96327869,14.96327869
2025-05-24,WD,MY,ZZ,129.02,11.0,2.0,,64.51,64.51
2025-05-24,HW,IN,ZZ,2066.47,490.0,162.0,,12.75598765,12.75598765
2025-05-24,XW,MY,UNKNOWN,201.83,8.0,0.0,,,
2025-05-24,WD,DE,ZZ,131.02,13.0,0.0,,,
2025-05-24,ZYH,DE,ZZ,122.2,2.0,0.0,,,
2025-05-24,YK,MY,ZZ,187.93,3.0,1.0,,187.93,187.93
2025-05-24,YK,DE,ZZ,191.85,10.0,1.0,,191.85,191.85
2025-05-24,XW,DE,UNKNOWN,21.83,0.0,0.0,,,
2025-05-25,XF阿飞,MY,UNKNOWN,579.92,10.0,3.0,,193.3066667,193.3066667
2025-05-25,LYD,MY,ZZ,70.44,3.0,0.0,,,
2025-05-25,WD,MY,ZZ,182.88,13.0,2.0,,91.44,91.44
2025-05-25,HY,IN,ZZ,4259.43,937.0,426.0,,9.998661972,9.998661972
2025-05-25,YJ,IN,ZZ,4928.4,860.0,303.0,,16.26534653,16.26534653
2025-05-25,HW,IN,ZZ,6105.6,1296.0,560.0,,10.90285714,10.90285714
2025-05-25,XW,MY,UNKNOWN,369.64,11.0,3.0,,123.2133333,123.2133333
2025-05-25,XW,DE,UNKNOWN,112.45,2.0,0.0,,,
2025-05-25,WD,DE,ZZ,55.32,3.0,0.0,,,
2025-05-25,ZYH,DE,ZZ,79.03,2.0,0.0,,,
2025-05-26,WD,MY,ZZ,161.44,7.0,3.0,,53.81333333,53.81333333
2025-05-26,XF阿飞,MY,UNKNOWN,525.72,14.0,3.0,,175.24,175.24
2025-05-26,XW,MY,UNKNOWN,118.13,4.0,0.0,,,
2025-05-26,HW,IN,ZZ,4950.86,1200.0,411.0,,12.04588808,12.04588808
2025-05-26,YJ,IN,ZZ,3648.07,820.0,197.0,,18.51812183,18.51812183
2025-05-26,XC,MY,UNKNOWN,272.46,12.0,0.0,,,
2025-05-26,YK,DE,ZZ,200.13,8.0,4.0,,50.0325,50.0325
2025-05-26,HY,IN,ZZ,5493.02,1112.0,472.0,,11.63775424,11.63775424
2025-05-26,WD,DE,ZZ,55.82,1.0,0.0,,,
2025-05-26,ZYH,DE,ZZ,113.5,1.0,0.0,,,
2025-05-26,LYD,MY,ZZ,96.28,6.0,0.0,,,
2025-05-26,ZJ,DE,ZZ,68.73,3.0,0.0,,,
2025-05-27,SG,MY,ZZ,74.79,3.0,0.0,,,
2025-05-27,WD,MY,ZZ,218.3,12.0,0.0,,,
2025-05-27,XF阿飞,MY,UNKNOWN,197.82,8.0,1.0,,197.82,197.82
2025-05-27,MY,MY,ZZ,47.25,2.0,0.0,,,
2025-05-27,YJ,IN,ZZ,2008.15,514.0,152.0,,13.21151316,13.21151316
2025-05-27,HY,IN,ZZ,9913.14,1952.0,761.0,,13.02646518,13.02646518
2025-05-27,HW,IN,ZZ,5682.19,1300.0,489.0,,11.62002045,11.62002045
2025-05-27,XC,MY,UNKNOWN,161.63,12.0,1.0,,161.63,161.63
2025-05-27,YK,DE,ZZ,605.44,16.0,5.0,,121.088,121.088
2025-05-27,ZJ,DE,ZZ,82.92,9.0,2.0,,41.46,41.46
2025-05-28,WD,MY,ZZ,126.2,11.0,3.0,,42.06666667,42.06666667
2025-05-28,SG,MY,ZZ,268.42,10.0,4.0,,67.105,67.105
2025-05-28,HW,IN,ZZ,7314.37,1400.0,576.0,,12.69855903,12.69855903
2025-05-28,HY,IN,ZZ,6739.18,1645.0,554.0,,12.16458484,12.16458484
2025-05-28,YJ,IN,ZZ,5174.0,930.0,413.0,,12.52784504,12.52784504
2025-05-28,YK,DE,ZZ,704.16,18.0,2.0,,352.08,352.08
2025-05-28,ZJ,DE,ZZ,41.11,3.0,0.0,,,
2025-05-29,XW,MY,UNKNOWN,149.41,6.0,3.0,,49.80333333,49.80333333
2025-05-29,WD,MY,ZZ,518.23,28.0,3.0,,172.7433333,172.7433333
2025-05-29,HY,IN,ZZ,1864.21,346.0,147.0,,12.68170068,12.68170068
2025-05-29,HW,IN,ZZ,4105.51,735.0,308.0,,13.32957792,13.32957792
2025-05-29,YJ,IN,ZZ,3549.91,750.0,290.0,,12.24106897,12.24106897
2025-05-29,YK,DE,ZZ,332.44,13.0,0.0,,,
2025-05-28,AL,MY,UNKNOWN,46.6,4.0,0.0,,,
2025-05-29,AL,MY,UNKNOWN,126.31,8.0,2.0,,63.155,63.155
2025-05-30,WD,DE,ZZ,23.31,0.0,0.0,,,
2025-05-30,HW,IN,ZZ,5893.85,1200.0,530.0,,11.1204717,11.1204717
2025-05-30,HY,IN,ZZ,6538.8,1445.0,542.0,,12.06420664,12.06420664
2025-05-30,YJ,IN,ZZ,8033.85,1480.0,506.0,,15.87717391,15.87717391
2025-05-30,YK,DE,ZZ,478.27,21.0,3.0,,159.4233333,159.4233333
2025-05-31,YJ,IN,ZZ,118.59,23.0,0.0,,,
2025-05-31,HY,IN,ZZ,4379.89,576.0,245.0,,17.87710204,17.87710204
2025-05-31,ZYH,DE,ZZ,89.68,1.0,1.0,,89.68,89.68
2025-05-31,YK,DE,ZZ,346.09,16.0,4.0,,86.5225,86.5225
2025-06-01,YJ,IN,ZZ,4049.6,1078.0,327.0,,12.38409786,12.38409786
2025-06-01,HW,IN,ZZ,9043.67,1330.0,563.0,,16.06335702,16.06335702
2025-06-01,HY,IN,ZZ,6718.01,1468.0,467.0,,14.38546039,14.38546039
2025-06-02,ZYH,DE,ZZ,103.4,2.0,0.0,,,
2025-06-02,HY,IN,ZZ,5414.55,1082.0,393.0,,13.77748092,13.77748092
2025-06-02,YJ,IN,ZZ,4574.22,1095.0,392.0,,11.66892857,11.66892857
2025-06-02,HW,IN,ZZ,5362.36,940.0,539.0,,9.948719852,9.948719852
2025-06-02,WD,DE,ZZ,118.03,5.0,1.0,,118.03,118.03
2025-06-02,LYD,DE,ZZ,152.82,3.0,0.0,,,
2025-06-02,XW,DE,UNKNOWN,23.05,0.0,0.0,,,
2025-06-02,YK,DE,ZZ,286.71,8.0,1.0,,286.71,286.71
2025-06-03,YJ,IN,ZZ,4659.95,1027.0,345.0,,13.50710145,13.50710145
2025-06-03,HW,IN,ZZ,5054.78,1200.0,562.0,,8.994270463,8.994270463
2025-06-03,HY,IN,ZZ,5353.02,1230.0,412.0,,12.99276699,12.99276699
2025-06-04,YK,DE,ZZ,238.23,11.0,3.0,,79.41,79.41
2025-06-04,WD,DE,ZZ,1.22,0.0,0.0,,,
2025-06-04,LYD,奥地利,ZZ,190.76,6.0,3.0,,63.58666667,63.58666667
2025-06-04,YK,奥地利,ZZ,78.69,2.0,0.0,,,
2025-06-04,LYD,DE,ZZ,165.12,3.0,0.0,,,
2025-06-04,ZYH,DE,ZZ,356.94,4.0,0.0,,,
2025-06-04,ZYH,奥地利,ZZ,38.27,1.0,0.0,,,
2025-06-05,WD,DE,ZZ,207.79,11.0,1.0,,207.79,207.79
2025-06-05,ZYH,DE,ZZ,72.76,1.0,0.0,,,
2025-06-05,LYD,奥地利,ZZ,281.09,6.0,3.0,,93.69666667,93.69666667
2025-06-05,LYD,DE,ZZ,97.92,1.0,0.0,,,
2025-06-05,YK,DE,ZZ,415.74,18.0,3.0,,138.58,138.58
2025-06-06,MY,IN,ZZ,1069.21,108.0,52.0,,20.56173077,20.56173077
2025-06-06,YJ,IN,ZZ,1971.11,375.0,114.0,,17.2904386,17.2904386
2025-06-06,SG,IN,ZZ,829.88,98.0,28.0,,29.63857143,29.63857143
2025-06-06,HW,IN,ZZ,1599.18,151.0,58.0,,27.57206897,27.57206897
2025-06-06,YK,DE,ZZ,301.58,15.0,6.0,,50.26333333,50.26333333
2025-06-06,HY,IN,ZZ,7661.07,806.0,461.0,,16.6183731,16.6183731
2025-06-06,WD,DE,ZZ,104.55,7.0,0.0,,,
2025-06-06,WD,奥地利,ZZ,50.85,1.0,0.0,,,
2025-06-06,LYD,奥地利,ZZ,190.27,5.0,2.0,,95.135,95.135
2025-06-06,LYD,DE,ZZ,37.26,0.0,0.0,,,
2025-06-06,ZYH,奥地利,ZZ,71.8,1.0,0.0,,,
2025-06-07,HY,IN,ZZ,2864.24,846.0,322.0,,8.89515528,8.89515528
2025-06-07,YJ,IN,ZZ,2089.16,520.0,160.0,,13.05725,13.05725
2025-06-07,MY,IN,ZZ,2044.81,357.0,148.0,,13.81628378,13.81628378
2025-06-07,WD,DE,ZZ,237.79,11.0,0.0,,,
2025-06-07,SG,IN,ZZ,1552.92,377.0,170.0,,9.134823529,9.134823529
2025-06-07,YK,DE,ZZ,224.75,10.0,2.0,,112.375,112.375
2025-06-08,HW,IN,ZZ,857.06,180.0,87.0,,9.851264368,9.851264368
2025-06-08,WD,DE,ZZ,234.71,7.0,0.0,,,
2025-06-08,HY,IN,ZZ,6498.43,1098.0,387.0,,16.79180879,16.79180879
2025-06-08,XW,奥地利,UNKNOWN,114.68,2.0,2.0,,57.34,57.34
2025-06-08,ZJ,DE,ZZ,49.89,2.0,0.0,,,
2025-06-08,LYD,奥地利,ZZ,340.18,7.0,2.0,,170.09,170.09
2025-06-08,LYD,DE,ZZ,52.4,0.0,0.0,,,
2025-06-08,YK,DE,ZZ,262.7,13.0,1.0,,262.7,262.7
2025-06-08,YK,奥地利,ZZ,204.51,4.0,0.0,,,
2025-06-09,SG,IN,ZZ,12617.2,2487.0,936.0,,13.47991453,13.47991453
2025-06-09,MY,IN,ZZ,2971.12,515.0,164.0,,18.11658537,18.11658537
2025-06-09,HW,IN,ZZ,10004.34,1656.0,786.0,,12.72816794,12.72816794
2025-06-09,YJ,IN,ZZ,9008.6,1998.0,510.0,,17.66392157,17.66392157
2025-06-09,HY,IN,ZZ,11354.04,1978.0,713.0,,15.92431978,15.92431978
2025-06-09,WD,DE,ZZ,70.02,3.0,0.0,,,
2025-06-09,WD,奥地利,ZZ,298.36,9.0,2.0,,149.18,149.18
2025-06-09,YK,DE,ZZ,405.58,18.0,3.0,,135.1933333,135.1933333
2025-06-09,XW,奥地利,UNKNOWN,65.59,2.0,1.0,,65.59,65.59
2025-06-09,LYD,奥地利,ZZ,327.9,8.0,1.0,,327.9,327.9
2025-06-09,ZJ,奥地利,ZZ,250.73,7.0,2.0,,125.365,125.365
2025-06-09,ZJ,DE,ZZ,121.34,4.0,0.0,,,
2025-06-10,YJ,IN,ZZ,5392.77,1280.0,375.0,,14.38072,14.38072
2025-06-10,HW,IN,ZZ,9578.88,1523.0,741.0,,12.92696356,12.92696356
2025-06-10,HY,IN,ZZ,3464.92,861.0,271.0,,12.78568266,12.78568266
2025-06-10,MY,IN,ZZ,6861.03,1211.0,374.0,,18.345,18.345
2025-06-10,SG,IN,ZZ,15000.0,2637.0,1058.0,,14.17769376,14.17769376
2025-06-10,WD,奥地利,ZZ,350.08,10.0,0.0,,,
2025-06-10,YK,奥地利,ZZ,208.26,10.0,3.0,,69.42,69.42
2025-06-10,LYD,奥地利,ZZ,276.56,3.0,0.0,,,
2025-06-10,ZJ,奥地利,ZZ,51.53,2.0,0.0,,,
2025-06-11,SG,IN,ZZ,4707.86,1087.0,292.0,,16.12280822,16.12280822
2025-06-11,YJ,IN,ZZ,2587.2,565.0,145.0,,17.84275862,17.84275862
2025-06-11,HW,IN,ZZ,4926.91,820.0,264.0,,18.66253788,18.66253788
2025-06-11,HY,IN,ZZ,2098.93,574.0,153.0,,13.71849673,13.71849673
2025-06-11,MY,IN,ZZ,3748.3,493.0,77.0,,48.67922078,48.67922078
2025-06-11,WD,奥地利,ZZ,127.84,6.0,2.0,,63.92,63.92
2025-06-11,LYD,奥地利,ZZ,109.08,0.0,0.0,,,
2025-06-11,YK,奥地利,ZZ,382.96,18.0,5.0,,76.592,76.592
2025-06-11,ZJ,奥地利,ZZ,331.26,9.0,2.0,,165.63,165.63
2025-06-12,SG,IN,ZZ,6062.63,1198.0,481.0,,12.60422037,12.60422037
2025-06-12,YJ,IN,ZZ,3321.1,760.0,175.0,,18.97771429,18.97771429
2025-06-12,HY,IN,ZZ,4228.35,997.0,294.0,,14.38214286,14.38214286
2025-06-12,HW,IN,ZZ,1919.04,272.0,130.0,,14.76184615,14.76184615
2025-06-12,YK,奥地利,ZZ,175.44,6.0,0.0,,,
2025-06-12,MY,IN,ZZ,1772.87,307.0,63.0,,28.14079365,28.14079365
2025-06-12,WD,奥地利,ZZ,328.51,6.0,3.0,,109.5033333,109.5033333
2025-06-12,LYD,奥地利,ZZ,557.75,1.0,1.0,,557.75,557.75
2025-06-12,ZJ,奥地利,ZZ,679.44,13.0,5.0,,135.888,135.888
2025-06-13,SG,IN,ZZ,4568.87,947.0,450.0,,10.15304444,10.15304444
2025-06-13,YJ,IN,ZZ,1987.8,486.0,136.0,,14.61617647,14.61617647
2025-06-13,MY,IN,ZZ,2773.75,564.0,210.0,,13.20833333,13.20833333
2025-06-13,HW,IN,ZZ,3154.03,512.0,183.0,,17.23513661,17.23513661
2025-06-13,HY,IN,ZZ,0.0,43.0,11.0,,0.0,0.0
2025-06-13,WD,奥地利,ZZ,303.22,3.0,0.0,,,
2025-06-13,WD,DE,ZZ,201.11,3.0,1.0,,201.11,201.11
2025-06-13,YK,奥地利,ZZ,471.14,12.0,3.0,,157.0466667,157.0466667
2025-06-13,YK,DE,ZZ,341.42,11.0,3.0,,113.8066667,113.8066667
2025-06-13,XW,奥地利,UNKNOWN,67.71,0.0,0.0,,,
2025-06-13,LYD,DE,ZZ,128.5,0.0,0.0,,,
2025-06-13,LYD,奥地利,ZZ,180.86,3.0,0.0,,,
2025-06-13,ZJ,奥地利,ZZ,196.11,5.0,1.0,,196.11,196.11
2025-06-13,ZJ,DE,ZZ,52.59,2.0,0.0,,,
2025-06-14,HY,西班牙,ZZ,174.56,4.0,0.0,,,
2025-06-14,HW,IN,ZZ,1894.45,229.0,89.0,,21.28595506,21.28595506
2025-06-14,YJ,西班牙,ZZ,200.43,11.0,0.0,,,
2025-06-14,SG,西班牙,ZZ,9.48,2.0,1.0,,9.48,9.48
2025-06-14,MY,IN,ZZ,3272.47,718.0,282.0,,11.60450355,11.60450355
2025-06-14,SG,IN,ZZ,0.0,4.0,4.0,,0.0,0.0
2025-06-14,WD,奥地利,ZZ,71.0,2.0,0.0,,,
2025-06-14,WD,DE,ZZ,86.73,2.0,0.0,,,
2025-06-14,LYD,DE,ZZ,218.71,5.0,0.0,,,
2025-06-14,YK,DE,ZZ,235.91,9.0,1.0,,235.91,235.91
2025-06-14,YK,奥地利,ZZ,221.43,6.0,1.0,,221.43,221.43
2025-06-15,SG,IN,ZZ,5152.04,1037.0,398.0,,12.94482412,12.94482412
2025-06-15,MY,IN,ZZ,20.56,0.0,6.0,,3.426666667,3.426666667
2025-06-15,YJ,IN,ZZ,3104.94,760.0,192.0,,16.1715625,16.1715625
2025-06-15,YK,DE,ZZ,274.22,15.0,1.0,,274.22,274.22
2025-06-15,HW,IN,ZZ,3584.27,729.0,311.0,,11.52498392,11.52498392
2025-06-15,WD,奥地利,ZZ,63.19,0.0,0.0,,,
2025-06-15,WD,DE,ZZ,53.36,1.0,1.0,,53.36,53.36
2025-06-15,LYD,DE,ZZ,210.67,6.0,0.0,,,
2025-06-15,YJ,西班牙,ZZ,18.42,1.0,0.0,,,
2025-06-15,SG,西班牙,ZZ,44.14,2.0,0.0,,,
2025-06-16,YJ,IN,ZZ,77.52,19.0,7.0,,11.07428571,11.07428571
2025-06-16,WD,DE,ZZ,170.76,1.0,0.0,,,
2025-06-16,HW,IN,ZZ,1794.9,326.0,157.0,,11.43248408,11.43248408
2025-06-16,SG,IN,ZZ,908.62,123.0,26.0,,34.94692308,34.94692308
2025-06-16,SG,西班牙,ZZ,67.76,2.0,0.0,,,
2025-06-16,MY,西班牙,ZZ,47.04,1.0,1.0,,47.04,47.04
2025-06-16,HY,西班牙,ZZ,60.94,2.0,0.0,,,
2025-06-16,YJ,西班牙,ZZ,69.51,4.0,0.0,,,
2025-06-16,WD,奥地利,ZZ,132.78,0.0,0.0,,,
2025-06-16,YK,奥地利,ZZ,486.62,15.0,0.0,,,
2025-06-16,LYD,DE,ZZ,242.61,4.0,0.0,,,
2025-06-16,ZJ,DE,ZZ,285.2,5.0,2.0,,142.6,142.6
2025-06-16,ZJ,奥地利,ZZ,94.99,3.0,0.0,,,
2025-06-17,HY,西班牙,ZZ,24.91,0.0,0.0,,,
2025-06-17,MY,西班牙,ZZ,24.74,0.0,0.0,,,
2025-06-17,YJ,IN,ZZ,3065.91,630.0,233.0,,13.15841202,13.15841202
2025-06-17,SG,IN,ZZ,4187.41,924.0,363.0,,11.53556474,11.53556474
2025-06-17,SG,西班牙,ZZ,87.66,5.0,0.0,,,
2025-06-17,HY,IN,ZZ,3613.51,873.0,315.0,,11.47146032,11.47146032
2025-06-17,YK,DE,ZZ,544.52,21.0,12.0,,45.37666667,45.37666667
2025-06-17,MY,IN,ZZ,1159.35,318.0,188.0,,6.166755319,6.166755319
2025-06-17,HW,IN,ZZ,2489.86,500.0,246.0,,10.12138211,10.12138211
2025-06-17,WD,DE,ZZ,170.75,3.0,2.0,,85.375,85.375
2025-06-17,LYD,DE,ZZ,282.49,8.0,0.0,,,
2025-06-17,ZJ,DE,ZZ,151.2,7.0,1.0,,151.2,151.2
2025-06-18,YK,DE,ZZ,323.12,9.0,1.0,,323.12,323.12
2025-06-18,WD,DE,ZZ,322.97,3.0,1.0,,322.97,322.97
2025-06-18,XC,西班牙,UNKNOWN,147.72,6.0,2.0,,73.86,73.86
2025-06-18,LYD,DE,ZZ,504.43,8.0,0.0,,,
2025-06-18,ZJ,DE,ZZ,445.67,14.0,2.0,,222.835,222.835
2025-06-19,HY,IN,ZZ,1701.95,441.0,98.0,,17.36683673,17.36683673
2025-06-19,MY,IN,ZZ,16.75,5.0,5.0,,3.35,3.35
2025-06-19,YJ,IN,ZZ,1853.03,335.0,89.0,,20.8205618,20.8205618
2025-06-19,HW,IN,ZZ,1575.42,220.0,103.0,,15.29533981,15.29533981
2025-06-19,SG,IN,ZZ,1877.84,413.0,191.0,,9.831623037,9.831623037
2025-06-19,WD,DE,ZZ,235.2,5.0,1.0,,235.2,235.2
2025-06-19,YK,DE,ZZ,339.93,14.0,3.0,,113.31,113.31
2025-06-19,LYD,DE,ZZ,118.89,3.0,0.0,,,
2025-06-20,MY,IN,ZZ,134.24,33.0,18.0,,7.457777778,7.457777778
2025-06-20,YJ,IN,ZZ,3428.54,625.0,248.0,,13.82475806,13.82475806
2025-06-20,SG,IN,ZZ,1967.25,418.0,192.0,,10.24609375,10.24609375
2025-06-20,YK,DE,ZZ,225.67,9.0,2.0,,112.835,112.835
2025-06-20,HW,IN,ZZ,2038.56,340.0,100.0,,20.3856,20.3856
2025-06-20,HY,IN,ZZ,479.17,118.0,93.0,,5.152365591,5.152365591
2025-06-20,WD,DE,ZZ,203.72,5.0,1.0,,203.72,203.72
2025-06-20,LYD,DE,ZZ,68.95,2.0,0.0,,,
2025-06-20,ZJ,DE,ZZ,340.16,12.0,1.0,,340.16,340.16
2025-06-21,YK,DE,ZZ,197.56,11.0,1.0,,197.56,197.56
2025-06-21,WD,DE,ZZ,212.72,6.0,0.0,,,
2025-06-21,LYD,DE,ZZ,116.85,3.0,0.0,,,
2025-06-21,ZJ,DE,ZZ,156.62,4.0,1.0,,156.62,156.62
2025-06-22,YK,DE,ZZ,315.54,21.0,5.0,,63.108,63.108
2025-06-22,WD,DE,ZZ,0.0,0.0,0.0,,,
2025-06-23,SG,IN,ZZ,990.72,234.0,125.0,,7.92576,7.92576
2025-06-23,HY,IN,ZZ,728.9,191.0,94.0,,7.754255319,7.754255319
2025-06-23,MY,IN,ZZ,1044.99,257.0,85.0,,12.294,12.294
2025-06-23,YJ,IN,ZZ,1903.6,410.0,87.0,,21.88045977,21.88045977
2025-06-23,SG,DE,ZZ,79.74,4.0,1.0,,79.74,79.74
2025-06-23,YK,DE,ZZ,202.27,8.0,2.0,,101.135,101.135
2025-06-23,YJ,DE,ZZ,83.96,2.0,0.0,,,
2025-06-23,XC,西班牙,UNKNOWN,173.15,15.0,4.0,,43.2875,43.2875
2025-06-23,WD,DE,ZZ,411.9,6.0,1.0,,411.9,411.9
2025-06-23,XH,意大利,ZZ,1.96,0.0,0.0,,,
2025-06-23,LYD,DE,ZZ,205.55,6.0,0.0,,,
2025-06-23,MY,DE,ZZ,30.1,0.0,0.0,,,
2025-06-23,ZJ,DE,ZZ,273.52,9.0,2.0,,136.76,136.76
2025-06-24,SG,DE,ZZ,40.46,2.0,0.0,,,
2025-06-24,HY,IN,ZZ,904.52,257.0,115.0,,7.865391304,7.865391304
2025-06-24,HW,IN,ZZ,1872.91,380.0,98.0,,19.11132653,19.11132653
2025-06-24,YK,DE,ZZ,281.84,15.0,2.0,,140.92,140.92
2025-06-24,WD,DE,ZZ,341.67,4.0,1.0,,341.67,341.67
2025-06-24,ZJ,DE,ZZ,186.85,7.0,3.0,,62.28333333,62.28333333
2025-06-24,LYD,DE,ZZ,147.11,5.0,0.0,,,
2025-06-24,XC,西班牙,UNKNOWN,186.61,7.0,1.0,,186.61,186.61
2025-06-25,SG,IN,ZZ,1342.36,255.0,116.0,,11.57206897,11.57206897
2025-06-25,YJ,IN,ZZ,759.92,289.0,72.0,,10.55444444,10.55444444
2025-06-25,MY,IN,ZZ,717.49,163.0,64.0,,11.21078125,11.21078125
2025-06-25,HW,IN,ZZ,1071.69,271.0,104.0,,10.30471154,10.30471154
2025-06-25,WD,DE,ZZ,134.15,2.0,1.0,,134.15,134.15
2025-06-25,ZJ,DE,ZZ,54.23,2.0,1.0,,54.23,54.23
2025-06-25,YK,DE,ZZ,403.73,16.0,2.0,,201.865,201.865
2025-06-25,LYD,DE,ZZ,228.45,5.0,0.0,,,
2025-06-25,MY,DE,ZZ,68.3,2.0,0.0,,,
2025-06-26,MY,IN,ZZ,304.73,82.0,30.0,,10.15766667,10.15766667
2025-06-26,HY,IN,ZZ,1039.88,291.0,110.0,,9.453454545,9.453454545
2025-06-26,YJ,IN,ZZ,1319.65,310.0,90.0,,14.66277778,14.66277778
2025-06-26,SG,IN,ZZ,903.69,163.0,50.0,,18.0738,18.0738
2025-06-26,HW,IN,ZZ,1343.77,287.0,88.0,,15.27011364,15.27011364
2025-06-26,YK,DE,ZZ,127.0,8.0,1.0,,127.0,127.0
2025-06-26,WD,DE,ZZ,169.46,3.0,2.0,,84.73,84.73
2025-06-26,ZJ,DE,ZZ,242.16,15.0,15.0,,16.144,16.144
2025-06-26,LYD,DE,ZZ,33.97,1.0,0.0,,,
2025-06-26,SG,DE,ZZ,38.26,1.0,0.0,,,
2025-06-27,SG,西班牙,ZZ,47.25,3.0,0.0,,,
2025-06-27,SG,DE,ZZ,50.08,2.0,0.0,,,
2025-06-27,HY,DE,ZZ,30.61,1.0,0.0,,,
2025-06-27,LYD,DE,ZZ,43.11,1.0,0.0,,,
2025-06-27,WD,DE,ZZ,19.79,2.0,0.0,,,
2025-06-27,YK,DE,ZZ,31.97,3.0,2.0,,15.985,15.985
2025-06-27,MY,西班牙,ZZ,28.431,1.0,0.0,,,
2025-06-27,ZJ,DE,ZZ,417.38,17.0,6.0,,69.56333333,69.56333333
2025-06-28,WD,DE,ZZ,152.92,4.0,0.0,,,
2025-06-28,YK,DE,ZZ,41.11,3.0,2.0,,20.555,20.555
2025-06-28,HY,DE,ZZ,140.74,8.0,0.0,,,
2025-06-28,SG,DE,ZZ,147.89,7.0,0.0,,,
2025-06-28,XH,意大利,ZZ,97.42,0.0,0.0,,,
2025-06-28,LYD,DE,ZZ,6.28,0.0,0.0,,,
2025-06-28,YJ,DE,ZZ,10.38,0.0,0.0,,,
2025-06-29,YJ,DE,ZZ,131.04,4.0,0.0,,,
2025-06-29,YK,DE,ZZ,224.98,12.0,3.0,,74.99333333,74.99333333
2025-06-28,ZJ,DE,ZZ,97.21,9.0,3.0,,32.40333333,32.40333333
2025-06-18,ZJ,奥地利,ZZ,122.45,2.0,0.0,,,
2025-06-30,YJ,IN,ZZ,1345.79,320.0,94.0,,14.31691489,14.31691489
2025-06-30,MY,西班牙,ZZ,22.28,3.0,1.0,,22.28,22.28
2025-06-30,SG,IN,ZZ,1021.0,216.0,100.0,,10.21,10.21
2025-06-30,SG,DE,ZZ,51.99,2.0,0.0,,,
2025-06-08,YJ,IN,ZZ,203.43,0.0,0.0,,,
2025-06-30,YK,DE,ZZ,25.38,15.0,5.0,,5.076,5.076
2025-06-30,MY,DE,ZZ,107.76,4.0,0.0,,,
2025-06-30,ZJ,DE,ZZ,245.48,15.0,5.33,,46.05628518,46.05628518
2025-07-01,SG,IN,ZZ,1748.44,410.0,235.0,,7.440170213,7.440170213
2025-07-01,HY,IN,ZZ,3516.82,917.0,436.0,,8.066100917,8.066100917
2025-07-01,HW,IN,ZZ,1268.2,350.0,156.0,,8.129487179,8.129487179
2025-07-01,YJ,IN,ZZ,1941.56,370.0,126.0,,15.40920635,15.40920635
2025-07-01,MY,IN,ZZ,865.75,288.0,164.0,,5.278963415,5.278963415
2025-07-01,SG,DE,ZZ,102.24,8.0,7.66,,13.34725849,13.34725849
2025-07-01,ZJ,DE,ZZ,40.99,3.0,0.0,,,
2025-07-01,LYD,DE,ZZ,30.9,1.0,0.0,,,
2025-07-02,SG,DE,ZZ,108.94,6.0,4.0,,27.235,27.235
2025-07-02,HW,IN,ZZ,5021.12,1200.0,547.0,,9.179378428,9.179378428
2025-07-02,YJ,IN,ZZ,8768.57,1650.0,803.0,,10.91976339,10.91976339
2025-07-02,HY,IN,ZZ,10904.27,2347.0,1129.0,,9.658343667,9.658343667
2025-07-02,MY,IN,ZZ,3570.13,877.0,460.0,,7.761152174,7.761152174
2025-07-02,YK,IN,ZZ,16.23,5.0,3.0,,5.41,5.41
2025-07-02,SG,IN,ZZ,10403.82,2015.0,927.0,,11.2231068,11.2231068
2025-07-02,YK,DE,ZZ,91.54,3.0,0.0,,,
2025-07-02,LYD,DE,ZZ,4.97,0.0,0.0,,,
2025-07-03,LYD,IN,ZZ,11.96,4.0,2.0,,5.98,5.98
2025-07-03,LYD,DE,ZZ,24.36,1.0,0.0,,,
2025-07-03,MY,IN,ZZ,1242.38,316.0,144.0,,8.627638889,8.627638889
2025-07-03,HY,IN,ZZ,11317.29,2192.0,998.0,,11.33996994,11.33996994
2025-07-03,SG,DE,ZZ,72.14,2.0,0.0,,,
2025-07-03,YK,IN,ZZ,11.06,2.0,0.0,,,
2025-07-03,YK,DE,ZZ,63.02,3.0,1.0,,63.02,63.02
2025-07-03,YJ,IN,ZZ,8026.48,1450.0,540.0,,14.86385185,14.86385185
2025-07-03,SG,IN,ZZ,16433.22,2673.0,1144.0,,14.3647028,14.3647028
2025-07-03,HW,IN,ZZ,8717.06,1653.0,770.0,,11.32085714,11.32085714
2025-07-04,YJ,IN,ZZ,2052.07,523.0,126.0,,16.28626984,16.28626984
2025-07-04,MY,IN,ZZ,2042.25,357.0,145.0,,14.08448276,14.08448276
2025-07-04,HY,IN,ZZ,11711.58,2212.0,827.0,,14.16152358,14.16152358
2025-07-04,LYD,IN,ZZ,268.28,30.0,16.0,,16.7675,16.7675
2025-07-04,SG,IN,ZZ,5752.13,1123.0,457.0,,12.58671772,12.58671772
2025-07-04,HW,IN,ZZ,6195.25,1149.0,596.0,,10.39471477,10.39471477
2025-07-04,YK,DE,ZZ,124.4,3.0,0.0,,,
2025-07-05,ZJ,DE,ZZ,117.95,9.0,6.0,,19.65833333,19.65833333
2025-07-05,MY,DE,ZZ,17.91,0.0,0.0,,,
2025-07-05,HW,意大利,ZZ,340.74,12.0,1.0,,340.74,340.74
2025-07-05,YK,DE,ZZ,169.77,9.0,2.0,,84.885,84.885
2025-07-05,LYD,DE,ZZ,15.61,0.0,0.0,,,
2025-07-06,SG,IN,ZZ,1574.68,287.0,94.0,,16.75191489,16.75191489
2025-07-06,HW,IN,ZZ,1433.58,254.0,97.0,,14.77917526,14.77917526
2025-07-06,ZJ,DE,ZZ,278.52,18.0,8.0,,34.815,34.815
2025-07-06,YK,DE,ZZ,224.26,10.0,3.33,,67.34534535,67.34534535
2025-07-06,LYD,DE,ZZ,16.23,0.0,0.0,,,
2025-07-07,MY,IN,ZZ,1681.9,306.0,95.0,,17.70421053,17.70421053
2025-07-07,SG,IN,ZZ,741.12,214.0,140.0,,5.293714286,5.293714286
2025-07-07,LYD,IN,ZZ,195.7,30.0,14.0,,13.97857143,13.97857143
2025-07-07,YJ,IN,ZZ,2287.81,423.0,187.0,,12.23427807,12.23427807
2025-07-07,HW,IN,ZZ,1862.05,380.0,103.0,,18.07815534,18.07815534
2025-07-07,HY,IN,ZZ,1737.34,324.0,100.0,,17.3734,17.3734
2025-07-07,HW,DE,ZZ,9.14,2.0,0.0,,,
2025-07-06,HY,IN,ZZ,369.35,0.0,0.0,,,
2025-07-07,YK,DE,ZZ,463.79,20.0,6.33,,73.2685624,73.2685624
2025-07-07,ZJ,DE,ZZ,323.61,19.0,10.0,,32.361,32.361
2025-07-08,MY,IN,ZZ,3122.16,586.0,168.0,,18.58428571,18.58428571
2025-07-08,SG,IN,ZZ,8072.53,1608.0,632.0,,12.77299051,12.77299051
2025-07-08,HY,IN,ZZ,3290.54,625.0,211.0,,15.5949763,15.5949763
2025-07-08,HW,意大利,ZZ,186.85,10.0,0.0,,,
2025-07-08,HW,DE,ZZ,324.55,11.0,4.0,,81.1375,81.1375
2025-07-08,YJ,IN,ZZ,557.87,50.0,15.0,,37.19133333,37.19133333
2025-07-08,LYD,DE,ZZ,71.4,3.0,0.0,,,
2025-07-08,ZJ,DE,ZZ,581.43,14.0,6.0,,96.905,96.905
2025-07-09,HY,IN,ZZ,9826.25,1447.0,557.0,,17.64138241,17.64138241
2025-07-09,SG,IN,ZZ,8007.24,1357.0,619.0,,12.93576737,12.93576737
2025-07-09,MY,IN,ZZ,5578.73,817.0,296.0,,18.84706081,18.84706081
2025-07-09,YK,DE,ZZ,222.96,11.0,6.0,,37.16,37.16
2025-07-09,HW,DE,ZZ,215.07,3.0,0.0,,,
2025-07-09,ZJ,IN,ZZ,621.74,103.0,41.0,,15.16439024,15.16439024
2025-07-09,LYD,DE,ZZ,177.5,5.0,0.0,,,
2025-07-09,LYD,IN,ZZ,36.78,8.0,2.0,,18.39,18.39
2025-07-09,ZJ,DE,ZZ,337.59,21.0,5.0,,67.518,67.518
2025-07-10,SG,DE,ZZ,31.21,0.0,0.0,,,
2025-07-10,HY,IN,ZZ,9640.55,1491.0,713.0,,13.52110799,13.52110799
2025-07-10,MY,IN,ZZ,5974.91,862.0,376.0,,15.89071809,15.89071809
2025-07-10,ZJ,IN,ZZ,5625.77,800.0,377.0,,14.92246684,14.92246684
2025-07-10,SG,IN,ZZ,9814.71,1524.0,761.0,,12.89712221,12.89712221
2025-07-10,YK,DE,ZZ,147.45,8.0,2.66,,55.43233083,55.43233083
2025-07-10,HW,DE,ZZ,228.01,9.0,4.0,,57.0025,57.0025
2025-07-10,LYD,DE,ZZ,157.49,8.0,0.0,,,
2025-07-10,ZJ,DE,ZZ,273.8,11.0,3.0,,91.26666667,91.26666667
2025-07-11,HY,IN,ZZ,21338.59,3134.0,1298.0,,16.43959168,16.43959168
2025-07-11,ZJ,IN,ZZ,8173.74,1044.0,560.0,,14.59596429,14.59596429
2025-07-11,YK,DE,ZZ,152.03,10.0,3.0,,50.67666667,50.67666667
2025-07-11,SG,IN,ZZ,10164.59,1345.0,674.0,,15.08099407,15.08099407
2025-07-11,YJ,DE,ZZ,1152.48,29.0,9.0,,128.0533333,128.0533333
2025-07-11,MY,IN,ZZ,8460.07,1264.0,548.0,,15.43808394,15.43808394
2025-07-12,SG,IN,ZZ,4357.79,847.0,384.0,,11.34841146,11.34841146
2025-07-12,HY,IN,ZZ,4147.61,801.0,430.0,,9.645604651,9.645604651
2025-07-12,YJ,DE,ZZ,1124.99,43.0,16.33,,68.89099816,68.89099816
2025-07-12,YK,DE,ZZ,593.63,34.0,10.33,,57.46660213,57.46660213
2025-07-13,HY,IN,ZZ,12900.56,2209.0,920.0,,14.02234783,14.02234783
2025-07-13,MY,IN,ZZ,9679.16,1641.0,723.0,,13.38749654,13.38749654
2025-07-13,SG,IN,ZZ,8119.18,1245.0,550.0,,14.76214545,14.76214545
2025-07-13,HW,DE,ZZ,411.56,12.0,1.0,,411.56,411.56
2025-07-13,YK,DE,ZZ,1185.3,83.0,30.0,,39.51,39.51
2025-07-13,YJ,DE,ZZ,506.01,13.0,1.0,,506.01,506.01
2025-07-13,ZJ,IN,ZZ,6166.86,1011.0,548.0,,11.25339416,11.25339416
2025-07-14,HY,IN,ZZ,6120.94,1018.0,461.0,,13.27752711,13.27752711
2025-07-14,SG,IN,ZZ,3094.0,649.0,320.0,,9.66875,9.66875
2025-07-14,ZJ,IN,ZZ,4036.51,578.0,302.0,,13.36592715,13.36592715
2025-07-14,MY,IN,ZZ,5963.49,1022.0,473.0,,12.60780127,12.60780127
2025-07-14,LYD,DE,ZZ,224.85,6.0,0.0,,,
2025-07-14,HW,DE,ZZ,1081.3,68.0,21.0,,51.49047619,51.49047619
2025-07-14,YJ,DE,ZZ,570.93,23.0,8.0,,71.36625,71.36625
2025-07-14,YK,DE,ZZ,1976.28,73.0,37.0,,53.41297297,53.41297297
2025-07-15,MY,IN,ZZ,52.9,30.0,14.0,,3.778571429,3.778571429
2025-07-15,HY,IN,ZZ,672.31,191.0,49.0,,13.72061224,13.72061224
2025-07-15,ZJ,IN,ZZ,54.52,15.0,10.0,,5.452,5.452
2025-07-15,YJ,DE,ZZ,987.14,35.0,12.0,,82.26166667,82.26166667
2025-07-15,LYD,DE,ZZ,97.97,2.0,0.0,,,
2025-07-15,YK,DE,ZZ,3059.08,104.0,55.0,,55.61963636,55.61963636
2025-07-15,HW,DE,ZZ,1660.04,120.0,40.0,,41.501,41.501
2025-07-16,HY,IN,ZZ,2872.43,593.0,133.0,,21.59721805,21.59721805
2025-07-16,HW,IN,ZZ,499.11,70.0,22.0,,22.68681818,22.68681818
2025-07-16,YK,DE,ZZ,1671.66,63.0,26.0,,64.29461538,64.29461538
2025-07-16,HW,DE,ZZ,1387.35,70.0,28.0,,49.54821429,49.54821429
2025-07-16,YJ,DE,ZZ,991.92,50.0,19.0,,52.20631579,52.20631579
2025-07-16,SG,DE,ZZ,42.15,2.0,0.0,,,
2025-07-17,MY,IN,ZZ,1000.0,150.0,48.0,,20.83333333,20.83333333
2025-07-17,HW,IN,ZZ,4796.56,940.0,382.0,,12.55643979,12.55643979
2025-07-17,HY,IN,ZZ,6548.29,736.0,335.0,,19.54713433,19.54713433
2025-07-17,YJ,DE,ZZ,1453.65,60.0,29.0,,50.12586207,50.12586207
2025-07-17,YK,DE,ZZ,628.21,14.0,6.0,,104.7016667,104.7016667
2025-07-17,HW,DE,ZZ,1695.77,58.0,25.0,,67.8308,67.8308
2025-07-18,HW,IN,ZZ,5059.07,800.0,362.0,,13.97533149,13.97533149
2025-07-18,SG,IN,ZZ,3365.68,801.0,350.0,,9.616228571,9.616228571
2025-07-18,HY,IN,ZZ,1152.68,417.0,77.0,,14.96987013,14.96987013
2025-07-18,LYD,DE,ZZ,374.94,6.0,0.0,,,
2025-07-18,YJ,DE,ZZ,635.65,26.0,11.0,,57.78636364,57.78636364
2025-07-18,HW,DE,ZZ,866.8,26.0,7.0,,123.8285714,123.8285714
2025-07-18,YK,DE,ZZ,142.08,5.0,1.0,,142.08,142.08
2025-07-19,MY,IN,ZZ,51.13,8.0,3.0,,17.04333333,17.04333333
2025-07-19,ZJ,IN,ZZ,3715.73,734.0,239.0,,15.54698745,15.54698745
2025-07-18,SG,DE,ZZ,136.83,10.0,6.0,,22.805,22.805
2025-07-19,SG,IN,ZZ,9644.44,1526.0,705.0,,13.68005674,13.68005674
2025-07-19,HY,IN,ZZ,835.91,145.0,47.0,,17.78531915,17.78531915
2025-07-19,HW,IN,ZZ,1332.57,209.0,93.0,,14.32870968,14.32870968
2025-07-20,SG,DE,ZZ,146.15,3.0,2.0,,73.075,73.075
2025-07-20,SG,IN,ZZ,16555.59,2675.0,1176.0,,14.07788265,14.07788265
2025-07-20,ZJ,IN,ZZ,8479.9,1432.0,551.0,,15.39001815,15.39001815
2025-07-20,YJ,DE,ZZ,412.84,4.0,1.0,,412.84,412.84
2025-07-20,HW,DE,ZZ,437.07,17.0,5.0,,87.414,87.414
2025-07-21,HY,IN,ZZ,851.18,145.0,54.0,,15.76259259,15.76259259
2025-07-21,SG,IN,ZZ,2740.16,364.0,149.0,,18.39033557,18.39033557
2025-07-21,ZJ,IN,ZZ,3617.61,563.0,217.0,,16.67101382,16.67101382
2025-07-21,HW,DE,ZZ,1279.03,67.0,23.0,,55.61,55.61
2025-07-21,YJ,DE,ZZ,2292.29,65.0,29.5,,77.70474576,77.70474576
2025-07-21,MY,DE,ZZ,25.77,2.0,0.0,,,
2025-07-21,SG,DE,ZZ,194.16,8.0,2.5,,77.664,77.664
2025-07-22,HY,IN,ZZ,5192.08,1126.0,272.0,,19.08852941,19.08852941
2025-07-22,SG,IN,ZZ,10067.61,1976.0,566.0,,17.78729682,17.78729682
2025-07-22,SG,DE,ZZ,124.47,3.0,0.0,,,
2025-07-22,YJ,DE,ZZ,376.73,23.0,10.0,,37.673,37.673
2025-07-22,YK,DE,ZZ,109.14,3.0,0.0,,,
2025-07-23,HY,IN,ZZ,6001.22,1190.0,347.0,,17.29458213,17.29458213
2025-07-23,SG,IN,ZZ,8933.93,1345.0,621.0,,14.38636071,14.38636071
2025-07-23,MY,IN,ZZ,3502.5,881.0,310.0,,11.2983871,11.2983871
2025-07-23,ZJ,IN,ZZ,6049.27,1013.0,422.0,,14.33476303,14.33476303
2025-07-24,HY,IN,ZZ,5089.13,1149.0,372.0,,13.68045699,13.68045699
2025-07-24,MY,IN,ZZ,5308.36,908.0,411.0,,12.91571776,12.91571776
2025-07-24,SG,IN,ZZ,3375.11,524.0,208.0,,16.22649038,16.22649038
2025-07-24,HW,IN,ZZ,127.83,23.0,9.0,,14.20333333,14.20333333
2025-07-24,YK,DE,ZZ,384.6,12.0,5.0,,76.92,76.92
2025-07-24,HW,DE,ZZ,668.83,14.0,4.0,,167.2075,167.2075
2025-07-24,YJ,DE,ZZ,741.14,42.0,20.0,,37.057,37.057
2025-07-24,ZJ,IN,ZZ,3962.66,687.0,237.0,,16.72008439,16.72008439
2025-07-25,YJ,DE,ZZ,524.79,22.0,9.0,,58.31,58.31
2025-07-25,YK,DE,ZZ,148.67,4.0,1.0,,148.67,148.67
2025-07-25,HY,IN,ZZ,19625.71,3157.0,1107.0,,17.72873532,17.72873532
2025-07-25,MY,IN,ZZ,9150.7,1428.0,551.0,,16.60744102,16.60744102
2025-07-25,HW,DE,ZZ,186.54,15.0,4.0,,46.635,46.635
2025-07-26,SG,IN,ZZ,1477.71,304.0,143.0,,10.33363636,10.33363636
2025-07-26,HY,IN,ZZ,1963.5,368.0,101.0,,19.44059406,19.44059406
2025-07-26,MY,IN,ZZ,12765.87,2003.0,751.0,,16.99849534,16.99849534
2025-07-26,ZJ,IN,ZZ,3938.92,609.0,210.0,,18.7567619,18.7567619
2025-07-27,HY,IN,ZZ,6528.57,1428.0,364.0,,17.93563187,17.93563187
2025-07-27,SG,IN,ZZ,1758.31,293.0,136.0,,12.92875,12.92875
2025-07-27,HW,IN,ZZ,990.28,192.0,80.0,,12.3785,12.3785
2025-07-27,MY,IN,ZZ,8149.07,1117.0,458.0,,17.79272926,17.79272926
2025-07-27,ZJ,IN,ZZ,4035.98,510.0,182.0,,22.17571429,22.17571429
2025-07-28,SG,IN,ZZ,1601.07,287.0,109.0,,14.6887156,14.6887156
2025-07-28,HW,意大利,ZZ,90.29,11.0,1.0,,90.29,90.29
2025-07-28,YK,意大利,ZZ,539.56,39.0,28.0,,19.27,19.27
2025-07-28,YK,DE,ZZ,3.3,0.0,0.0,,,
2025-07-29,HW,IN,ZZ,1005.3,220.0,147.0,,6.83877551,6.83877551
2025-07-28,YJ,意大利,ZZ,1423.31,89.0,27.0,,52.71518519,52.71518519
2025-07-29,HY,IN,ZZ,10702.2,2037.0,681.0,,15.7154185,15.7154185
2025-07-29,MY,IN,ZZ,3723.97,758.0,332.0,,11.21677711,11.21677711
2025-07-29,ZJ,IN,ZZ,4322.91,869.0,434.0,,9.96062212,9.96062212
2025-07-29,SG,IN,ZZ,3173.14,435.0,177.0,,17.92734463,17.92734463
2025-07-29,YK,意大利,ZZ,1700.71,131.0,24.5,,69.41673469,69.41673469
2025-07-29,HW,意大利,ZZ,286.48,42.0,15.0,,19.09866667,19.09866667
2025-07-29,YJ,意大利,ZZ,877.42,69.0,18.0,,48.74555556,48.74555556
2025-07-29,YJ,DE,ZZ,336.55,25.0,14.0,,24.03928571,24.03928571
2025-07-30,HY,IN,ZZ,11079.45,1901.0,650.0,,17.04530769,17.04530769
2025-07-29,HW,DE,ZZ,1245.99,90.0,26.0,,47.92269231,47.92269231
2025-07-30,ZJ,IN,ZZ,5851.64,1136.0,470.0,,12.45029787,12.45029787
2025-07-30,MY,IN,ZZ,6014.72,1077.0,394.0,,15.2657868,15.2657868
2025-07-30,SG,IN,ZZ,2550.9,487.0,133.0,,19.17969925,19.17969925
2025-07-30,HW,意大利,ZZ,1479.4,145.0,39.5,,37.45316456,37.45316456
2025-07-30,YJ,意大利,ZZ,873.23,62.0,19.5,,44.78102564,44.78102564
2025-07-30,YK,意大利,ZZ,1068.83,65.0,12.5,,85.5064,85.5064
2025-07-30,SG,NG,ZZ,42.76,0.0,0.0,,,
2025-07-30,YJ,DE,ZZ,484.95,28.0,21.0,,23.09285714,23.09285714
2025-07-30,HW,DE,ZZ,1614.96,92.0,34.0,,47.49882353,47.49882353
2025-07-31,HW,IN,ZZ,371.35,50.0,25.0,,14.854,14.854
2025-07-31,MY,IN,ZZ,317.09,11.0,2.0,,158.545,158.545
2025-07-31,HY,IN,ZZ,4541.54,765.0,215.0,,21.12344186,21.12344186
2025-07-31,HW,意大利,ZZ,1699.42,128.0,37.0,,45.93027027,45.93027027
2025-07-31,YJ,意大利,ZZ,236.35,23.0,7.5,,31.51333333,31.51333333
2025-07-31,SG,IN,ZZ,8043.98,1435.0,453.0,,17.75713024,17.75713024
2025-07-31,YK,意大利,ZZ,1094.44,68.0,23.5,,46.57191489,46.57191489
2025-07-31,YK,DE,ZZ,917.91,37.0,14.0,,65.565,65.565
2025-07-31,ZJ,IN,ZZ,8093.13,1359.0,453.0,,17.86562914,17.86562914
2025-07-31,SG,NG,ZZ,44.53,0.0,0.0,,,
2025-07-31,YJ,DE,ZZ,146.04,12.0,8.0,,18.255,18.255
2025-07-31,HW,DE,ZZ,506.34,24.0,9.0,,56.26,56.26
2025-08-01,HY,IN,ZZ,5001.35,665.0,280.0,,17.86196429,17.86196429
2025-08-01,HW,意大利,ZZ,1344.54,74.0,25.0,,53.7816,53.7816
2025-08-01,SG,IN,ZZ,4597.26,749.0,318.0,,14.45679245,14.45679245
2025-08-01,YJ,意大利,ZZ,758.98,60.0,16.5,,45.99878788,45.99878788
2025-08-01,MY,IN,ZZ,89.0,5.0,1.0,,89.0,89.0
2025-08-02,YJ,意大利,ZZ,1291.64,75.0,20.5,,63.00682927,63.00682927
2025-08-02,YK,意大利,ZZ,202.48,10.0,1.0,,202.48,202.48
2025-08-02,HY,IN,ZZ,5677.51,875.0,342.0,,16.60090643,16.60090643
2025-08-02,SG,IN,ZZ,5872.28,1127.0,385.0,,15.25267532,15.25267532
2025-08-02,MY,IN,ZZ,212.87,6.0,0.0,,,
2025-08-02,HW,意大利,ZZ,1003.18,51.0,14.5,,69.18482759,69.18482759
2025-08-03,HW,意大利,ZZ,963.97,68.0,19.5,,49.43435897,49.43435897
2025-08-03,YK,意大利,ZZ,383.81,30.0,6.0,,63.96833333,63.96833333
2025-08-03,YJ,意大利,ZZ,767.06,40.0,8.5,,90.24235294,90.24235294
2025-08-03,SG,IN,ZZ,9497.11,1808.0,585.0,,16.23437607,16.23437607
2025-08-03,YK,DE,ZZ,123.56,5.0,1.0,,123.56,123.56
2025-08-03,HW,DE,ZZ,222.61,4.0,0.0,,,
2025-08-03,YJ,DE,ZZ,313.6,3.0,0.0,,,
2025-08-04,YJ,DE,ZZ,96.18,3.0,1.0,,96.18,96.18
2025-08-04,HW,DE,ZZ,126.63,4.0,2.0,,63.315,63.315
2025-08-04,YK,DE,ZZ,318.62,8.0,1.0,,318.62,318.62
2025-08-04,HW,意大利,ZZ,1387.97,86.0,15.0,,92.53133333,92.53133333
2025-08-04,YK,意大利,ZZ,613.2,47.0,4.5,,136.2666667,136.2666667
2025-08-04,YJ,意大利,ZZ,434.39,40.0,3.0,,144.7966667,144.7966667
2025-08-04,SG,IN,ZZ,1816.79,327.0,89.0,,20.41337079,20.41337079
2025-08-05,HW,IN,ZZ,338.5,31.0,14.0,,24.17857143,24.17857143
2025-08-05,SG,IN,ZZ,1151.14,301.0,68.0,,16.92852941,16.92852941
2025-08-05,HY,IN,ZZ,1002.0,180.0,51.0,,19.64705882,19.64705882
2025-08-05,HW,意大利,ZZ,845.44,37.0,5.0,,169.088,169.088
2025-08-06,SG,IN,ZZ,582.88,87.0,16.0,,36.43,36.43
2025-08-06,HW,意大利,ZZ,205.99,18.0,5.0,,41.198,41.198
2025-08-06,MY,IN,ZZ,4.85,5.0,2.0,,2.425,2.425
2025-08-07,SG,IN,ZZ,1425.37,231.0,43.0,,33.14813953,33.14813953
2025-08-07,HW,意大利,ZZ,435.28,29.0,7.0,,62.18285714,62.18285714
2025-08-07,ZJ,IN,ZZ,287.49,73.0,14.0,,20.535,20.535
2025-08-08,MY,IN,ZZ,1.31,0.0,0.0,,,
2025-08-08,YK,DE,ZZ,539.48,24.0,15.0,,35.96533333,35.96533333
2025-08-08,HW,意大利,ZZ,354.76,24.0,1.0,,354.76,354.76
2025-08-08,YJ,DE,ZZ,9.9,2.0,2.0,,4.95,4.95
2025-08-08,SG,IN,ZZ,260.02,52.0,21.0,,12.38190476,12.38190476
2025-08-09,SG,IN,ZZ,2411.4,574.0,193.0,,12.49430052,12.49430052
2025-08-09,HW,意大利,ZZ,370.93,24.0,3.0,,123.6433333,123.6433333
2025-08-10,SG,IN,ZZ,2486.38,593.0,172.0,,14.45569767,14.45569767
2025-08-10,HW,意大利,ZZ,208.73,20.0,5.0,,41.746,41.746
2025-08-10,YJ,DE,ZZ,52.82,0.0,1.0,,52.82,52.82
2025-08-11,HW,意大利,ZZ,308.61,16.0,4.0,,77.1525,77.1525
2025-08-11,SG,IN,ZZ,1417.76,264.0,68.0,,20.84941176,20.84941176
2025-08-11,YJ,意大利,ZZ,107.04,2.0,1.0,,107.04,107.04
2025-08-11,YJ,DE,ZZ,471.81,0.0,0.0,,,
2025-08-12,HW,意大利,ZZ,375.85,25.0,6.0,,62.64166667,62.64166667
2025-08-11,YK,DE,ZZ,629.74,20.0,3.0,,209.9133333,209.9133333
2025-08-12,YJ,意大利,ZZ,359.07,11.0,0.0,,,
2025-08-13,HW,意大利,ZZ,538.78,45.0,5.0,,107.756,107.756
2025-08-13,YJ,意大利,ZZ,462.8,30.0,3.0,,154.2666667,154.2666667
2025-08-14,HW,意大利,ZZ,400.92,32.0,0.0,,,
2025-08-14,MY,IN,ZZ,1694.27,291.0,62.0,,27.32693548,27.32693548
2025-08-14,ZJ,IN,ZZ,67.08,30.0,7.0,,9.582857143,9.582857143
2025-08-14,YK,DE,ZZ,109.04,5.0,2.0,,54.52,54.52
2025-08-14,YJ,意大利,ZZ,647.22,41.0,9.0,,71.91333333,71.91333333
2025-08-15,MY,IN,ZZ,1005.46,188.0,33.0,,30.46848485,30.46848485
2025-08-15,HW,意大利,ZZ,694.88,41.0,6.0,,115.8133333,115.8133333
2025-08-15,YK,DE,ZZ,250.63,10.0,5.0,,50.126,50.126
2025-08-16,HW,意大利,ZZ,395.11,27.0,4.0,,98.7775,98.7775
2025-08-17,HW,意大利,ZZ,396.77,43.0,9.0,,44.08555556,44.08555556
2025-08-17,YJ,意大利,ZZ,194.09,6.0,1.0,,194.09,194.09
2025-08-18,SG,IN,ZZ,167.64,43.0,18.0,,9.313333333,9.313333333
2025-08-18,HW,意大利,ZZ,498.58,43.0,6.0,,83.09666667,83.09666667
2025-08-18,YJ,意大利,ZZ,539.9,38.0,6.0,,89.98333333,89.98333333
2025-08-18,YK,DE,ZZ,1068.81,54.0,12.0,,89.0675,89.0675
2025-08-19,SG,IN,ZZ,1785.41,394.0,90.0,,19.83788889,19.83788889
2025-08-19,HW,意大利,ZZ,316.8,24.0,3.5,,90.51428571,90.51428571
2025-08-19,YK,DE,ZZ,806.42,46.0,4.0,,201.605,201.605
2025-08-19,YJ,意大利,ZZ,428.94,33.0,3.5,,122.5542857,122.5542857
2025-08-20,MY,IN,ZZ,2523.64,391.0,149.0,,16.93718121,16.93718121
2025-08-20,SG,IN,ZZ,683.07,138.0,37.0,,18.46135135,18.46135135
2025-08-20,MY,意大利,ZZ,99.64,2.0,1.0,,99.64,99.64
2025-08-20,HW,意大利,ZZ,480.34,36.0,7.0,,68.62,68.62
2025-08-20,YJ,意大利,ZZ,676.35,55.0,6.5,,104.0538462,104.0538462
2025-08-21,MY,IN,ZZ,2044.98,345.0,126.0,,16.23,16.23
2025-08-21,HW,意大利,ZZ,490.59,24.0,2.0,,245.295,245.295
2025-08-21,YJ,DE,ZZ,73.4,5.0,0.0,,,
2025-08-21,SG,IN,ZZ,1295.61,273.0,60.0,,21.5935,21.5935
2025-08-21,YK,DE,ZZ,2111.24,84.0,12.0,,175.9366667,175.9366667
2025-08-21,YJ,意大利,ZZ,570.02,46.0,6.5,,87.69538462,87.69538462
2025-08-22,MY,IN,ZZ,1395.12,202.0,82.0,,17.01365854,17.01365854
2025-08-22,SG,IN,ZZ,763.5,162.0,42.0,,18.17857143,18.17857143
2025-08-22,HW,意大利,ZZ,106.69,9.0,0.0,,,
2025-08-22,YJ,意大利,ZZ,273.86,23.0,3.0,,91.28666667,91.28666667
2025-08-23,SG,IN,ZZ,931.87,193.0,25.0,,37.2748,37.2748
2025-08-23,MY,IN,ZZ,3951.86,686.0,264.0,,14.96916667,14.96916667
2025-08-23,HW,意大利,ZZ,378.8,21.0,2.0,,189.4,189.4
2025-08-23,YJ,意大利,ZZ,275.55,19.0,2.0,,137.775,137.775
2025-08-24,MY,IN,ZZ,3462.51,505.0,188.0,,18.41760638,18.41760638
2025-08-24,SG,IN,ZZ,382.91,87.0,8.0,,47.86375,47.86375
2025-08-24,YK,DE,ZZ,310.06,0.0,0.0,,,
2025-08-25,SG,MY,ZZ,54.91,2.0,0.0,,,
2025-08-25,SG,IN,ZZ,8.95,4.0,3.0,,2.983333333,2.983333333
2025-08-25,MY,IN,ZZ,2942.54,478.0,189.0,,15.56899471,15.56899471
2025-08-25,HW,意大利,ZZ,65.95,9.0,0.0,,,
2025-08-25,YJ,意大利,ZZ,55.96,6.0,0.0,,,
2025-08-25,YK,DE,ZZ,284.15,10.0,2.0,,142.075,142.075
2025-08-26,MY,IN,ZZ,2430.77,437.0,169.0,,14.38325444,14.38325444
2025-08-26,HY,IN,ZZ,275.83,57.0,38.0,,7.258684211,7.258684211
2025-08-26,HW,意大利,ZZ,94.49,9.0,1.0,,94.49,94.49
2025-08-26,SG,IN,ZZ,205.67,53.0,19.0,,10.82473684,10.82473684
2025-08-27,HW,意大利,ZZ,361.82,0.0,0.0,,,
2025-08-27,YJ,意大利,ZZ,159.74,6.0,0.0,,,
2025-08-28,HY,IN,ZZ,73.57,4.0,2.0,,36.785,36.785
2025-08-28,MY,IN,ZZ,745.25,95.0,24.0,,31.05208333,31.05208333
2025-08-28,SG,IN,ZZ,232.23,25.0,7.0,,33.17571429,33.17571429
2025-08-28,YJ,意大利,ZZ,63.24,5.0,0.5,,126.48,126.48
2025-08-28,HW,意大利,ZZ,40.61,31.0,3.0,,13.53666667,13.53666667
2025-08-28,YK,DE,ZZ,57.3,2.0,0.0,,,
2025-08-29,SG,IN,ZZ,204.69,40.0,13.0,,15.74538462,15.74538462
2025-08-29,MY,IN,ZZ,1390.78,220.0,68.0,,20.45264706,20.45264706
2025-08-29,YK,西班牙,ZZ,37.02,3.0,2.0,,18.51,18.51
2025-08-29,YK,DE,ZZ,125.92,3.0,0.0,,,
2025-08-29,HW,意大利,ZZ,263.53,0.0,0.0,,,
2025-08-30,HY,IN,ZZ,296.53,33.0,13.0,,22.81,22.81
2025-08-03,HY,IN,ZZ,0.0,0.0,66.0,,0.0,0.0
2025-08-30,YJ,意大利,ZZ,212.55,2.0,0.0,,,
2025-08-30,HW,意大利,ZZ,411.05,48.0,3.0,,137.0166667,137.0166667
2025-08-30,MY,IN,ZZ,2251.24,292.0,138.0,,16.31333333,16.31333333
2025-08-31,HW,意大利,ZZ,87.15,24.0,1.0,,87.15,87.15
2025-08-31,YK,DE,ZZ,419.52,2.0,0.0,,,
2025-08-31,YJ,意大利,ZZ,105.21,0.0,0.0,,,
2025-08-30,SG,IN,ZZ,358.46,57.0,12.0,,29.87166667,29.87166667
2025-08-31,ZJ,IN,ZZ,924.02,58.0,34.0,,27.17705882,27.17705882
2025-08-31,MY,IN,ZZ,1185.36,152.0,29.0,,40.87448276,40.87448276
2025-09-01,YK,西班牙,ZZ,566.67,34.0,11.0,,51.51545455,51.51545455
2025-09-01,MY,IN,ZZ,578.78,74.0,12.0,,48.23166667,48.23166667
2025-09-01,HY,IN,ZZ,259.14,35.0,30.0,,8.638,8.638
2025-09-01,YJ,意大利,ZZ,36.68,3.0,1.0,,36.68,36.68
2025-09-01,ZJ,IN,ZZ,608.05,104.0,37.0,,16.43378378,16.43378378
2025-09-01,HW,IN,ZZ,64.66,61.0,51.0,,1.267843137,1.267843137
2025-09-02,YK,西班牙,ZZ,1387.92,52.0,25.0,,55.5168,55.5168
2025-09-02,YK,DE,ZZ,194.7,0.0,0.0,,,
2025-09-02,ZJ,IN,ZZ,340.48,58.0,16.0,,21.28,21.28
2025-09-02,HY,IN,ZZ,212.68,33.0,9.0,,23.63111111,23.63111111
2025-09-02,MY,IN,ZZ,2895.93,429.0,122.0,,23.73713115,23.73713115
2025-09-02,YJ,西班牙,ZZ,40.98,0.0,0.0,,,
2025-09-03,MY,IN,ZZ,3007.29,437.0,134.0,,22.44246269,22.44246269
2025-09-03,YK,西班牙,ZZ,1414.33,57.0,19.0,,74.43842105,74.43842105
2025-09-03,ZJ,IN,ZZ,120.63,27.0,7.0,,17.23285714,17.23285714
2025-09-03,HY,IN,ZZ,650.62,86.0,19.0,,34.24315789,34.24315789
2025-09-03,YJ,DE,ZZ,181.56,2.0,0.0,,,
2025-09-04,YK,DE,ZZ,186.85,3.0,0.0,,,
2025-09-04,YK,西班牙,ZZ,1049.75,52.0,20.0,,52.4875,52.4875
2025-09-04,HW,IN,ZZ,353.92,51.0,21.0,,16.85333333,16.85333333
2025-09-04,HY,IN,ZZ,376.73,64.0,25.0,,15.0692,15.0692
2025-09-04,MY,IN,ZZ,1151.7,166.0,45.0,,25.59333333,25.59333333
2025-09-04,YJ,DE,ZZ,36.31,1.0,0.0,,,
2025-09-04,YJ,西班牙,ZZ,109.51,2.0,0.0,,,
2025-09-05,MY,IN,ZZ,155.05,20.0,3.0,,51.68333333,51.68333333
2025-09-05,SG,IN,ZZ,29.75,9.0,2.0,,14.875,14.875
2025-09-05,HW,IN,ZZ,950.1,120.0,55.0,,17.27454545,17.27454545
2025-09-05,YJ,DE,ZZ,212.91,7.0,2.0,,106.455,106.455
2025-09-05,YK,西班牙,ZZ,703.38,26.0,13.0,,54.10615385,54.10615385
2025-09-06,YJ,DE,ZZ,102.5,3.0,1.0,,102.5,102.5
2025-09-07,YJ,DE,ZZ,87.41,1.0,0.0,,,
2025-09-08,HW,IN,ZZ,402.5,81.0,36.0,,11.18055556,11.18055556
2025-09-08,MY,IN,ZZ,1440.83,209.0,73.0,,19.73739726,19.73739726
2025-09-08,HY,IN,ZZ,390.85,52.0,33.0,,11.84393939,11.84393939
2025-09-08,YK,意大利,ZZ,123.36,0.0,0.0,,,
2025-09-08,YJ,意大利,ZZ,430.78,11.0,0.0,,,
2025-09-08,ZJ,IN,ZZ,153.63,8.0,3.0,,51.21,51.21
2025-09-09,HW,IN,ZZ,1912.36,370.0,108.0,,17.70703704,17.70703704
2025-09-09,YK,SG,ZZ,203.78,1.0,0.0,,,
2025-09-09,YJ,IN,ZZ,222.95,16.0,4.0,,55.7375,55.7375
2025-09-09,HY,IN,ZZ,1453.51,165.0,49.0,,29.66346939,29.66346939
2025-09-09,MY,IN,ZZ,1644.37,299.0,71.0,,23.16014085,23.16014085
2025-09-09,ZJ,IN,ZZ,120.94,18.0,5.0,,24.188,24.188
2025-09-09,YK,意大利,ZZ,2233.21,68.0,0.0,,,
2025-09-10,HY,IN,ZZ,3184.06,561.0,132.0,,24.12166667,24.12166667
2025-09-10,XH,IN,ZZ,60.4,7.0,0.0,,,
2025-09-10,YK,SG,ZZ,140.5,1.0,0.0,,,
2025-09-10,MY,IN,ZZ,1785.12,362.0,48.0,,37.19,37.19
2025-09-10,ZJ,IN,ZZ,1131.39,139.0,19.0,,59.54684211,59.54684211
2025-09-10,HW,IN,ZZ,1602.51,600.0,41.0,,39.08560976,39.08560976
2025-09-10,YJ,IN,ZZ,248.77,22.0,5.0,,49.754,49.754
2025-09-10,YK,意大利,ZZ,590.52,32.0,23.0,,25.67478261,25.67478261
2025-09-11,HY,IN,ZZ,4498.7,827.0,161.0,,27.94223602,27.94223602
2025-09-11,YK,意大利,ZZ,719.89,27.0,0.0,,,
2025-09-11,MY,IN,ZZ,3669.68,557.0,92.0,,39.88782609,39.88782609
2025-09-11,ZJ,IN,ZZ,1573.69,213.0,31.0,,50.76419355,50.76419355
2025-09-11,XH,IN,ZZ,10.23,2.0,0.0,,,
2025-09-11,YJ,IN,ZZ,191.06,13.0,2.0,,95.53,95.53
2025-09-11,HW,IN,ZZ,535.64,100.0,15.0,,35.70933333,35.70933333
2025-09-12,FD,IN,UNKNOWN,272.27,77.0,17.0,,16.01588235,16.01588235
2025-09-12,HY,IN,ZZ,4338.34,846.0,198.0,,21.91080808,21.91080808
2025-09-12,YK,意大利,ZZ,88.86,7.0,14.5,,6.128275862,6.128275862
2025-09-12,XH,IN,ZZ,87.71,9.0,0.0,,,
2025-09-12,YJ,IN,ZZ,232.76,33.0,7.0,,33.25142857,33.25142857
2025-09-12,JK,IN,UNKNOWN,278.6,24.0,1.0,,278.6,278.6
2025-09-12,MY,IN,ZZ,867.67,166.0,51.0,,17.01313725,17.01313725
2025-09-12,HW,IN,ZZ,464.71,95.0,17.0,,27.33588235,27.33588235
2025-09-13,FD,IN,UNKNOWN,1354.92,321.0,76.0,,17.82789474,17.82789474
2025-09-13,YJ,IN,ZZ,423.91,76.0,18.0,,23.55055556,23.55055556
2025-09-13,HW,IN,ZZ,3321.21,650.0,170.0,,19.53652941,19.53652941
2025-09-13,JK,IN,UNKNOWN,275.68,20.0,4.0,,68.92,68.92
2025-09-13,LM,IN,UNKNOWN,103.65,8.0,0.0,,,
2025-09-13,XH,IN,ZZ,249.03,41.0,7.0,,35.57571429,35.57571429
2025-09-14,FD,IN,UNKNOWN,1298.22,327.0,79.0,,16.43316456,16.43316456
2025-09-14,HY,IN,ZZ,2197.68,328.0,129.0,,17.03627907,17.03627907
2025-09-14,XH,IN,ZZ,492.05,93.0,20.0,,24.6025,24.6025
2025-09-14,LD,IN,UNKNOWN,59.46,3.0,0.0,,,
2025-09-14,YJ,IN,ZZ,265.42,35.0,7.0,,37.91714286,37.91714286
2025-09-14,LM,IN,UNKNOWN,5.02,2.0,0.0,,,
2025-09-14,HW,IN,ZZ,5513.95,1575.0,264.0,,20.88617424,20.88617424
2025-09-14,YK,意大利,ZZ,2832.31,87.0,13.5,,209.8007407,209.8007407
2025-09-15,HY,IN,ZZ,2921.39,479.0,136.0,,21.48080882,21.48080882
2025-09-15,LD,IN,UNKNOWN,66.66,7.0,0.0,,,
2025-09-15,MY,IN,ZZ,1272.42,142.0,29.0,,43.87655172,43.87655172
2025-09-15,JK,IN,UNKNOWN,320.99,42.0,14.0,,22.92785714,22.92785714
2025-09-15,YK,意大利,ZZ,214.54,8.0,0.0,,,
2025-09-15,HW,IN,ZZ,2118.93,1400.0,131.0,,16.17503817,16.17503817
2025-09-15,XH,IN,ZZ,717.39,101.0,21.0,,34.16142857,34.16142857
2025-09-15,FD,IN,UNKNOWN,1755.57,273.0,56.0,,31.34946429,31.34946429
2025-09-15,LM,IN,UNKNOWN,200.4,13.0,0.0,,,
2025-09-15,YJ,IN,ZZ,205.95,41.0,8.0,,25.74375,25.74375
2025-09-12,SG,IN,ZZ,187.57,27.0,7.0,,26.79571429,26.79571429
2025-09-16,SG,IN,ZZ,111.18,14.0,3.0,,37.06,37.06
2025-09-16,LD,IN,UNKNOWN,100.05,17.0,1.0,,100.05,100.05
2025-09-16,JK,IN,UNKNOWN,431.75,61.0,12.0,,35.97916667,35.97916667
2025-09-16,YK,MY,ZZ,240.0,10.0,4.0,,60.0,60.0
2025-09-16,FD,IN,UNKNOWN,773.99,158.0,12.0,,64.49916667,64.49916667
2025-09-16,XH,IN,ZZ,670.6,85.0,8.0,,83.825,83.825
2025-09-16,MY,IN,ZZ,3984.53,536.0,93.0,,42.8444086,42.8444086
2025-09-16,SZ1-XW,MY,UNKNOWN,197.21,3.0,1.0,,197.21,197.21
2025-09-16,LM,IN,UNKNOWN,146.54,27.0,1.0,,146.54,146.54
2025-09-16,HY,IN,ZZ,2924.78,651.0,113.0,,25.88300885,25.88300885
2025-09-16,YJ,IN,ZZ,0.0,0.0,0.0,,,
2025-09-16,SZ2-V8,IN,UNKNOWN,24.94,2.0,0.0,,,
2025-09-16,HW,IN,ZZ,6963.52,1654.0,381.0,,18.27695538,18.27695538
2025-09-17,LM,IN,UNKNOWN,314.45,7.0,3.0,,104.8166667,104.8166667
2025-09-17,LD,IN,UNKNOWN,189.7,26.0,1.0,,189.7,189.7
2025-09-17,FD,IN,UNKNOWN,615.8,140.0,34.0,,18.11176471,18.11176471
2025-09-17,YJ,IN,ZZ,140.74,24.0,3.0,,46.91333333,46.91333333
2025-09-17,YK,MY,ZZ,442.92,20.0,9.0,,49.21333333,49.21333333
2025-09-17,HY,IN,ZZ,3378.95,682.0,181.0,,18.66823204,18.66823204
2025-09-17,XH,IN,ZZ,438.53,66.0,21.0,,20.88238095,20.88238095
2025-09-17,MY,IN,ZZ,3814.12,539.0,108.0,,35.31592593,35.31592593
2025-09-17,JK,IN,UNKNOWN,795.63,118.0,34.0,,23.40088235,23.40088235
2025-09-17,FKZ,NG,UNKNOWN,112.91,54.0,54.0,,2.090925926,2.090925926
2025-09-17,SZ1-XW,MY,UNKNOWN,268.71,13.0,4.0,,67.1775,67.1775
2025-09-17,HW,IN,ZZ,5604.15,1431.0,231.0,,24.26038961,24.26038961
2025-09-18,HY,IN,ZZ,2865.17,660.0,147.0,,19.49095238,19.49095238
2025-09-18,LD,IN,UNKNOWN,332.36,45.0,3.0,,110.7866667,110.7866667
2025-09-18,MY,IN,ZZ,2711.82,443.0,78.0,,34.76692308,34.76692308
2025-09-18,YK,MY,ZZ,807.03,32.0,10.0,,80.703,80.703
2025-09-18,JK,IN,UNKNOWN,1622.78,187.0,98.0,,16.55897959,16.55897959
2025-09-18,FD,IN,UNKNOWN,1670.61,269.0,48.0,,34.804375,34.804375
2025-09-18,YJ,IN,ZZ,961.25,166.0,30.0,,32.04166667,32.04166667
2025-09-18,LM,IN,UNKNOWN,258.08,9.0,3.0,,86.02666667,86.02666667
2025-09-18,XH,IN,ZZ,917.37,117.0,32.0,,28.6678125,28.6678125
2025-09-18,FKZ,NG,UNKNOWN,39.62,2.0,2.0,,19.81,19.81
2025-09-18,HW,IN,ZZ,6601.04,1650.0,394.0,,16.75390863,16.75390863
2025-09-18,SG,IN,ZZ,164.64,19.0,4.0,,41.16,41.16
2025-09-19,SZ2-TG,IN,UNKNOWN,112.96,51.0,4.0,,28.24,28.24
2025-09-19,SZ2-V8,IN,UNKNOWN,438.89,67.0,14.0,,31.34928571,31.34928571
2025-09-19,HY,IN,ZZ,5385.23,966.0,170.0,,31.67782353,31.67782353
2025-09-19,JK,IN,UNKNOWN,250.52,17.0,9.0,,27.83555556,27.83555556
2025-09-19,MY,IN,ZZ,1504.28,262.0,36.0,,41.78555556,41.78555556
2025-09-19,LD,IN,UNKNOWN,178.42,27.0,6.0,,29.73666667,29.73666667
2025-09-19,FD,IN,UNKNOWN,1304.57,251.0,51.0,,25.57980392,25.57980392
2025-09-19,XH,IN,ZZ,1156.9,140.0,34.0,,34.02647059,34.02647059
2025-09-19,HW,IN,ZZ,5898.09,1357.0,224.0,,26.33075893,26.33075893
2025-09-19,YJ,IN,ZZ,1661.65,286.0,55.0,,30.21181818,30.21181818
2025-09-19,LM,IN,UNKNOWN,152.82,2.0,1.0,,152.82,152.82
2025-09-20,XH,IN,ZZ,566.8,80.0,19.0,,29.83157895,29.83157895
2025-09-20,MY,IN,ZZ,6977.53,1538.0,216.0,,32.30337963,32.30337963
2025-09-20,FD,IN,UNKNOWN,114.61,43.0,8.0,,14.32625,14.32625
2025-09-20,HW,IN,ZZ,1671.75,621.0,93.0,,17.97580645,17.97580645
2025-09-20,SZ2-V8,IN,UNKNOWN,416.4,44.0,6.0,,69.4,69.4
2025-09-21,MY,IN,ZZ,563.72,106.0,13.0,,43.36307692,43.36307692
2025-09-21,JK,IN,UNKNOWN,120.46,21.0,14.0,,8.604285714,8.604285714
2025-09-22,SZ1-SR,MY,UNKNOWN,30.52,2.0,0.0,,,
2025-09-22,MY,IN,ZZ,3336.18,673.0,123.0,,27.12341463,27.12341463
2025-09-22,JK,IN,UNKNOWN,40.91,10.0,0.0,,,
2025-09-22,HW,IN,ZZ,368.74,61.0,20.0,,18.437,18.437
2025-09-23,MY,IN,ZZ,4976.13,1002.0,216.0,,23.03763889,23.03763889
2025-09-23,FD,IN,UNKNOWN,10.4,3.0,1.0,,10.4,10.4
2025-09-23,LD,IN,UNKNOWN,13.95,2.0,0.0,,,
2025-09-23,YK,MY,ZZ,133.99,5.0,3.0,,44.66333333,44.66333333
2025-09-23,JK,IN,UNKNOWN,262.06,65.0,7.0,,37.43714286,37.43714286
2025-09-23,HW,IN,ZZ,334.06,93.0,33.0,,10.1230303,10.1230303
2025-09-24,SZ1-XC,MY,UNKNOWN,197.32,5.0,0.0,,,
2025-09-24,MY,IN,ZZ,2149.86,468.0,110.0,,19.54418182,19.54418182
2025-09-24,LM,MY,UNKNOWN,15.16,0.0,0.0,,,
2025-09-24,JK,MY,UNKNOWN,41.02,1.0,0.0,,,
2025-09-24,FKZ,MY,UNKNOWN,3.52,1.0,0.0,,,
2025-09-24,SZ1-DC,IN,UNKNOWN,60.43,0.0,0.0,,,
2025-09-24,YJ,MY,ZZ,53.02,4.0,0.0,,,
2025-09-25,YK,MY,ZZ,401.96,52.0,9.0,,44.66222222,44.66222222
2025-09-25,SZ1-XC,MY,UNKNOWN,142.33,9.0,1.0,,142.33,142.33
2025-09-25,LM,MY,UNKNOWN,35.0,0.0,0.0,,,
2025-09-25,LD,MY,UNKNOWN,33.94,3.0,0.0,,,
2025-09-25,XH,MY,ZZ,122.96,4.0,0.0,,,
2025-09-25,JK,MY,UNKNOWN,36.82,1.0,0.0,,,
2025-09-25,SZ1-XW,MY,UNKNOWN,78.71,4.0,0.0,,,
2025-09-25,SZ1-DC,IN,UNKNOWN,67.34,13.0,5.0,,13.468,13.468
2025-09-25,FD,MY,UNKNOWN,35.29,3.0,0.0,,,
2025-09-26,MY,IN,ZZ,2974.12,695.0,144.0,,20.65361111,20.65361111
2025-09-26,XH,MY,ZZ,369.62,7.0,1.0,,369.62,369.62
2025-09-26,LD,MY,UNKNOWN,14.5,4.0,2.0,,7.25,7.25
2025-09-26,LD,IN,UNKNOWN,425.56,111.0,23.0,,18.5026087,18.5026087
2025-09-26,YK,MY,ZZ,40.32,3.0,0.0,,,
2025-09-26,LM,IN,UNKNOWN,187.11,24.0,11.0,,17.01,17.01
2025-09-26,JK,IN,UNKNOWN,503.19,140.0,31.0,,16.23193548,16.23193548
2025-09-26,YJ,IN,ZZ,136.9,35.0,10.0,,13.69,13.69
2025-09-26,YJ,MY,ZZ,27.25,2.0,0.0,,,
2025-09-26,HW,IN,ZZ,372.55,101.0,25.0,,14.902,14.902
2025-09-26,SZ1-XC,MY,UNKNOWN,386.93,21.0,4.0,,96.7325,96.7325
2025-09-28,MY,IN,ZZ,6376.03,1357.0,339.0,,18.80834808,18.80834808
2025-09-28,HW,IN,ZZ,1765.56,400.0,115.0,,15.35269565,15.35269565
2025-09-29,SZ2-TG,MY,UNKNOWN,10.85,1.0,0.0,,,
2025-09-29,LD,IN,UNKNOWN,22.59,3.0,1.0,,22.59,22.59
2025-09-29,MY,IN,ZZ,5163.11,966.0,249.0,,20.73538153,20.73538153
2025-09-29,HY,IN,ZZ,52.21,12.0,3.0,,17.40333333,17.40333333
2025-09-29,XH,MY,ZZ,42.6,0.0,0.0,,,
2025-09-29,HY,MY,ZZ,20.23,2.0,0.0,,,
2025-09-29,FD,IN,UNKNOWN,162.4,19.0,5.0,,32.48,32.48
2025-09-29,JK,IN,UNKNOWN,2131.73,429.0,130.0,,16.39792308,16.39792308
2025-09-29,LM,IN,UNKNOWN,67.14,0.0,0.0,,,
2025-09-29,YK,MY,ZZ,137.16,13.0,5.0,,27.432,27.432
2025-09-29,YJ,IN,ZZ,620.8,150.0,32.0,,19.4,19.4
2025-09-29,SZ1-XC,MY,UNKNOWN,341.62,49.0,14.0,,24.40142857,24.40142857
2025-09-29,FKZ,MY,UNKNOWN,10.0,0.0,0.0,,,
2025-09-29,HW,IN,ZZ,3814.88,770.0,235.0,,16.23353191,16.23353191
2025-09-30,YK,MY,ZZ,194.47,14.0,3.0,,64.82333333,64.82333333
2025-09-30,SZ1-XC,MY,UNKNOWN,326.37,33.0,9.0,,36.26333333,36.26333333
2025-09-30,SZ1-XW,MY,UNKNOWN,72.33,3.0,0.0,,,
2025-09-30,YJ,IN,ZZ,2510.46,525.0,108.0,,23.245,23.245
2025-09-30,LM,IN,UNKNOWN,47.62,0.0,0.0,,,
2025-09-30,LD,IN,UNKNOWN,85.77,22.0,4.0,,21.4425,21.4425
2025-09-30,FD,IN,UNKNOWN,1183.78,249.0,39.0,,30.35333333,30.35333333
2025-09-30,HY,IN,ZZ,2891.98,600.0,384.0,,7.531197917,7.531197917
2025-09-30,MY,IN,ZZ,6360.22,1548.0,204.0,,31.17754902,31.17754902
2025-09-30,FKZ,MY,UNKNOWN,26.95,1.0,0.0,,,
2025-09-30,JK,IN,UNKNOWN,2654.47,489.0,107.0,,24.80813084,24.80813084
2025-10-01,HY,IN,ZZ,2509.39,487.0,130.0,,19.303,19.303
2025-10-01,HW,IN,ZZ,2296.29,483.0,98.0,,23.43153061,23.43153061
2025-10-01,YJ,IN,ZZ,342.83,220.0,34.0,,10.08323529,10.08323529
2025-10-01,XH,IN,ZZ,36.18,2.0,1.0,,36.18,36.18
2025-10-01,JK,IN,UNKNOWN,984.12,210.0,45.0,,21.86933333,21.86933333
2025-10-01,FD,IN,UNKNOWN,122.56,31.0,5.0,,24.512,24.512
2025-10-02,XH,IN,ZZ,81.18,9.0,4.0,,20.295,20.295
2025-10-02,LM,IN,UNKNOWN,9.14,0.0,0.0,,,
2025-10-02,FD,IN,UNKNOWN,1069.83,315.0,77.0,,13.8938961,13.8938961
2025-10-02,HW,IN,ZZ,1797.01,430.0,70.0,,25.67157143,25.67157143
2025-10-02,JK,IN,UNKNOWN,1314.59,322.0,122.0,,10.77532787,10.77532787
2025-10-02,HY,IN,ZZ,2376.32,474.0,97.0,,24.49814433,24.49814433
2025-10-03,HY,IN,ZZ,1231.41,300.0,60.0,,20.5235,20.5235
2025-10-03,JK,IN,UNKNOWN,409.29,85.0,18.0,,22.73833333,22.73833333
2025-10-03,FD,IN,UNKNOWN,159.42,42.0,5.0,,31.884,31.884
2025-10-03,LM,IN,UNKNOWN,26.82,4.0,1.0,,26.82,26.82
2025-10-03,XH,IN,ZZ,15.3,0.0,0.0,,,
2025-10-03,YJ,IN,ZZ,1594.82,302.0,53.0,,30.0909434,30.0909434
2025-09-30,HY,IN,ZZ,1331.76,0.0,0.0,,,
2025-10-03,HW,IN,ZZ,326.23,66.0,13.0,,25.09461538,25.09461538
2025-10-04,HY,IN,ZZ,4077.76,1024.0,248.0,,16.44258065,16.44258065
2025-10-04,YJ,IN,ZZ,66.67,12.0,4.0,,16.6675,16.6675
2025-10-04,JK,IN,UNKNOWN,753.25,168.0,47.0,,16.02659574,16.02659574
2025-10-04,LD,IN,UNKNOWN,109.58,41.0,14.0,,7.827142857,7.827142857
2025-10-04,FD,IN,UNKNOWN,108.25,37.0,6.0,,18.04166667,18.04166667
2025-10-04,HW,IN,ZZ,706.99,871.0,30.0,,23.56633333,23.56633333
2025-10-04,LM,IN,UNKNOWN,136.38,6.0,3.0,,45.46,45.46
2025-10-05,HY,IN,ZZ,5614.08,1344.0,319.0,,17.59899687,17.59899687
2025-10-05,JK,IN,UNKNOWN,1716.1,372.0,108.0,,15.88981481,15.88981481
2025-10-05,YJ,IN,ZZ,2367.53,680.0,189.0,,12.52661376,12.52661376
2025-10-05,LD,IN,UNKNOWN,88.48,20.0,2.0,,44.24,44.24
2025-10-05,FD,IN,UNKNOWN,376.85,165.0,29.0,,12.99482759,12.99482759
2025-10-05,LM,IN,UNKNOWN,114.51,18.0,9.0,,12.72333333,12.72333333
2025-10-06,SZ1-DC,IN,UNKNOWN,40.54,0.0,0.0,,,
2025-10-06,HY,IN,ZZ,5239.5,1243.0,239.0,,21.92259414,21.92259414
2025-10-06,SZ1-XC,MY,UNKNOWN,416.03,28.0,4.0,,104.0075,104.0075
2025-10-06,YJ,IN,ZZ,2881.9,695.0,185.0,,15.57783784,15.57783784
2025-10-06,JK,IN,UNKNOWN,1829.61,401.0,126.0,,14.52071429,14.52071429
2025-10-06,LM,IN,UNKNOWN,73.73,7.0,3.0,,24.57666667,24.57666667
2025-10-06,FD,IN,UNKNOWN,745.77,234.0,48.0,,15.536875,15.536875
2025-10-06,HW,IN,ZZ,1306.47,220.0,50.0,,26.1294,26.1294
2025-10-06,YK,MY,ZZ,47.67,3.0,1.0,,47.67,47.67
2025-10-07,HY,IN,ZZ,6083.94,1405.0,292.0,,20.83541096,20.83541096
2025-10-07,LM,IN,UNKNOWN,274.74,63.0,23.0,,11.94521739,11.94521739
2025-10-07,JK,IN,UNKNOWN,612.05,165.0,40.0,,15.30125,15.30125
2025-10-07,LD,IN,UNKNOWN,34.29,18.0,2.0,,17.145,17.145
2025-10-07,HW,IN,ZZ,1655.5,360.0,62.0,,26.7016129,26.7016129
2025-10-07,YK,MY,ZZ,106.22,5.0,1.0,,106.22,106.22
2025-10-08,HY,IN,ZZ,5179.2,1125.0,205.0,,25.26439024,25.26439024
2025-10-08,LM,IN,UNKNOWN,272.89,44.0,10.0,,27.289,27.289
2025-10-08,LD,IN,UNKNOWN,38.22,29.0,3.0,,12.74,12.74
2025-10-08,JK,IN,UNKNOWN,348.75,81.0,15.0,,23.25,23.25
2025-10-08,FD,IN,UNKNOWN,535.19,141.0,11.0,,48.65363636,48.65363636
2025-10-08,HW,IN,ZZ,1633.98,340.0,57.0,,28.66631579,28.66631579
2025-10-08,SZ1-XC,MY,UNKNOWN,278.88,13.0,3.0,,92.96,92.96
2025-10-09,YK,MY,ZZ,70.83,3.0,0.0,,,
2025-10-09,SZ1-XC,MY,UNKNOWN,91.29,3.0,2.0,,45.645,45.645
2025-10-09,SZ1-ZQ,MY,UNKNOWN,157.66,5.0,1.0,,157.66,157.66
2025-10-09,YJ,IN,ZZ,1622.97,410.0,108.0,,15.0275,15.0275
2025-10-09,XH,IN,ZZ,59.47,7.0,3.0,,19.82333333,19.82333333
2025-10-09,LM,IN,UNKNOWN,275.38,60.0,24.0,,11.47416667,11.47416667
2025-10-09,HY,IN,ZZ,4614.29,976.0,223.0,,20.69188341,20.69188341
2025-10-09,LD,IN,UNKNOWN,490.87,160.0,33.0,,14.87484848,14.87484848
2025-10-09,JK,IN,UNKNOWN,793.46,171.0,40.0,,19.8365,19.8365
2025-10-09,MY,IN,ZZ,1603.7,460.0,82.0,,19.55731707,19.55731707
2025-10-09,FD,IN,UNKNOWN,557.78,67.0,13.0,,42.90615385,42.90615385
2025-10-09,HW,IN,ZZ,1422.54,300.0,50.0,,28.4508,28.4508
2025-10-10,SZ1-ZQ,MY,UNKNOWN,339.01,7.0,3.0,,113.0033333,113.0033333
2025-10-10,SZ2-TG,MY,UNKNOWN,10.81,1.0,0.0,,,
2025-10-10,SZ2-TG,IN,UNKNOWN,25.67,4.0,3.0,,8.556666667,8.556666667
2025-10-10,HY,IN,ZZ,3081.75,595.0,122.0,,25.2602459,25.2602459
2025-10-10,YJ,IN,ZZ,2665.7,465.0,102.0,,26.13431373,26.13431373
2025-10-10,YK,MY,ZZ,153.16,6.0,1.0,,153.16,153.16
2025-10-10,LD,IN,UNKNOWN,777.54,201.0,36.0,,21.59833333,21.59833333
2025-10-10,FD,IN,UNKNOWN,136.25,26.0,6.0,,22.70833333,22.70833333
2025-10-10,LM,IN,UNKNOWN,225.3,19.0,9.0,,25.03333333,25.03333333
2025-10-10,JK,IN,UNKNOWN,540.06,101.0,20.0,,27.003,27.003
2025-10-10,XH,IN,ZZ,272.46,39.0,11.0,,24.76909091,24.76909091
2025-10-10,FKZ,MY,UNKNOWN,14.18,0.0,0.0,,,
2025-10-10,SZ1-HJ,MY,UNKNOWN,10.36,0.0,0.0,,,
2025-10-10,SZ1-XC,MY,UNKNOWN,277.51,13.0,4.0,,69.3775,69.3775
2025-10-10,MY,IN,ZZ,2061.96,627.0,116.0,,17.77551724,17.77551724
2025-10-10,HW,IN,ZZ,988.05,215.0,40.0,,24.70125,24.70125
2025-10-11,YK,MY,ZZ,90.59,4.0,0.0,,,
2025-10-11,SZ1-HJ,MY,UNKNOWN,69.37,7.0,1.0,,69.37,69.37
2025-10-11,SZ1-ZQ,MY,UNKNOWN,231.97,10.0,3.0,,77.32333333,77.32333333
2025-10-11,SZ1-XC,MY,UNKNOWN,189.14,10.0,2.0,,94.57,94.57
2025-10-11,XH,IN,ZZ,272.75,25.0,6.0,,45.45833333,45.45833333
2025-10-11,YJ,IN,ZZ,2653.74,632.0,149.0,,17.81033557,17.81033557
2025-10-11,LM,IN,UNKNOWN,1724.32,346.0,113.0,,15.25946903,15.25946903
2025-10-11,FKZ,MY,UNKNOWN,6.43,1.0,0.0,,,
2025-10-11,LD,IN,UNKNOWN,100.92,21.0,3.0,,33.64,33.64
2025-10-11,HW,IN,ZZ,1432.82,300.0,52.0,,27.55423077,27.55423077
2025-10-11,FD,IN,UNKNOWN,84.84,7.0,1.0,,84.84,84.84
2025-10-11,JK,IN,UNKNOWN,495.98,121.0,11.0,,45.08909091,45.08909091
2025-10-11,HY,IN,ZZ,2523.79,615.0,110.0,,22.94354545,22.94354545
2025-10-12,SZ1-ZQ,MY,UNKNOWN,114.03,2.0,1.0,,114.03,114.03
2025-10-12,SZ1-XC,MY,UNKNOWN,507.27,54.0,14.0,,36.23357143,36.23357143
2025-10-12,SZ1-HJ,MY,UNKNOWN,67.32,6.0,2.0,,33.66,33.66
2025-10-12,YK,MY,ZZ,168.79,13.0,4.0,,42.1975,42.1975
2025-10-12,MY,IN,ZZ,4405.66,1361.0,209.0,,21.07971292,21.07971292
2025-10-12,LM,IN,UNKNOWN,1787.15,282.0,125.0,,14.2972,14.2972
2025-10-12,LD,IN,UNKNOWN,114.57,37.0,4.0,,28.6425,28.6425
2025-10-12,JK,IN,UNKNOWN,768.83,165.0,21.0,,36.61095238,36.61095238
2025-10-12,XH,IN,ZZ,439.36,60.0,21.0,,20.92190476,20.92190476
2025-10-12,FD,IN,UNKNOWN,124.79,17.0,1.0,,124.79,124.79
2025-10-12,YJ,IN,ZZ,3750.45,890.0,164.0,,22.86859756,22.86859756
2025-10-12,HW,IN,ZZ,1537.26,450.0,58.0,,26.50448276,26.50448276
2025-10-13,HY,IN,ZZ,3034.85,639.0,79.0,FB,38.41582278,38.41582278
2025-10-13,MY,IN,ZZ,1678.87,639.0,79.0,FB,21.25151899,21.25151899
2025-10-13,LD,IN,UNKNOWN,318.05,52.0,6.0,FB,53.00833333,53.00833333
2025-10-13,SZ1-HJ,MY,UNKNOWN,104.69,5.0,0.0,FB,,
2025-10-13,SZ2-V8,IN,UNKNOWN,690.23,40.0,8.0,FB,86.27875,86.27875
2025-10-13,YK,MY,ZZ,632.65,107.0,15.0,FB,42.17666667,42.17666667
2025-10-13,JK,IN,UNKNOWN,481.52,124.0,15.0,FB,32.10133333,32.10133333
2025-10-13,XH,IN,ZZ,698.6,78.0,27.0,FB,25.87407407,25.87407407
2025-10-13,YJ,IN,ZZ,673.57,106.0,17.0,FB,39.62176471,39.62176471
2025-10-13,FKZ,MY,UNKNOWN,14.78,3.0,0.0,FB,,
2025-10-13,LM,IN,UNKNOWN,606.29,63.0,34.0,FB,17.83205882,17.83205882
2025-10-13,SZ1-XC,MY,UNKNOWN,682.92,66.0,4.0,FB,170.73,170.73
2025-10-13,FD,IN,UNKNOWN,134.45,31.0,1.0,FB,134.45,134.45
2025-10-13,HW,IN,ZZ,954.44,240.0,41.0,FB,23.27902439,23.27902439
2025-10-13,SZ1-ZQ,MY,UNKNOWN,357.52,8.0,3.0,FB,119.1733333,119.1733333
2025-10-13,SZ1-ZQ,MY,UNKNOWN,321.46,8.0,2.0,谷歌,160.73,160.73
2025-10-14,SZ1-ZQ,MY,UNKNOWN,231.73,0.0,0.0,FB,,
2025-10-14,XH,IN,ZZ,533.23,53.0,11.0,FB,48.47545455,48.47545455
2025-10-14,FKZ,MY,UNKNOWN,88.81,7.0,0.0,FB,,
2025-10-14,SZ1-HJ,MY,UNKNOWN,210.86,21.0,5.0,FB,42.172,42.172
2025-10-14,LM,IN,UNKNOWN,298.9,37.0,13.0,FB,22.99230769,22.99230769
2025-10-14,JK,IN,UNKNOWN,438.48,129.0,20.0,FB,21.924,21.924
2025-10-14,LD,IN,UNKNOWN,392.92,110.0,14.0,FB,28.06571429,28.06571429
2025-10-14,FD,IN,UNKNOWN,283.49,61.0,13.0,FB,21.80692308,21.80692308
2025-10-14,YJ,IN,ZZ,287.68,42.0,12.0,FB,23.97333333,23.97333333
2025-10-14,YK,MY,ZZ,549.55,62.0,5.0,FB,109.91,109.91
2025-10-14,HY,IN,ZZ,643.47,160.0,31.0,FB,20.75709677,20.75709677
2025-10-14,SZ1-XC,MY,UNKNOWN,326.48,26.0,3.0,FB,108.8266667,108.8266667
2025-10-14,MM,IN,UNKNOWN,26.26,6.0,2.0,FB,13.13,13.13
2025-10-14,MY,IN,ZZ,1455.69,496.0,97.0,FB,15.0071134,15.0071134
2025-10-14,HW,IN,ZZ,1148.61,346.0,107.0,FB,10.7346729,10.7346729
2025-10-15,HW,IN,ZZ,3202.72,750.0,246.0,FB,13.01918699,13.01918699
2025-10-15,XH,IN,ZZ,20.45,5.0,0.0,FB,,
2025-10-15,LD,IN,UNKNOWN,34.69,13.0,3.0,FB,11.56333333,11.56333333
2025-10-15,LM,IN,UNKNOWN,46.65,4.0,1.0,FB,46.65,46.65
2025-10-15,MM,IN,UNKNOWN,160.43,29.0,7.0,FB,22.91857143,22.91857143
2025-10-15,HY,IN,ZZ,3328.61,713.0,171.0,FB,19.46555556,19.46555556
2025-10-15,MY,IN,ZZ,1508.67,383.0,92.0,FB,16.39858696,16.39858696
2025-10-15,JK,IN,UNKNOWN,414.23,93.0,11.0,FB,37.65727273,37.65727273
2025-10-15,FD,IN,UNKNOWN,52.74,12.0,3.0,FB,17.58,17.58
2025-10-16,SZ1-DC,MY,UNKNOWN,470.95,7.0,1.0,谷歌,470.95,470.95
2025-10-16,SZ1-ZQ,MY,UNKNOWN,32.05,2.0,0.0,FB,,
2025-10-16,YK,BE,ZZ,272.25,2.0,0.0,FB,,
2025-10-16,YK,MY,ZZ,88.42,10.0,2.0,FB,44.21,44.21
2025-10-16,SZ1-XC,MY,UNKNOWN,80.34,10.0,3.0,FB,26.78,26.78
2025-10-16,SZ1-XC,MY,UNKNOWN,70.8,3.0,0.0,谷歌,,
2025-10-16,HY,IN,ZZ,2974.22,717.0,192.0,FB,15.49072917,15.49072917
2025-10-16,MY,IN,ZZ,1937.16,513.0,138.0,FB,14.0373913,14.0373913
2025-10-16,SZ1-HJ,MY,UNKNOWN,185.22,25.0,3.0,FB,61.74,61.74
2025-10-16,LM,IN,UNKNOWN,193.49,55.0,21.0,FB,9.213809524,9.213809524
2025-10-16,FKZ,MY,UNKNOWN,123.78,7.0,1.0,FB,123.78,123.78
2025-10-16,LD,IN,UNKNOWN,399.76,128.0,28.0,FB,14.27714286,14.27714286
2025-10-16,XH,IN,ZZ,183.17,25.0,4.0,FB,45.7925,45.7925
2025-10-16,FD,IN,UNKNOWN,187.76,42.0,8.0,FB,23.47,23.47
2025-10-16,MM,IN,UNKNOWN,295.97,45.0,9.0,FB,32.88555556,32.88555556
2025-10-16,JK,IN,UNKNOWN,1693.83,619.0,226.0,FB,7.494823009,7.494823009
2025-10-16,YJ,IN,ZZ,561.3,195.0,54.0,FB,10.39444444,10.39444444
2025-10-16,HW,IN,ZZ,3670.94,870.0,140.0,FB,26.221,26.221
2025-10-17,SZ1-HJ,MY,UNKNOWN,212.27,19.0,6.0,FB,35.37833333,35.37833333
2025-10-17,SZ1-XC,MY,UNKNOWN,366.26,350.0,6.0,谷歌,61.04333333,61.04333333
2025-10-17,FD,IN,UNKNOWN,462.18,130.0,36.0,FB,12.83833333,12.83833333
2025-10-17,YK,BE,ZZ,313.16,2.0,0.0,FB,,
2025-10-17,YK,MY,ZZ,25.9,5.0,2.0,FB,12.95,12.95
2025-10-17,LM,IN,UNKNOWN,1547.42,400.0,198.0,FB,7.815252525,7.815252525
2025-10-17,YJ,IN,ZZ,2268.86,700.0,100.0,FB,22.6886,22.6886
2025-10-17,LD,IN,UNKNOWN,533.11,184.0,49.0,FB,10.87979592,10.87979592
2025-10-17,XH,IN,ZZ,563.27,95.0,27.0,FB,20.86185185,20.86185185
2025-10-17,SZ1-ZQ,MY,UNKNOWN,89.85,1.0,0.0,谷歌,,
2025-10-17,JK,IN,UNKNOWN,5434.47,1250.0,482.0,FB,11.27483402,11.27483402
2025-10-17,SZ1-ZQ,MY,UNKNOWN,58.16,3.0,0.0,FB,,
2025-10-17,MY,IN,ZZ,2062.81,478.0,140.0,FB,14.73435714,14.73435714
2025-10-17,HY,IN,ZZ,4451.61,909.0,267.0,FB,16.67269663,16.67269663
2025-10-17,HW,IN,ZZ,1707.26,500.0,94.0,FB,18.16234043,18.16234043
2025-10-17,SZ1-HJ,BE,UNKNOWN,56.96,2.0,0.0,FB,,
2025-10-17,FKZ,MY,UNKNOWN,13.07,0.0,0.0,FB,,
2025-10-17,SZ1-XL,BE,UNKNOWN,59.17,0.0,0.0,FB,,
2025-10-17,MM,IN,UNKNOWN,155.16,12.0,0.0,FB,,
2025-10-18,SZ1-XC,MY,UNKNOWN,1.91,2.0,0.0,谷歌,,
2025-10-18,HY,IN,ZZ,5808.23,1030.0,282.0,FB,20.59656028,20.59656028
2025-10-18,MY,IN,ZZ,2360.41,614.0,168.0,FB,14.05005952,14.05005952
2025-10-18,LM,IN,UNKNOWN,2525.38,681.0,303.0,FB,8.334587459,8.334587459
2025-10-18,XH,IN,ZZ,210.81,20.0,5.0,FB,42.162,42.162
2025-10-18,HW,IN,ZZ,1997.78,460.0,109.0,FB,18.32825688,18.32825688
2025-10-18,JK,IN,UNKNOWN,8467.07,2008.0,484.0,FB,17.49394628,17.49394628
2025-10-18,LD,IN,UNKNOWN,395.28,160.0,36.0,FB,10.98,10.98
2025-10-18,FD,IN,UNKNOWN,646.79,162.0,40.0,FB,16.16975,16.16975
2025-10-18,YJ,IN,ZZ,1113.32,260.0,88.0,FB,12.65136364,12.65136364
2025-10-19,SZ1-XC,MY,UNKNOWN,67.42,12.0,2.0,FB,33.71,33.71
2025-10-19,SZ1-XC,MY,UNKNOWN,2.0,1.0,0.0,谷歌,,
2025-10-19,YJ,IN,ZZ,190.21,36.0,11.0,FB,17.29181818,17.29181818
2025-10-19,LM,IN,UNKNOWN,3264.47,642.0,329.0,FB,9.922401216,9.922401216
2025-10-19,MM,IN,UNKNOWN,0.0,24.0,7.0,FB,0.0,0.0
2025-10-19,XH,IN,ZZ,161.52,36.0,16.0,FB,10.095,10.095
2025-10-19,HW,IN,ZZ,2544.01,504.0,130.0,FB,19.56930769,19.56930769
2025-10-19,FD,IN,UNKNOWN,227.72,64.0,18.0,FB,12.65111111,12.65111111
2025-10-19,SZ1-XL,BE,UNKNOWN,11.92,1.0,0.0,FB,,
2025-10-19,LD,IN,UNKNOWN,162.7,43.0,7.0,FB,23.24285714,23.24285714
2025-10-19,JK,IN,UNKNOWN,2516.52,598.0,128.0,FB,19.6603125,19.6603125
2025-10-19,HY,IN,ZZ,3375.09,703.0,188.0,FB,17.95260638,17.95260638
2025-10-19,SZ1-HJ,MY,UNKNOWN,209.19,18.0,2.0,FB,104.595,104.595
2025-10-19,SZ1-ZQ,MY,UNKNOWN,102.59,7.0,3.0,FB,34.19666667,34.19666667
2025-10-19,MY,IN,ZZ,3534.85,833.0,222.0,FB,15.92274775,15.92274775
2025-10-20,SZ1-HJ,MY,UNKNOWN,217.17,16.0,1.0,FB,217.17,217.17
2025-10-20,SZ1-XC,MY,UNKNOWN,204.51,17.0,0.0,FB,,
2025-10-20,SZ1-XC,MY,UNKNOWN,1.92,1.0,0.0,谷歌,,
2025-10-20,SZ1-ZQ,MY,UNKNOWN,159.64,9.0,2.0,FB,79.82,79.82
2025-10-20,YK,MY,ZZ,88.5,4.0,0.0,FB,,
2025-10-20,YJ,IN,ZZ,55.76,11.0,3.0,FB,18.58666667,18.58666667
2025-10-20,XH,IN,ZZ,360.19,80.0,20.0,FB,18.0095,18.0095
2025-10-20,LM,IN,UNKNOWN,856.94,152.0,69.0,FB,12.41942029,12.41942029
2025-10-20,YK,IN,ZZ,62.88,10.0,3.0,FB,20.96,20.96
2025-10-20,LD,IN,UNKNOWN,2348.43,479.0,143.0,FB,16.42258741,16.42258741
2025-10-20,FD,IN,UNKNOWN,405.98,150.0,42.0,FB,9.666190476,9.666190476
2025-10-20,HW,IN,ZZ,2740.25,520.0,128.0,FB,21.40820313,21.40820313
2025-10-20,JK,IN,UNKNOWN,2759.05,699.0,159.0,FB,17.35251572,17.35251572
2025-10-20,SZ1-ZQ,IN,UNKNOWN,13.11,0.0,0.0,谷歌,,
2025-10-20,SZ1-XL,MY,UNKNOWN,17.38,0.0,0.0,FB,,
2025-10-20,MM,IN,UNKNOWN,337.11,36.0,8.0,FB,42.13875,42.13875
2025-10-20,MY,IN,ZZ,2279.93,582.0,131.0,FB,17.4040458,17.4040458
2025-10-20,HY,IN,ZZ,2943.1,572.0,128.0,FB,22.99296875,22.99296875
2025-10-21,YK,MY,ZZ,136.53,7.0,1.0,FB,136.53,136.53
2025-10-21,SZ1-HJ,MY,UNKNOWN,177.67,5.0,1.0,FB,177.67,177.67
2025-10-21,SZ1-ZQ,IN,UNKNOWN,28.94,0.0,0.0,谷歌,,
2025-10-21,SZ1-ZQ,MY,UNKNOWN,72.77,3.0,1.0,FB,72.77,72.77
2025-10-21,SZ1-XL,IN,UNKNOWN,13.6,0.0,0.0,FB,,
2025-10-21,LM,IN,UNKNOWN,1738.85,262.0,90.0,FB,19.32055556,19.32055556
2025-10-21,FD,IN,UNKNOWN,4665.94,1112.0,352.0,FB,13.25551136,13.25551136
2025-10-21,YK,IN,ZZ,330.62,62.0,17.0,FB,19.44823529,19.44823529
2025-10-21,JK,IN,UNKNOWN,5690.66,1180.0,213.0,FB,26.71671362,26.71671362
2025-10-21,LD,IN,UNKNOWN,5553.21,1665.0,425.0,FB,13.06637647,13.06637647
2025-10-21,YJ,IN,ZZ,4135.53,842.0,250.0,FB,16.54212,16.54212
2025-10-21,XH,IN,ZZ,541.25,113.0,31.0,FB,17.45967742,17.45967742
2025-10-21,SZ1-LC,IN,UNKNOWN,43.77,9.0,1.0,FB,43.77,43.77
2025-10-21,HW,IN,ZZ,1169.39,400.0,41.0,FB,28.52170732,28.52170732
2025-10-21,SZ1-HJ,IN,UNKNOWN,399.63,61.0,7.0,FB,57.09,57.09
2025-10-21,SZ1-XC,MY,UNKNOWN,104.84,5.0,0.0,FB,,
2025-10-21,SZ1-XC,MY,UNKNOWN,23.93,4.0,0.0,谷歌,,
2025-10-21,SZ1-XC,IN,UNKNOWN,98.79,11.0,1.0,FB,98.79,98.79
2025-10-21,MY,IN,ZZ,3771.69,908.0,234.0,FB,16.11833333,16.11833333
2025-10-21,HY,IN,ZZ,1877.82,419.0,108.0,FB,17.38722222,17.38722222
2025-10-21,FKZ,IN,UNKNOWN,2.82,0.0,0.0,FB,,
2025-10-21,MM,IN,UNKNOWN,705.84,142.0,37.0,FB,19.07675676,19.07675676
2025-10-22,SZ1-ZQ,MY,UNKNOWN,8.46,1.0,0.0,FB,,
2025-10-22,SZ1-XL,MY,UNKNOWN,27.43,0.0,0.0,FB,,
2025-10-22,SZ1-XC,MY,UNKNOWN,1.8,10.0,0.0,谷歌,,
2025-10-22,SZ1-HJ,MY,UNKNOWN,48.97,1.0,1.0,FB,48.97,48.97
2025-10-22,YK,MY,ZZ,320.32,61.0,4.0,FB,80.08,80.08
2025-10-23,LM,IN,UNKNOWN,1086.61,76.0,45.0,FB,24.14688889,24.14688889
2025-10-23,YJ,IN,ZZ,128.34,34.0,12.0,FB,10.695,10.695
2025-10-23,LD,IN,UNKNOWN,749.44,274.0,74.0,FB,10.12756757,10.12756757
2025-10-23,XH,IN,ZZ,968.28,195.0,64.0,FB,15.129375,15.129375
2025-10-23,YK,IN,ZZ,873.73,183.0,50.0,FB,17.4746,17.4746
2025-10-23,SZ1-HJ,IN,UNKNOWN,38.85,3.0,0.0,FB,,
2025-10-23,MY,IN,ZZ,1505.66,285.0,61.0,FB,24.68295082,24.68295082
2025-10-23,HY,IN,ZZ,1957.74,354.0,76.0,FB,25.75973684,25.75973684
2025-10-23,FD,IN,UNKNOWN,637.18,154.0,47.0,FB,13.55702128,13.55702128
2025-10-23,FKZ,KR,UNKNOWN,4.01,0.0,0.0,FB,,
2025-10-23,JK,IN,UNKNOWN,883.6,160.0,24.0,FB,36.81666667,36.81666667
2025-10-23,MM,IN,UNKNOWN,399.61,67.0,15.0,FB,26.64066667,26.64066667
2025-10-23,SZ1-XC,IN,UNKNOWN,5.14,0.0,0.0,FB,,
2025-10-23,HW,IN,ZZ,711.16,81.0,15.0,FB,47.41066667,47.41066667
2025-10-23,SZ1-LC,IN,UNKNOWN,433.17,64.0,13.0,FB,33.32076923,33.32076923
2025-10-24,SZ1-LC,IN,UNKNOWN,192.11,32.0,7.0,FB,27.44428571,27.44428571
2025-10-24,SZ1-XC,IN,UNKNOWN,20.11,5.0,1.0,FB,20.11,20.11
2025-10-24,FKZ,KR,UNKNOWN,7.91,0.0,0.0,FB,,
2025-10-24,YJ,IN,ZZ,4233.5,1120.0,351.0,FB,12.06125356,12.06125356
2025-10-24,FD,IN,UNKNOWN,3450.9,851.0,288.0,FB,11.98229167,11.98229167
2025-10-24,JK,IN,UNKNOWN,2177.04,500.0,148.0,FB,14.70972973,14.70972973
2025-10-24,MY,IN,ZZ,2545.37,549.0,155.0,FB,16.42174194,16.42174194
2025-10-24,LM,IN,UNKNOWN,425.98,121.0,31.0,FB,13.74129032,13.74129032
2025-10-24,MM,IN,UNKNOWN,1017.91,180.0,51.0,FB,19.95901961,19.95901961
2025-10-24,HY,IN,ZZ,3323.71,613.0,174.0,FB,19.10178161,19.10178161
2025-10-24,LD,IN,UNKNOWN,594.57,184.0,60.0,FB,9.9095,9.9095
2025-10-24,SZ1-HJ,IN,UNKNOWN,108.11,10.0,1.0,FB,108.11,108.11
2025-10-24,YK,IN,ZZ,1675.93,391.0,109.0,FB,15.37550459,15.37550459
2025-10-24,YK,MY,ZZ,102.64,24.0,4.0,FB,25.66,25.66
2025-10-24,YK,DE,ZZ,21.17,4.0,2.0,FB,10.585,10.585
2025-10-24,YK,KR,ZZ,5.45,1.0,0.0,FB,,
2025-10-24,XH,IN,ZZ,4242.75,1239.0,386.0,FB,10.99158031,10.99158031
2025-10-24,SZ1-XL,IN,UNKNOWN,15.46,2.0,0.0,FB,,
2025-10-24,HW,IN,ZZ,349.63,30.0,0.0,FB,,
2025-10-25,YK,IN,ZZ,193.21,47.0,9.0,FB,21.46777778,21.46777778
2025-10-25,MY,IN,ZZ,1102.42,223.0,54.0,FB,20.41518519,20.41518519
2025-10-25,XH,IN,ZZ,638.8,115.0,32.0,FB,19.9625,19.9625
2025-10-25,LD,IN,UNKNOWN,515.52,100.0,16.0,FB,32.22,32.22
2025-10-25,FD,IN,UNKNOWN,1639.38,372.0,96.0,FB,17.076875,17.076875
2025-10-25,LM,IN,UNKNOWN,490.36,54.0,9.0,FB,54.48444444,54.48444444
2025-10-25,HY,IN,ZZ,331.71,75.0,18.0,FB,18.42833333,18.42833333
2025-10-25,JK,IN,UNKNOWN,898.18,156.0,30.0,FB,29.93933333,29.93933333
2025-10-25,YJ,IN,ZZ,1730.93,435.0,185.0,FB,9.356378378,9.356378378
2025-10-25,SZ1-LC,IN,UNKNOWN,78.46,24.0,1.0,FB,78.46,78.46
2025-10-25,MM,IN,UNKNOWN,786.92,235.0,57.0,FB,13.80561404,13.80561404
2025-10-25,SZ1-HJ,IN,UNKNOWN,85.66,5.0,1.0,FB,85.66,85.66
2025-10-25,SZ1-XC,IN,UNKNOWN,201.81,79.0,8.0,FB,25.22625,25.22625
2025-10-25,SZ1-ZQ,IN,UNKNOWN,43.93,7.0,1.0,FB,43.93,43.93
2025-10-25,HW,IN,ZZ,446.84,90.0,11.0,FB,40.62181818,40.62181818
2025-10-26,YK,DE,ZZ,88.09,5.0,2.0,FB,44.045,44.045
2025-10-26,YK,KR,ZZ,14.65,2.0,0.0,FB,,
2025-10-26,LD,DE,UNKNOWN,13.2,3.0,0.0,FB,,
2025-10-27,SZ1-HJ,MY,UNKNOWN,38.66,0.0,0.0,FB,,
2025-10-27,SZ1-XC,IN,UNKNOWN,480.07,165.0,12.0,FB,40.00583333,40.00583333
2025-10-27,SZ1-XC,MY,UNKNOWN,79.33,5.0,0.0,FB,,
2025-10-27,SZ1-XL,MY,UNKNOWN,13.06,0.0,0.0,FB,,
2025-10-27,SZ1-XL,IN,UNKNOWN,10.23,1.0,0.0,FB,,
2025-10-27,LD,DE,UNKNOWN,134.85,5.0,1.0,FB,134.85,134.85
2025-10-27,MY,IN,ZZ,2689.74,630.0,85.0,FB,31.644,31.644
2025-10-27,MM,IN,UNKNOWN,1487.39,366.0,49.0,FB,30.35489796,30.35489796
2025-10-27,SZ1-HJ,IN,UNKNOWN,79.2,11.0,1.0,FB,79.2,79.2
2025-10-27,XH,IN,ZZ,334.84,76.0,13.0,FB,25.75692308,25.75692308
2025-10-27,YK,IN,ZZ,353.02,87.0,13.0,FB,27.15538462,27.15538462
2025-10-27,LM,IN,UNKNOWN,1246.04,268.0,60.0,FB,20.76733333,20.76733333
2025-10-27,YK,MY,ZZ,106.22,12.0,2.0,FB,53.11,53.11
2025-10-27,YK,KR,ZZ,3.16,0.0,0.0,FB,,
2025-10-27,FD,IN,UNKNOWN,279.7,60.0,18.0,FB,15.53888889,15.53888889
2025-10-27,LD,IN,UNKNOWN,1680.91,325.0,76.0,FB,22.11723684,22.11723684
2025-10-27,YK,DE,ZZ,303.59,6.0,0.0,FB,,
2025-10-27,JK,IN,UNKNOWN,3564.03,622.0,121.0,FB,29.45479339,29.45479339
2025-10-27,JK,MY,UNKNOWN,3.16,0.0,0.0,FB,,
2025-10-27,YJ,IN,ZZ,2520.19,546.0,116.0,FB,21.72577586,21.72577586
2025-10-27,XH,DE,ZZ,171.54,2.0,0.0,FB,,
2025-10-27,HW,IN,ZZ,1341.73,230.0,48.0,FB,27.95270833,27.95270833
2025-10-27,SZ1-LC,IN,UNKNOWN,454.2,78.0,6.0,FB,75.7,75.7
2025-10-27,SZ1-ZQ,IN,UNKNOWN,71.56,15.0,1.0,FB,71.56,71.56
2025-10-27,SZ1-ZQ,MY,UNKNOWN,27.78,0.0,0.0,FB,,
2025-10-28,SZ1-HJ,MY,UNKNOWN,25.55,0.0,0.0,FB,,
2025-10-28,SZ1-LC,IN,UNKNOWN,329.53,11.0,1.0,FB,329.53,329.53
2025-10-28,LD,IN,UNKNOWN,1276.05,390.0,88.0,FB,14.50056818,14.50056818
2025-10-28,FD,IN,UNKNOWN,564.1,100.0,17.0,FB,33.18235294,33.18235294
2025-10-28,FKZ,KR,UNKNOWN,62.24,8.0,2.0,FB,31.12,31.12
2025-10-28,LD,DE,UNKNOWN,101.57,2.0,0.0,FB,,
2025-10-28,XH,IN,ZZ,914.73,172.0,42.0,FB,21.77928571,21.77928571
2025-10-28,YK,IN,ZZ,1015.65,235.0,44.0,FB,23.08295455,23.08295455
2025-10-28,SZ1-ZQ,IN,UNKNOWN,57.81,5.0,1.0,FB,57.81,57.81
2025-10-28,YK,KR,ZZ,9.23,1.0,1.0,FB,9.23,9.23
2025-10-28,MY,IN,ZZ,3107.13,736.0,86.0,FB,36.1294186,36.1294186
2025-10-28,YK,MY,ZZ,242.37,54.0,10.0,FB,24.237,24.237
2025-10-28,XH,DE,ZZ,78.06,1.0,0.0,FB,,
2025-10-28,YK,DE,ZZ,238.92,4.0,0.0,FB,,
2025-10-28,YJ,IN,ZZ,3305.33,596.0,138.0,FB,23.95166667,23.95166667
2025-10-28,SZ1-XC,MY,UNKNOWN,101.06,3.0,1.0,FB,101.06,101.06
2025-10-28,JK,IN,UNKNOWN,4889.65,805.0,151.0,FB,32.38178808,32.38178808
2025-10-28,SZ1-XC,IN,UNKNOWN,209.91,96.0,11.0,FB,19.08272727,19.08272727
2025-10-28,SZ1-HJ,IN,UNKNOWN,904.42,205.0,23.0,FB,39.3226087,39.3226087
2025-10-28,JK,MY,UNKNOWN,29.4,1.0,0.0,FB,,
2025-10-28,SZ1-XL,IN,UNKNOWN,14.23,0.0,0.0,FB,,
2025-10-28,LM,IN,UNKNOWN,1873.27,254.0,59.0,FB,31.75033898,31.75033898
2025-10-28,MM,IN,UNKNOWN,1430.95,338.0,40.0,FB,35.77375,35.77375
2025-10-29,SZ1-LC,IN,UNKNOWN,1233.38,161.0,17.0,FB,72.55176471,72.55176471
2025-10-29,SZ1-XL,MY,UNKNOWN,3.55,0.0,0.0,FB,,
2025-10-29,SZ1-XC,MY,UNKNOWN,44.49,1.0,0.0,FB,,
2025-10-29,SZ1-XC,IN,UNKNOWN,40.92,8.0,1.0,FB,40.92,40.92
2025-10-29,SZ1-ZQ,IN,UNKNOWN,136.67,24.0,3.0,FB,45.55666667,45.55666667
2025-10-29,SZ1-HJ,IN,UNKNOWN,1596.73,411.0,45.0,FB,35.48288889,35.48288889
2025-10-29,SZ1-XL,IN,UNKNOWN,27.99,4.0,0.0,FB,,
2025-10-29,LM,IN,UNKNOWN,871.59,166.0,22.0,FB,39.61772727,39.61772727
2025-10-29,YK,IN,ZZ,482.53,85.0,18.0,FB,26.80722222,26.80722222
2025-10-29,FKZ,KR,UNKNOWN,105.4,5.0,0.0,FB,,
2025-10-29,LD,IN,UNKNOWN,2765.42,572.0,85.0,FB,32.53435294,32.53435294
2025-10-29,JK,IN,UNKNOWN,3095.66,630.0,94.0,FB,32.93255319,32.93255319
2025-10-29,FD,IN,UNKNOWN,249.35,50.0,10.0,FB,24.935,24.935
2025-10-29,YK,MY,ZZ,203.74,32.0,8.0,FB,25.4675,25.4675
2025-10-29,SZ1-ZQ,MY,UNKNOWN,20.26,2.0,0.0,FB,,
2025-10-29,YJ,IN,ZZ,9470.17,1780.0,379.0,FB,24.98725594,24.98725594
2025-10-29,XH,IN,ZZ,842.94,158.0,35.0,FB,24.084,24.084
2025-10-29,JK,MY,UNKNOWN,37.23,4.0,0.0,FB,,
2025-10-29,HW,IN,ZZ,418.87,100.0,2.0,FB,209.435,209.435
2025-10-29,YK,KR,ZZ,69.4,4.0,4.0,FB,17.35,17.35
2025-10-29,HY,IN,ZZ,0.0,0.0,72.0,FB,0.0,0.0
2025-10-29,MM,IN,UNKNOWN,213.16,69.0,12.0,FB,17.76333333,17.76333333
2025-10-29,MY,IN,ZZ,3022.99,519.0,15.0,FB,201.5326667,201.5326667
2025-10-30,YJ,DE,ZZ,19.75,1.0,0.0,FB,,
2025-10-30,YJ,IN,ZZ,1036.2,193.0,29.0,FB,35.73103448,35.73103448
2025-10-30,YK,MY,ZZ,409.5,68.0,13.0,FB,31.5,31.5
2025-10-30,YK,IN,ZZ,212.69,54.0,4.0,FB,53.1725,53.1725
2025-10-30,LM,IN,UNKNOWN,521.74,104.0,2.0,FB,260.87,260.87
2025-10-30,LD,IN,UNKNOWN,561.15,121.0,7.0,FB,80.16428571,80.16428571
2025-10-30,LM,DE,UNKNOWN,50.92,2.0,1.0,FB,50.92,50.92
2025-10-30,YK,KR,ZZ,79.1,3.0,3.0,FB,26.36666667,26.36666667
2025-10-30,XH,IN,ZZ,52.94,13.0,4.0,FB,13.235,13.235
2025-10-30,JK,IN,UNKNOWN,707.34,260.0,11.0,FB,64.30363636,64.30363636
2025-10-30,JK,MY,UNKNOWN,167.76,8.0,2.0,FB,83.88,83.88
2025-10-30,SZ1-HJ,IN,UNKNOWN,168.16,40.0,0.0,FB,,
2025-10-30,XH,DE,ZZ,6.19,0.0,0.0,FB,,
2025-10-30,SZ1-XC,IN,UNKNOWN,124.06,13.0,0.0,FB,,
2025-10-30,SZ1-ZQ,MY,UNKNOWN,42.46,2.0,0.0,FB,,
2025-10-30,FD,IN,UNKNOWN,2.47,0.0,0.0,FB,,
2025-10-30,MY,KR,ZZ,69.64,0.0,0.0,FB,,
2025-10-30,MM,KR,UNKNOWN,163.35,5.0,5.0,FB,32.67,32.67
2025-10-31,FKZ,NG,UNKNOWN,410.09,426.0,0.0,FB,,
2025-10-31,XH,DE,ZZ,100.91,3.0,1.0,FB,100.91,100.91
2025-10-31,LM,DE,UNKNOWN,207.11,8.0,2.0,FB,103.555,103.555
2025-10-31,LD,DE,UNKNOWN,66.32,3.0,1.0,FB,66.32,66.32
2025-10-31,FD,DE,UNKNOWN,34.05,0.0,0.0,FB,,
2025-10-31,MY,KR,ZZ,86.43,3.0,3.0,FB,28.81,28.81
2025-10-31,MM,KR,UNKNOWN,254.61,28.0,13.0,FB,19.58538462,19.58538462
2025-10-31,HY,KR,ZZ,369.07,11.0,11.0,FB,33.55181818,33.55181818
2025-10-31,YK,MY,ZZ,614.95,83.0,19.0,FB,32.36578947,32.36578947
2025-10-31,YK,KR,ZZ,229.19,12.0,8.0,FB,28.64875,28.64875
2025-10-31,JK,NG,UNKNOWN,70.46,75.0,75.0,FB,0.9394666667,0.9394666667
2025-10-31,SZ1-XC,MY,UNKNOWN,67.23,3.0,0.0,FB,,
2025-10-31,YJ,DE,ZZ,100.0,6.0,0.0,FB,,
2025-11-01,FKZ,NG,UNKNOWN,987.26,819.0,0.0,FB,,
2025-11-01,SZ1-HJ,MY,UNKNOWN,45.65,2.0,0.0,FB,,
2025-11-01,SZ1-XL,MY,UNKNOWN,47.31,1.0,0.0,FB,,
2025-11-01,LM,MY,UNKNOWN,54.67,3.0,2.0,FB,27.335,27.335
2025-11-01,YK,MY,ZZ,319.72,42.0,11.0,FB,29.06545455,29.06545455
2025-11-01,XH,MY,ZZ,21.23,1.0,1.0,FB,21.23,21.23
2025-11-01,JK,MY,UNKNOWN,185.78,3.0,1.0,FB,185.78,185.78
2025-11-02,LM,MY,UNKNOWN,98.86,5.0,1.0,FB,98.86,98.86
2025-11-02,YK,MY,ZZ,332.93,53.0,13.0,FB,25.61,25.61
2025-11-02,FKZ,NG,UNKNOWN,934.83,860.0,0.0,FB,,
2025-11-03,FKZ,NG,UNKNOWN,339.65,686.0,0.0,FB,,
2025-11-03,FD,IN,UNKNOWN,47.7,4.0,3.0,FB,15.9,15.9
2025-11-03,SZ1-HJ,MY,UNKNOWN,187.96,4.0,0.0,FB,,
2025-11-03,JK,MY,UNKNOWN,9.67,0.0,0.0,FB,,
2025-11-03,LM,MY,UNKNOWN,369.52,7.0,3.0,FB,123.1733333,123.1733333
2025-11-03,LD,IN,UNKNOWN,12.91,0.0,0.0,FB,,
2025-11-03,YK,MY,ZZ,359.35,35.0,6.0,FB,59.89166667,59.89166667
2025-11-03,SZ1-XC,MY,UNKNOWN,124.74,5.0,1.0,FB,124.74,124.74
2025-11-03,SZ1-XL,MY,UNKNOWN,161.91,1.0,0.0,FB,,
2025-11-03,SZ1-ZQ,MY,UNKNOWN,61.15,0.0,0.0,FB,,
2025-11-03,MY,SE,ZZ,299.72,3.0,0.0,FB,,
2025-11-03,XH,MY,ZZ,9.72,0.0,0.0,FB,,
2025-11-03,HY,IN,ZZ,375.57,10.0,4.0,FB,93.8925,93.8925
2025-11-04,YK,MY,ZZ,387.92,24.0,6.0,FB,64.65333333,64.65333333
2025-11-04,MY,IN,ZZ,71.18,7.0,2.0,FB,35.59,35.59
2025-11-04,MY,SE,ZZ,99.04,1.0,0.0,FB,,
2025-11-04,MM,IN,UNKNOWN,150.87,62.0,19.0,FB,7.940526316,7.940526316
2025-11-04,LD,IN,UNKNOWN,43.74,12.0,2.0,FB,21.87,21.87
2025-11-04,YJ,IN,ZZ,203.57,45.0,10.0,FB,20.357,20.357
2025-11-04,LM,IN,UNKNOWN,33.63,5.0,2.0,FB,16.815,16.815
2025-11-04,SZ1-HJ,MY,UNKNOWN,18.91,0.0,0.0,FB,,
2025-11-04,LM,MY,UNKNOWN,16.98,3.0,0.0,FB,,
2025-11-04,JK,SE,UNKNOWN,155.68,2.0,0.0,FB,,
2025-11-04,FKZ,NG,UNKNOWN,637.24,1562.0,0.0,FB,,
2025-11-05,FKZ,NG,UNKNOWN,886.28,1238.0,0.0,FB,,
2025-11-05,YK,MY,ZZ,252.81,40.0,5.0,FB,50.562,50.562
2025-11-05,LM,MY,UNKNOWN,9.93,1.0,0.0,FB,,
2025-11-05,LD,SE,UNKNOWN,72.94,0.0,0.0,FB,,
2025-11-05,SZ1-HJ,MY,UNKNOWN,7.56,0.0,0.0,FB,,
2025-11-05,YJ,SE,ZZ,357.85,21.0,1.5,FB,238.5666667,238.5666667
2025-11-05,LM,SE,UNKNOWN,114.34,3.0,1.0,FB,114.34,114.34
2025-11-05,JK,SE,UNKNOWN,353.68,8.0,1.5,FB,235.7866667,235.7866667
2025-11-05,FD,SE,UNKNOWN,32.7,0.0,0.0,FB,,
2025-11-05,HY,KR,ZZ,9.66,0.0,0.0,FB,,
2025-11-05,MM,KR,UNKNOWN,34.32,4.0,0.0,FB,,
2025-11-05,MY,KR,ZZ,101.02,3.0,0.0,FB,,
2025-11-05,YK,KR,ZZ,12.45,0.0,0.0,FB,,
2025-11-05,FKZ,NG,UNKNOWN,492.49,1315.0,0.0,FB,,
2025-11-06,MM,MY,UNKNOWN,29.04,1.0,1.0,FB,29.04,29.04
2025-11-06,MY,MY,ZZ,60.56,1.0,1.0,FB,60.56,60.56
2025-11-06,SZ1-HJ,MY,UNKNOWN,11.63,0.0,0.0,FB,,
2025-11-06,SZ1-HJ,SE,UNKNOWN,20.28,1.0,0.0,FB,,
2025-11-06,YK,SE,ZZ,49.21,0.0,0.0,FB,,
2025-11-06,LM,MY,UNKNOWN,51.37,5.0,0.0,FB,,
2025-11-06,YK,MY,ZZ,491.33,45.0,14.0,FB,35.095,35.095
2025-11-06,JK,MY,UNKNOWN,30.21,1.0,0.0,FB,,
2025-11-06,JK,SE,UNKNOWN,393.68,15.0,5.0,FB,78.736,78.736
2025-11-06,LM,SE,UNKNOWN,474.05,17.0,3.0,FB,158.0166667,158.0166667
2025-11-06,XH,SE,ZZ,219.39,9.0,0.0,FB,,
2025-11-06,LD,SE,UNKNOWN,293.4,5.0,0.0,FB,,
2025-11-06,YJ,SE,ZZ,240.09,7.0,2.0,FB,120.045,120.045
2025-11-06,FD,SE,UNKNOWN,360.85,10.0,4.0,FB,90.2125,90.2125
2025-11-06,XH,MY,ZZ,4.72,0.0,0.0,FB,,
2025-11-06,HY,MY,ZZ,13.5,0.0,0.0,FB,,
2025-11-07,YK,SE,ZZ,60.98,1.0,0.0,FB,,
2025-11-07,LM,SE,UNKNOWN,11.03,1.0,0.0,FB,,
2025-11-07,JK,MY,UNKNOWN,51.17,1.0,0.0,FB,,
2025-11-07,JK,SE,UNKNOWN,136.47,8.0,1.0,FB,136.47,136.47
2025-11-07,LD,SE,UNKNOWN,86.72,7.0,1.0,FB,86.72,86.72
2025-11-07,FD,SE,UNKNOWN,1.75,0.0,0.0,FB,,
2025-11-07,LM,MY,UNKNOWN,117.87,5.0,3.0,FB,39.29,39.29
2025-11-07,SZ1-HJ,SE,UNKNOWN,18.33,0.0,0.0,FB,,
2025-11-07,XH,SE,ZZ,106.32,3.0,1.0,FB,106.32,106.32
2025-11-07,XH,MY,ZZ,6.04,0.0,0.0,FB,,
2025-11-07,YK,MY,ZZ,568.95,20.0,20.0,FB,28.4475,28.4475
2025-11-07,YJ,SE,ZZ,49.02,2.0,1.0,FB,49.02,49.02
2025-11-08,SZ1-HJ,MY,UNKNOWN,12.68,1.0,0.0,FB,,
2025-11-08,SZ1-HJ,SE,UNKNOWN,15.36,0.0,0.0,FB,,
2025-11-08,LD,SE,UNKNOWN,317.16,26.0,2.0,FB,158.58,158.58
2025-11-09,MM,SE,UNKNOWN,31.47,1.0,0.0,FB,,
2025-11-09,LM,MY,UNKNOWN,0.11,0.0,0.0,FB,,
2025-11-09,YK,MY,ZZ,416.83,63.0,13.0,FB,32.06384615,32.06384615
2025-11-09,LD,SE,UNKNOWN,3.45,1.0,0.0,FB,,
2025-11-09,SZ1-HJ,SE,UNKNOWN,4.45,0.0,0.0,FB,,
2025-11-09,SZ1-ZQ,DE,UNKNOWN,196.91,2.0,0.0,FB,,
2025-11-10,YK,MY,ZZ,266.2,48.0,11.0,FB,24.2,24.2
2025-11-10,LD,SE,UNKNOWN,159.8,6.0,0.0,FB,,
2025-11-10,JK,SE,UNKNOWN,99.95,13.0,1.0,FB,99.95,99.95
2025-11-10,MM,SE,UNKNOWN,121.59,8.0,1.0,FB,121.59,121.59
2025-11-10,LM,SE,UNKNOWN,267.65,7.0,2.0,FB,133.825,133.825
2025-11-10,SZ1-HJ,DE,UNKNOWN,146.27,0.0,0.0,TIKTOK,,
2025-11-10,SZ1-ZQ,DE,UNKNOWN,14.93,0.0,0.0,TIKTOK,,
2025-11-10,SZ1-ZQ,CA,UNKNOWN,169.63,179.0,0.0,TIKTOK,,
2025-11-11,YJ,ID,ZZ,36.97,4.0,0.0,FB,,
2025-11-11,LM,SE,UNKNOWN,76.57,4.0,1.0,FB,76.57,76.57
2025-11-11,XH,ID,ZZ,7.27,0.0,0.0,FB,,
2025-11-11,LM,MY,UNKNOWN,44.11,3.0,0.0,FB,,
2025-11-11,LM,ID,UNKNOWN,121.06,8.0,1.0,FB,121.06,121.06
2025-11-11,XH,SE,ZZ,137.91,7.0,1.0,FB,137.91,137.91
2025-11-11,LD,SE,UNKNOWN,131.12,9.0,1.0,FB,131.12,131.12
2025-11-11,LD,ID,UNKNOWN,69.87,1.0,0.0,FB,,
2025-11-11,JK,SE,UNKNOWN,217.94,18.0,3.0,FB,72.64666667,72.64666667
2025-11-11,MM,SE,UNKNOWN,208.49,12.0,2.0,FB,104.245,104.245
2025-11-11,MM,ID,UNKNOWN,35.38,6.0,0.0,FB,,
2025-11-11,YK,MY,ZZ,90.19,12.0,0.0,FB,,
2025-11-11,SZ1-HJ,DE,UNKNOWN,24.34,0.0,0.0,TIKTOK,,
2025-11-11,JK,ID,UNKNOWN,50.18,3.0,0.0,FB,,
2025-11-11,SZ1-ZQ,DE,UNKNOWN,35.37,0.0,0.0,TIKTOK,,
2025-11-11,SZ1-ZQ,CA,UNKNOWN,59.69,124.0,0.0,TIKTOK,,
2025-11-12,YK,SG,ZZ,4.41,1.0,1.0,FB,4.41,4.41
2025-11-12,LM,SE,UNKNOWN,23.29,1.0,0.0,FB,,
2025-11-12,MM,SE,UNKNOWN,180.21,19.0,1.0,FB,180.21,180.21
2025-11-12,SZ1-HJ,DE,UNKNOWN,72.47,14.0,0.0,TIKTOK,,
2025-11-12,LD,SE,UNKNOWN,88.28,2.0,1.0,FB,88.28,88.28
2025-11-12,JK,SE,UNKNOWN,303.99,25.0,0.0,FB,,
2025-11-12,MM,ID,UNKNOWN,14.35,2.0,0.0,FB,,
2025-11-12,SZ1-ZQ,CA,UNKNOWN,88.28,256.0,0.0,TIKTOK,,
2025-11-12,SZ1-ZQ,DE,UNKNOWN,27.98,0.0,0.0,TIKTOK,,
2025-11-13,SZ1-ZQ,DE,UNKNOWN,71.3,9.0,2.0,TIKTOK,35.65,35.65
2025-11-13,SZ1-ZQ,CA,UNKNOWN,43.91,3.0,0.0,TIKTOK,,
2025-11-13,LD,SE,UNKNOWN,123.93,6.0,0.0,FB,,
2025-11-13,MM,SE,UNKNOWN,325.52,13.0,2.0,FB,162.76,162.76
2025-11-13,LM,SE,UNKNOWN,132.94,5.0,1.0,FB,132.94,132.94
2025-11-13,SZ1-HJ,DE,UNKNOWN,46.24,10.0,0.0,TIKTOK,,
2025-11-13,SZ1-DC,DE,UNKNOWN,301.6,18.0,4.0,TIKTOK,75.4,75.4
2025-11-14,SZ2-ZY,DE,UNKNOWN,150.21,0.0,0.0,TIKTOK,,
2025-11-14,SZ2-FF,DE,UNKNOWN,75.14,3.0,0.0,TIKTOK,,
2025-11-14,HY,SE,ZZ,300.01,3.0,2.0,FB,150.005,150.005
2025-11-14,JK,SE,UNKNOWN,3.26,0.0,0.0,FB,,
2025-11-14,YJ,SE,ZZ,9.08,0.0,0.0,FB,,
2025-11-14,LD,SE,UNKNOWN,127.98,3.0,0.0,FB,,
2025-11-14,LM,SE,UNKNOWN,185.57,5.0,1.0,FB,185.57,185.57
2025-11-14,SZ1-ZQ,DE,UNKNOWN,81.92,4.0,0.0,TIKTOK,,
2025-11-14,SZ-MF,DE,UNKNOWN,52.01,0.0,1.0,TIKTOK,52.01,52.01
2025-11-14,SZ1-HJ,DE,UNKNOWN,124.78,10.0,4.0,TIKTOK,31.195,31.195
2025-11-14,SZ-LL,DE,UNKNOWN,12.54,11.0,1.0,TIKTOK,12.54,12.54
2025-11-15,JK,SE,UNKNOWN,167.91,17.0,0.0,FB,,
2025-11-15,LD,SE,UNKNOWN,121.19,7.0,1.0,FB,121.19,121.19
2025-11-15,LM,SE,UNKNOWN,166.94,9.0,0.0,FB,,
2025-11-16,SZ2-FF,DE,UNKNOWN,264.78,2.0,1.0,TIKTOK,264.78,264.78
2025-11-16,HY,SE,ZZ,71.47,0.0,0.0,FB,,
2025-11-16,LD,SE,UNKNOWN,189.52,5.0,0.0,FB,,
2025-11-16,LM,SE,UNKNOWN,2.52,0.0,0.0,FB,,
2025-11-16,JK,SE,UNKNOWN,134.03,8.0,0.0,FB,,
2025-11-16,SZ-LL,DE,UNKNOWN,292.59,104.0,6.0,TIKTOK,48.765,48.765
2025-11-16,SZ1-ZQ,DE,UNKNOWN,25.82,6.0,0.0,TIKTOK,,
2025-11-16,SZ1-HJ,DE,UNKNOWN,58.67,8.0,0.0,TIKTOK,,
2025-11-16,SZ2-ZY,DE,UNKNOWN,1019.58,60.0,6.0,TIKTOK,169.93,169.93
2025-11-17,SZ2-ZY,DE,UNKNOWN,809.97,80.0,13.0,TIKTOK,62.30538462,62.30538462
2025-11-17,SZ2-FF,DE,UNKNOWN,414.31,4.0,1.0,TIKTOK,414.31,414.31
2025-11-17,LD,SE,UNKNOWN,124.84,6.0,1.0,FB,124.84,124.84
2025-11-17,JK,SE,UNKNOWN,100.09,6.0,0.0,FB,,
2025-11-17,SZ1-ZQ,CA,UNKNOWN,27.18,1.0,0.0,TIKTOK,,
2025-11-17,SZ1-HJ,DE,UNKNOWN,44.89,6.0,1.0,TIKTOK,44.89,44.89
2025-11-17,SZ-LL,DE,UNKNOWN,352.88,463.0,7.0,TIKTOK,50.41142857,50.41142857
2025-11-18,SZ2-ZY,DE,UNKNOWN,687.97,60.0,11.0,TIKTOK,62.54272727,62.54272727
2025-11-18,SZ2-FF,DE,UNKNOWN,155.7,4.0,1.0,TIKTOK,155.7,155.7
2025-11-18,MM,SE,UNKNOWN,13.19,0.0,0.0,FB,,
2025-11-18,SZ1-ZQ,DE,UNKNOWN,77.51,5.0,0.0,TIKTOK,,
2025-11-18,SZ-LL,DE,UNKNOWN,415.31,236.0,9.0,TIKTOK,46.14555556,46.14555556
2025-11-18,SZ1-HJ,DE,UNKNOWN,41.78,1.0,0.0,TIKTOK,,
2025-11-19,SZ1-DC,DE,UNKNOWN,200.59,14.0,0.0,TIKTOK,,
2025-11-19,JK,ID,UNKNOWN,135.67,8.0,1.0,FB,135.67,135.67
2025-11-19,YJ,ID,ZZ,539.92,62.0,17.0,FB,31.76,31.76
2025-11-19,HY,ID,ZZ,306.12,25.0,6.0,FB,51.02,51.02
2025-11-19,MM,ID,UNKNOWN,333.13,49.0,13.0,FB,25.62538462,25.62538462
2025-11-19,YK,ID,ZZ,301.61,17.0,4.0,FB,75.4025,75.4025
2025-11-19,SZ-LL,DE,UNKNOWN,903.99,183.0,11.0,TIKTOK,82.18090909,82.18090909
2025-11-19,SZ1-ZQ,DE,UNKNOWN,405.81,9.0,1.0,TIKTOK,405.81,405.81
2025-11-19,SZ1-HJ,DE,UNKNOWN,99.4,5.0,0.0,TIKTOK,,
2025-11-19,SZ-MF,DE,UNKNOWN,273.36,5.0,0.0,TIKTOK,,
2025-11-19,SZ2-ZY,DE,UNKNOWN,851.15,73.0,15.0,TIKTOK,56.74333333,56.74333333
2025-11-19,SZ2-FF,DE,UNKNOWN,142.01,3.0,1.0,TIKTOK,142.01,142.01
2025-11-20,SZ1-ZQ,DE,UNKNOWN,84.15,5.0,0.0,TIKTOK,,
2025-11-20,HY,ID,ZZ,282.5,27.0,6.0,FB,47.08333333,47.08333333
2025-11-20,LD,ID,UNKNOWN,55.56,3.0,0.0,FB,,
2025-11-20,YK,ID,ZZ,150.93,20.0,5.0,FB,30.186,30.186
2025-11-20,LM,ID,UNKNOWN,475.36,84.0,23.0,FB,20.66782609,20.66782609
2025-11-20,JK,ID,UNKNOWN,982.98,142.0,43.0,FB,22.86,22.86
2025-11-20,MM,ID,UNKNOWN,663.23,104.0,13.0,FB,51.01769231,51.01769231
2025-11-20,YJ,ID,ZZ,1488.34,133.0,31.0,FB,48.01096774,48.01096774
2025-11-20,SZ-MF,DE,UNKNOWN,66.13,5.0,0.0,TIKTOK,,
2025-11-20,SZ-LL,DE,UNKNOWN,697.02,143.0,10.0,TIKTOK,69.702,69.702
2025-11-20,SZ1-ZQ,CA,UNKNOWN,17.12,4.0,0.0,TIKTOK,,
2025-11-20,SZ1-HJ,DE,UNKNOWN,44.5,3.0,0.0,TIKTOK,,
2025-11-20,SZ2-FF,DE,UNKNOWN,200.0,3.0,1.0,TIKTOK,200.0,200.0
2025-11-20,SZ2-ZY,DE,UNKNOWN,508.86,32.0,2.0,TIKTOK,254.43,254.43
2025-11-21,SZ1-DC,DE,UNKNOWN,60.91,0.0,0.0,TIKTOK,,
2025-11-21,YK,MY,ZZ,126.72,17.0,6.0,FB,21.12,21.12
2025-11-21,SZ2-ZY,DE,UNKNOWN,237.77,8.0,1.0,TIKTOK,237.77,237.77
2025-11-21,SZ-MF,DE,UNKNOWN,232.53,25.0,1.0,TIKTOK,232.53,232.53
2025-11-21,SZ-LL,DE,UNKNOWN,739.87,147.0,9.0,TIKTOK,82.20777778,82.20777778
2025-11-21,SZ2-FF,DE,UNKNOWN,158.31,8.0,0.0,TIKTOK,,
2025-11-21,SZ1-ZQ,DE,UNKNOWN,81.21,3.0,0.0,TIKTOK,,
2025-11-21,SZ1-ZQ,CA,UNKNOWN,194.19,20.0,2.0,TIKTOK,97.095,97.095
2025-11-23,YK,MY,ZZ,75.49,15.0,3.0,FB,25.16333333,25.16333333
2025-11-23,SZ2-ZY,DE,UNKNOWN,404.07,62.0,11.0,TIKTOK,36.73363636,36.73363636
2025-11-23,SZ-MF,DE,UNKNOWN,172.69,20.0,2.0,TIKTOK,86.345,86.345
2025-11-23,SZ-LL,DE,UNKNOWN,339.35,97.0,3.0,TIKTOK,113.1166667,113.1166667
2025-11-23,MM,ID,UNKNOWN,2.85,0.0,0.0,FB,,
2025-11-23,SZ2-FF,DE,UNKNOWN,499.93,91.0,8.0,TIKTOK,62.49125,62.49125
2025-11-23,SZ1-HJ,DE,UNKNOWN,7.02,4.0,0.0,TIKTOK,,
2025-11-23,SZ1-ZQ,DE,UNKNOWN,126.29,15.0,2.0,TIKTOK,63.145,63.145
2025-11-23,SZ1-DC,DE,UNKNOWN,107.85,1.0,1.0,TIKTOK,107.85,107.85
2025-11-24,MM,MY,UNKNOWN,124.19,5.0,2.0,FB,62.095,62.095
2025-11-24,YK,MY,ZZ,118.25,21.0,5.0,FB,23.65,23.65
2025-11-24,SZ-LL,DE,UNKNOWN,458.93,68.0,6.0,TIKTOK,76.48833333,76.48833333
2025-11-24,SZ-MF,DE,UNKNOWN,299.82,16.0,4.0,TIKTOK,74.955,74.955
2025-11-24,SZ1-ZQ,DE,UNKNOWN,332.14,29.0,5.0,TIKTOK,66.428,66.428
2025-11-24,SZ2-ZY,DE,UNKNOWN,1764.84,69.0,19.0,TIKTOK,92.88631579,92.88631579
2025-11-24,SZ1-HJ,DE,UNKNOWN,49.24,3.0,0.0,TIKTOK,,
2025-11-24,SZ1-DC,DE,UNKNOWN,204.21,11.0,0.0,TIKTOK,,
2025-11-24,SZ2-FF,DE,UNKNOWN,1825.21,150.0,19.0,TIKTOK,96.06368421,96.06368421
2025-11-25,SZ1-ZQ,DE,UNKNOWN,103.51,9.0,1.0,TIKTOK,103.51,103.51
2025-11-25,HY,IN,ZZ,6.03,5.0,1.0,FB,6.03,6.03
2025-11-25,YJ,IN,ZZ,674.11,105.0,25.0,FB,26.9644,26.9644
2025-11-25,LM,IN,UNKNOWN,4.23,1.0,0.0,FB,,
2025-11-25,LD,IN,UNKNOWN,12.06,2.0,0.0,FB,,
2025-11-25,JK,IN,UNKNOWN,41.28,2.0,0.0,FB,,
2025-11-25,MM,IN,UNKNOWN,7.45,0.0,0.0,FB,,
2025-11-25,SZ1-ZQ,CA,UNKNOWN,73.0,6.0,0.0,TIKTOK,,
2025-11-25,SZ1-DC,DE,UNKNOWN,84.62,6.0,1.0,TIKTOK,84.62,84.62
2025-11-25,SZ-MF,DE,UNKNOWN,113.25,5.0,0.0,TIKTOK,,
2025-11-25,SZ2-ZY,DE,UNKNOWN,936.72,69.0,16.0,TIKTOK,58.545,58.545
2025-11-25,SZ2-ZY,CA,UNKNOWN,92.88,10.0,1.5,TIKTOK,61.92,61.92
2025-11-25,SZ1-HJ,DE,UNKNOWN,37.44,1.0,0.0,TIKTOK,,
2025-11-25,SZ1-HJ,CA,UNKNOWN,39.86,2.0,0.0,TIKTOK,,
2025-11-25,SZ2-FF,CA,UNKNOWN,100.01,12.0,1.5,TIKTOK,66.67333333,66.67333333
2025-11-25,SZ2-FF,DE,UNKNOWN,693.69,76.0,8.0,TIKTOK,86.71125,86.71125
2025-11-25,SZ-LL,DE,UNKNOWN,149.43,23.0,0.0,TIKTOK,,
2025-11-26,JK,IN,UNKNOWN,2.12,0.0,0.0,FB,,
2025-11-26,YK,MY,ZZ,177.03,19.0,3.0,FB,59.01,59.01
2025-11-26,YK,SG,ZZ,22.57,2.0,0.0,FB,,
2025-11-26,YJ,IN,ZZ,151.41,30.0,11.0,FB,13.76454545,13.76454545
2025-11-26,LD,IN,UNKNOWN,40.67,6.0,3.0,FB,13.55666667,13.55666667
2025-11-26,LM,IN,UNKNOWN,57.4,20.0,5.0,FB,11.48,11.48
2025-11-26,MM,IN,UNKNOWN,109.52,9.0,3.0,FB,36.50666667,36.50666667
2025-11-26,HY,IN,ZZ,116.3,24.0,16.0,FB,7.26875,7.26875
2025-11-26,SZ1-ZQ,CA,UNKNOWN,185.65,18.0,3.0,TIKTOK,61.88333333,61.88333333
2025-11-26,SZ2-ZY,CA,UNKNOWN,723.72,32.0,3.0,TIKTOK,241.24,241.24
2025-11-26,SZ-LL,CA,UNKNOWN,120.81,15.0,0.0,TIKTOK,,
2025-11-26,SZ2-FF,CA,UNKNOWN,562.07,20.0,3.0,TIKTOK,187.3566667,187.3566667
2025-11-26,SZ2-FF,US,UNKNOWN,84.2204,16.0,3.0,FB,28.07346667,28.07346667
2025-11-26,SZ1-HJ,CA,UNKNOWN,83.11,7.0,0.0,TIKTOK,,
2025-11-27,LD,IN,UNKNOWN,56.7,11.0,3.0,FB,18.9,18.9
2025-11-27,YJ,IN,ZZ,357.4,44.0,8.0,FB,44.675,44.675
2025-11-27,LM,IN,UNKNOWN,311.56,63.0,19.0,FB,16.39789474,16.39789474
2025-11-27,MM,IN,UNKNOWN,5.36,3.0,1.0,FB,5.36,5.36
2025-11-27,JK,IN,UNKNOWN,56.2,15.0,2.0,FB,28.1,28.1
2025-11-27,SZ1-ZQ,CA,UNKNOWN,255.9,29.0,0.0,TIKTOK,,
2025-11-27,SZ2-ZY,CA,UNKNOWN,563.93,20.0,3.0,TIKTOK,187.9766667,187.9766667
2025-11-27,SZ1-HJ,CA,UNKNOWN,123.21,11.0,1.0,TIKTOK,123.21,123.21
2025-11-27,SZ2-FF,CA,UNKNOWN,214.95,5.0,1.0,TIKTOK,214.95,214.95
2025-11-27,SZ-LL,CA,UNKNOWN,268.8,24.0,1.0,TIKTOK,268.8,268.8
2025-11-28,YK,SG,ZZ,28.52,4.0,2.0,FB,14.26,14.26
2025-11-28,SZ1-HJ,CA,UNKNOWN,144.58,12.0,3.0,TIKTOK,48.19333333,48.19333333
2025-11-28,SZ-LL,CA,UNKNOWN,98.83,13.0,1.0,TIKTOK,98.83,98.83
2025-11-28,HY,IN,ZZ,80.8,26.0,4.0,FB,20.2,20.2
2025-11-28,LD,IN,UNKNOWN,16.45,2.0,0.0,FB,,
2025-11-28,LM,IN,UNKNOWN,637.2,132.0,28.0,FB,22.75714286,22.75714286
2025-11-28,JK,SG,UNKNOWN,71.55,3.0,0.0,FB,,
2025-11-28,SZ1-ZQ,CA,UNKNOWN,88.76,8.0,0.0,TIKTOK,,
2025-11-28,SZ1-DC,CA,UNKNOWN,173.13,13.0,1.0,TIKTOK,173.13,173.13
2025-11-28,SZ2-ZY,CA,UNKNOWN,135.8,11.0,1.0,TIKTOK,135.8,135.8
2025-11-28,SZ2-FF,CA,UNKNOWN,260.19,5.0,0.0,TIKTOK,,
2025-11-28,SZ2-FF,SG,UNKNOWN,140.59,9.0,0.0,TIKTOK,,
2025-11-29,SZ1-HJ,CA,UNKNOWN,115.1,19.0,4.0,TIKTOK,28.775,28.775
2025-11-29,SZ1-ZQ,CA,UNKNOWN,74.56,8.0,0.0,TIKTOK,,
2025-11-29,SZ1-DC,CA,UNKNOWN,88.16,15.0,1.0,TIKTOK,88.16,88.16
2025-11-29,SZ-LL,CA,UNKNOWN,77.04,10.0,0.0,TIKTOK,,
2025-11-29,JK,SG,UNKNOWN,39.61,4.0,1.0,FB,39.61,39.61
2025-11-29,SZ2-ZY,CA,UNKNOWN,276.01,12.0,0.0,TIKTOK,,
2025-11-29,SZ2-FF,CA,UNKNOWN,44.01,2.0,1.0,TIKTOK,44.01,44.01
2025-11-29,YK,SG,ZZ,190.11,32.0,8.0,FB,23.76375,23.76375
2025-11-30,SZ1-ZQ,SG,UNKNOWN,88.2,18.0,1.0,TIKTOK,88.2,88.2
2025-11-30,SZ1-HJ,CA,UNKNOWN,45.63,3.0,0.0,TIKTOK,,
2025-11-30,SZ-LL,CA,UNKNOWN,95.61,16.0,1.0,TIKTOK,95.61,95.61
2025-11-30,SZ1-ZQ,CA,UNKNOWN,67.42,5.0,0.0,TIKTOK,,
2025-11-30,SZ1-DC,CA,UNKNOWN,114.29,13.0,0.0,TIKTOK,,
2025-11-30,JK,SG,UNKNOWN,72.53,3.0,0.0,FB,,
2025-11-30,SZ2-FF,CA,UNKNOWN,204.37,10.0,0.0,TIKTOK,,
2025-12-01,HY,IN,ZZ,13.55,3.0,2.0,FB,6.775,6.775
2025-12-01,SZ1-HJ,CA,UNKNOWN,104.09,12.0,0.0,TIKTOK,,
2025-12-01,YK,SG,ZZ,103.06,13.0,3.0,FB,34.35333333,34.35333333
2025-12-01,SZ-LL,CA,UNKNOWN,192.06,13.0,1.0,TIKTOK,192.06,192.06
2025-12-01,LM,IN,UNKNOWN,437.35,68.0,30.0,FB,14.57833333,14.57833333
2025-12-01,YJ,IN,ZZ,26.08,6.0,2.0,FB,13.04,13.04
2025-12-01,LD,IN,UNKNOWN,66.78,13.0,4.0,FB,16.695,16.695
2025-12-01,JK,SG,UNKNOWN,16.95,3.0,1.0,FB,16.95,16.95
2025-12-01,SZ2-FF,CA,UNKNOWN,218.1,10.0,2.0,TIKTOK,109.05,109.05
2025-12-01,SZ2-ZY,CA,UNKNOWN,79.27,20.0,0.0,TIKTOK,,
2025-12-01,SZ1-ZQ,SG,UNKNOWN,31.17,4.0,0.0,TIKTOK,,
2025-12-02,SZ1-HJ,CA,UNKNOWN,80.43,6.0,0.0,TIKTOK,,
2025-12-02,SZ1-ZQ,SG,UNKNOWN,13.84,2.0,0.0,TIKTOK,,
2025-12-02,HY,IN,ZZ,9.81,2.0,1.0,FB,9.81,9.81
2025-12-02,YJ,IN,ZZ,32.15,7.0,2.0,FB,16.075,16.075
2025-12-02,LM,IN,UNKNOWN,485.7,108.0,27.0,FB,17.98888889,17.98888889
2025-12-02,LD,IN,UNKNOWN,86.35,21.0,4.0,FB,21.5875,21.5875
2025-12-02,JK,SG,UNKNOWN,8.93,1.0,0.0,FB,,
2025-12-02,SZ1-ZQ,CA,UNKNOWN,33.02,1.0,0.0,TIKTOK,,
2025-12-02,SZ2-ZY,CA,UNKNOWN,83.88,12.0,0.0,TIKTOK,,
2025-12-02,SZ2-FF,CA,UNKNOWN,172.37,20.0,0.0,TIKTOK,,
2025-12-02,SZ-LL,CA,UNKNOWN,106.22,10.0,0.0,TIKTOK,,
2025-12-03,HY,IN,ZZ,20.02,3.0,1.0,FB,20.02,20.02
2025-12-03,SZ1-HJ,CA,UNKNOWN,78.47,12.0,0.0,TIKTOK,,
2025-12-03,SZ1-ZQ,CA,UNKNOWN,90.77,18.0,0.0,TIKTOK,,
2025-12-03,LM,IN,UNKNOWN,909.83,124.0,31.0,FB,29.34935484,29.34935484
2025-12-03,LM,CA,UNKNOWN,103.05,6.0,0.0,FB,,
2025-12-03,LD,IN,UNKNOWN,253.73,119.0,11.0,FB,23.06636364,23.06636364
2025-12-03,JK,SG,UNKNOWN,48.38,6.0,3.0,FB,16.12666667,16.12666667
2025-12-03,SZ2-ZY,爱尔兰,UNKNOWN,128.6,3.0,2.0,FB,64.3,64.3
2025-12-03,SZ2-FF,爱尔兰,UNKNOWN,39.72,4.0,0.0,FB,,
2025-12-04,YK,SG,ZZ,57.96,9.0,3.0,FB,19.32,19.32
2025-12-04,SZ1—YX,CA,UNKNOWN,16.4,0.0,0.0,TIKTOK,,
2025-12-04,SZ1-ZQ,CA,UNKNOWN,74.79,6.0,0.0,TIKTOK,,
2025-12-04,LD,IN,UNKNOWN,8.56,1.0,0.0,FB,,
2025-12-04,HY,IN,ZZ,216.48,17.0,10.0,FB,21.648,21.648
2025-12-04,LM,IN,UNKNOWN,85.52,28.0,4.0,FB,21.38,21.38
2025-12-04,LM,CA,UNKNOWN,51.17,3.0,0.0,FB,,
2025-12-04,JK,SG,UNKNOWN,24.55,1.0,0.0,FB,,
2025-12-05,HY,爱尔兰,ZZ,99.69,4.0,0.0,FB,,
2025-12-05,YK,SG,ZZ,156.12,18.0,7.0,FB,22.30285714,22.30285714
2025-12-05,SZ1-HJ,SG,UNKNOWN,31.65,6.0,0.0,TIKTOK,,
2025-12-05,SZ1-ZQ,SG,UNKNOWN,69.06,6.0,0.0,TIKTOK,,
2025-12-05,LM,IN,UNKNOWN,142.26,16.0,4.0,FB,35.565,35.565
2025-12-05,JK,SG,UNKNOWN,13.18,0.0,0.0,FB,,
2025-12-05,LM,CA,UNKNOWN,3.57,0.0,0.0,FB,,
2025-12-05,LM,爱尔兰,UNKNOWN,46.95,0.0,0.0,FB,,
2025-12-05,SZ-LL,SG,UNKNOWN,31.03,1.0,0.0,FB,,
2025-12-05,SZ2-FF,爱尔兰,UNKNOWN,75.49928,4.0,1.0,FB,75.49928,75.49928
2025-12-05,SZ2-FF,CA,UNKNOWN,367.65,48.0,4.0,TIKTOK,91.9125,91.9125
2025-12-05,SZ2-ZY,CA,UNKNOWN,110.41,12.0,1.0,TIKTOK,110.41,110.41
2025-12-05,SZ2-ZY,爱尔兰,UNKNOWN,44.09,0.0,0.0,FB,,
2025-12-04,SZ1-HJ,CA,UNKNOWN,20.89,0.0,0.0,TIKTOK,,
2025-12-06,SZ1-ZQ,SG,UNKNOWN,41.14,7.0,0.0,TIKTOK,,
2025-12-06,SZ1—YX,SG,UNKNOWN,7.69,0.0,0.0,TIKTOK,,
2025-12-06,SZ1-ZQ,CA,UNKNOWN,19.38,2.0,0.0,TIKTOK,,
2025-12-06,SZ1-HJ,CA,UNKNOWN,45.75,8.0,0.0,TIKTOK,,
2025-12-06,SZ-LL,CA,UNKNOWN,47.72,10.0,0.0,TIKTOK,,
2025-12-06,SZ2-ZY,CA,UNKNOWN,45.23,12.0,1.0,TIKTOK,45.23,45.23
2025-12-06,SZ2-FF,CA,UNKNOWN,638.36,136.0,8.0,TIKTOK,79.795,79.795
2025-12-06,YK,SG,ZZ,53.83,4.0,1.0,FB,53.83,53.83
2025-12-07,SZ1-ZQ,SG,UNKNOWN,33.62,7.0,0.0,TIKTOK,,
2025-12-07,SZ-LL,SG,UNKNOWN,46.63,6.0,1.0,TIKTOK,46.63,46.63
2025-12-07,SZ1—YX,SG,UNKNOWN,12.91,6.0,0.0,TIKTOK,,
2025-12-07,SZ1—YX,CA,UNKNOWN,17.42,1.0,0.0,TIKTOK,,
2025-12-07,SZ1-HJ,CA,UNKNOWN,115.1,27.0,2.0,TIKTOK,57.55,57.55
2025-12-07,SZ-LL,CA,UNKNOWN,460.2,114.0,19.0,TIKTOK,24.22105263,24.22105263
2025-12-07,SZ2-ZY,CA,UNKNOWN,88.8,15.0,0.0,TIKTOK,,
2025-12-07,SZ1-ZQ,CA,UNKNOWN,78.72,12.0,0.0,TIKTOK,,
2025-12-07,SZ2-FF,CA,UNKNOWN,358.87,71.0,8.0,TIKTOK,44.85875,44.85875
2025-12-08,YK,SG,ZZ,175.51,12.0,5.0,FB,35.102,35.102
2025-12-08,HY,爱尔兰,ZZ,83.62,2.0,0.0,FB,,
2025-12-08,SZ1—YX,CA,UNKNOWN,23.77,1.0,0.0,TIKTOK,,
2025-12-08,SZ1-HJ,CA,UNKNOWN,165.85,39.0,8.0,TIKTOK,20.73125,20.73125
2025-12-08,SZ1-ZQ,CA,UNKNOWN,106.67,9.0,0.0,TIKTOK,,
2025-12-08,SZ-LL,CA,UNKNOWN,237.03,69.0,4.0,TIKTOK,59.2575,59.2575
2025-12-08,LM,IN,UNKNOWN,16.04,2.0,0.0,FB,,
2025-12-08,YJ,IN,ZZ,52.72,12.0,3.0,FB,17.57333333,17.57333333
2025-12-08,SZ2-FF,CA,UNKNOWN,808.5,67.0,11.0,TIKTOK,73.5,73.5
2025-12-08,SZ2-ZY,CA,UNKNOWN,249.55,30.0,2.0,TIKTOK,124.775,124.775
2025-12-08,SZ1-ZQ,SG,UNKNOWN,12.85,3.0,0.0,TIKTOK,,
2025-12-09,JK,IN,UNKNOWN,8.15,1.0,0.0,FB,,
2025-12-09,SZ1-ZQ,CA,UNKNOWN,293.21,38.0,5.0,TIKTOK,58.642,58.642
2025-12-09,SZ-LL,CA,UNKNOWN,787.23,126.0,14.0,TIKTOK,56.23071429,56.23071429
2025-12-09,LM,IN,UNKNOWN,193.61,42.0,14.0,FB,13.82928571,13.82928571
2025-12-09,SZ2-FF,CA,UNKNOWN,314.59,50.0,4.0,TIKTOK,78.6475,78.6475
2025-12-09,YJ,IN,ZZ,124.7,16.0,4.0,FB,31.175,31.175
2025-12-09,SZ2-FF,爱尔兰,UNKNOWN,120.69,5.0,0.0,FB,,
2025-12-09,YK,CA,ZZ,100.0,3.0,1.0,TIKTOK,100.0,100.0
2025-12-09,YK,SG,ZZ,272.28,18.0,3.0,FB,90.76,90.76
2025-12-09,SZ2-ZY,CA,UNKNOWN,102.03,16.0,0.0,TIKTOK,,
2025-12-09,SZ1—YX,CA,UNKNOWN,84.68,10.0,0.0,TIKTOK,,
2025-12-09,SZ1-HJ,CA,UNKNOWN,478.74,44.0,9.0,TIKTOK,53.19333333,53.19333333
2025-12-10,SZ-LL,CA,UNKNOWN,290.38,57.0,5.0,TIKTOK,58.076,58.076
2025-12-10,SZ1-ZQ,CA,UNKNOWN,72.83,16.0,0.0,TIKTOK,,
2025-12-10,SZ1-HJ,CA,UNKNOWN,80.64,8.0,1.0,TIKTOK,80.64,80.64
2025-12-10,SZ1—YX,CA,UNKNOWN,45.04,3.0,0.0,TIKTOK,,
2025-12-10,SZ2-ZY,CA,UNKNOWN,59.71,12.0,0.0,TIKTOK,,
2025-12-10,SZ2-FF,CA,UNKNOWN,631.24,90.0,19.0,TIKTOK,33.22315789,33.22315789
2025-12-10,LM,IN,UNKNOWN,243.68,54.0,10.0,FB,24.368,24.368
2025-12-10,YK,SG,ZZ,108.02,8.0,2.0,FB,54.01,54.01
2025-12-10,YK,CA,ZZ,36.83,5.0,1.0,TIKTOK,36.83,36.83
2025-12-10,HY,爱尔兰,ZZ,10.94,0.0,0.0,FB,,
2025-12-10,SZ1-DC,IN,UNKNOWN,37.71,0.0,0.0,谷歌,,
2025-12-11,HY,爱尔兰,ZZ,60.54,2.0,1.0,FB,60.54,60.54
2025-12-11,SZ1—YX,CA,UNKNOWN,48.47,2.0,0.0,TIKTOK,,
2025-12-11,SZ1-HJ,CA,UNKNOWN,208.87,50.0,3.0,TIKTOK,69.62333333,69.62333333
2025-12-11,YK,SG,ZZ,690.78,67.0,26.0,FB,26.56846154,26.56846154
2025-12-11,SZ2-FF,CA,UNKNOWN,476.12,61.0,11.0,TIKTOK,43.28363636,43.28363636
2025-12-11,SZ-LL,CA,UNKNOWN,712.78,144.0,15.0,TIKTOK,47.51866667,47.51866667
2025-12-11,SZ1-ZQ,CA,UNKNOWN,178.84,16.0,0.0,TIKTOK,,
2025-12-12,SZ1-HJ,CA,UNKNOWN,164.21,36.0,4.0,TIKTOK,41.0525,41.0525
2025-12-12,SZ-LL,CA,UNKNOWN,479.89,70.0,7.0,TIKTOK,68.55571429,68.55571429
2025-12-12,SZ1—YX,CA,UNKNOWN,67.56,3.0,0.0,TIKTOK,,
2025-12-12,JK,爱尔兰,UNKNOWN,32.5,1.0,0.0,FB,,
2025-12-12,YK,SG,ZZ,996.86,94.0,31.0,FB,32.15677419,32.15677419
2025-12-12,SZ2-FF,CA,UNKNOWN,701.2,60.0,14.0,TIKTOK,50.08571429,50.08571429
2025-12-12,HY,爱尔兰,ZZ,123.54,4.0,2.0,FB,61.77,61.77
2025-12-13,YK,SG,ZZ,914.19,86.0,28.0,FB,32.64964286,32.64964286
2025-12-14,YK,SG,ZZ,224.61,18.0,8.0,FB,28.07625,28.07625
2025-12-14,SZ1-HJ,CA,UNKNOWN,294.39,68.0,9.0,TIKTOK,32.71,32.71
2025-12-14,SZ1—YX,CA,UNKNOWN,67.97,8.0,0.0,TIKTOK,,
2025-12-14,SZ1-ZQ,CA,UNKNOWN,209.4,23.0,0.0,TIKTOK,,
2025-12-14,SZ2-FF,CA,UNKNOWN,1301.93,122.0,22.0,TIKTOK,59.17863636,59.17863636
2025-12-14,SZ-LL,CA,UNKNOWN,928.72,171.0,23.0,TIKTOK,40.37913043,40.37913043
2025-12-15,YK,SG,ZZ,205.77,12.0,3.0,FB,68.59,68.59
2025-12-15,HY,爱尔兰,ZZ,79.44,3.0,0.0,FB,,
2025-12-15,SZ1—YX,CA,UNKNOWN,66.29,3.0,0.0,TIKTOK,,
2025-12-15,SZ1-HJ,CA,UNKNOWN,102.28,25.0,1.0,TIKTOK,102.28,102.28
2025-12-15,SZ-LL,CA,UNKNOWN,532.09,82.0,19.0,TIKTOK,28.00473684,28.00473684
2025-12-15,LM,IN,UNKNOWN,14.7,0.0,0.0,FB,,
2025-12-15,JK,IN,UNKNOWN,13.34,0.0,0.0,FB,,
2025-12-15,SZ2-FF,CA,UNKNOWN,820.06,107.0,23.0,TIKTOK,35.65478261,35.65478261
2025-12-16,YK,SG,ZZ,352.58,24.0,7.0,FB,50.36857143,50.36857143
2025-12-16,HY,爱尔兰,ZZ,305.94,10.0,3.0,FB,101.98,101.98
2025-12-16,SZ1-HJ,CA,UNKNOWN,151.15,39.0,3.0,TIKTOK,50.38333333,50.38333333
2025-12-16,SZ1—YX,CA,UNKNOWN,171.78,17.0,3.0,TIKTOK,57.26,57.26
2025-12-16,SZ-LL,CA,UNKNOWN,1040.97,157.0,20.0,TIKTOK,52.0485,52.0485
2025-12-16,LM,爱尔兰,UNKNOWN,82.43,0.0,0.0,FB,,
2025-12-16,YJ,SG,ZZ,30.71,0.0,0.0,TIKTOK,,
2025-12-16,SZ2-FF,CA,UNKNOWN,1246.6,150.0,20.0,TIKTOK,62.33,62.33
2025-12-17,HY,爱尔兰,ZZ,142.82,4.0,1.0,FB,142.82,142.82
2025-12-17,SZ1-HJ,CA,UNKNOWN,58.91,9.0,1.0,TIKTOK,58.91,58.91
2025-12-17,SZ1—YX,CA,UNKNOWN,427.37,30.0,9.0,TIKTOK,47.48555556,47.48555556
2025-12-17,SZ-LL,CA,UNKNOWN,946.86,162.0,27.0,TIKTOK,35.06888889,35.06888889
2025-12-17,YJ,巴西,ZZ,290.04,6.0,0.0,FB,,
2025-12-17,YK,SG,ZZ,1868.77,96.0,33.0,FB,56.62939394,56.62939394
2025-12-17,LM,巴西,UNKNOWN,118.63,5.0,0.0,FB,,
2025-12-17,SZ2-FF,CA,UNKNOWN,1465.42,156.0,32.0,TIKTOK,45.794375,45.794375
2025-12-18,YK,SG,ZZ,1137.32,81.0,25.0,FB,45.4928,45.4928
2025-12-18,HY,爱尔兰,ZZ,107.64,4.0,0.0,FB,,
2025-12-18,SZ1—YX,CA,UNKNOWN,178.18,19.0,2.0,TIKTOK,89.09,89.09
2025-12-18,SZ1-HJ,CA,UNKNOWN,68.44,0.0,3.0,TIKTOK,22.81333333,22.81333333
2025-12-18,SZ-LL,CA,UNKNOWN,1101.57,104.0,17.0,TIKTOK,64.79823529,64.79823529
2025-12-18,YJ,巴西,ZZ,428.5,20.0,0.0,FB,,
2025-12-18,SZ2-FF,CA,UNKNOWN,1052.6,70.0,17.0,TIKTOK,61.91764706,61.91764706
2025-12-18,LM,巴西,UNKNOWN,65.4,5.0,0.0,FB,,
2025-12-18,JK,巴西,UNKNOWN,184.97,15.0,0.0,FB,,
2025-12-18,LD,巴西,UNKNOWN,83.43,2.0,0.0,FB,,
2025-12-19,SZ1-HJ,CA,UNKNOWN,162.52,27.0,1.0,TIKTOK,162.52,162.52
2025-12-19,SZ1—YX,CA,UNKNOWN,266.34,29.0,3.0,TIKTOK,88.78,88.78
2025-12-19,SZ-LL,CA,UNKNOWN,2218.23,288.0,43.0,TIKTOK,51.58674419,51.58674419
2025-12-19,YJ,巴西,ZZ,446.06,13.0,0.0,FB,,
2025-12-19,JK,巴西,UNKNOWN,150.8,6.0,0.0,FB,,
2025-12-19,MY,SG,ZZ,24.02,0.0,0.0,FB,,
2025-12-19,YK,SG,ZZ,1603.62,86.0,27.0,FB,59.39333333,59.39333333
2025-12-19,LD,巴西,UNKNOWN,47.73,1.0,0.0,FB,,
2025-12-19,YJ,SG,ZZ,4.52,0.0,0.0,FB,,
2025-12-19,LD,爱尔兰,UNKNOWN,40.37,0.0,0.0,FB,,
2025-12-19,SZ2-FF,CA,UNKNOWN,839.41,58.0,10.0,TIKTOK,83.941,83.941
2025-12-19,LM,爱尔兰,UNKNOWN,210.69,8.0,0.0,FB,,
2025-12-19,LM,巴西,UNKNOWN,127.44,4.0,0.0,FB,,
2025-12-20,YK,SG,ZZ,1068.18,64.0,20.0,FB,53.409,53.409
2025-12-20,LM,SG,UNKNOWN,9.44,0.0,0.0,FB,,
2025-12-20,SZ1—YX,CA,UNKNOWN,122.45,10.0,0.0,TIKTOK,,
2025-12-20,SZ1-HJ,CA,UNKNOWN,80.78,23.0,1.0,TIKTOK,80.78,80.78
2025-12-20,SZ2-FF,CA,UNKNOWN,1076.21,100.0,8.0,TIKTOK,134.52625,134.52625
2025-12-20,SZ-LL,CA,UNKNOWN,1550.46,188.0,32.0,TIKTOK,48.451875,48.451875
2025-01-12,SG,IN,ZZ,0.0,0.0,0.0,,,
