时间戳记,日期,投手,地区,广告消耗（AD Spend） 美元(USD) ,成效（result）,进粉数（people）,平台,单粉成本,单次成效费用,所属团队（team）
2024-09-24 00:45:16.143000,2024-09-23,善光,土耳其(Turkey),269.53,9.0,8.0,,33.69125,33.69125,深圳团队
2024-09-24 00:46:33.558000,2024-09-23,善光,印度（India）,11016.23,709.0,526.0,,20.94340304,20.94340304,深圳团队
2024-09-24 00:47:04.078000,2024-09-23,紫光,印度（India）,547.61,29.0,24.0,,22.81708333,22.81708333,深圳团队
2024-09-24 00:47:40.572000,2024-09-23,紫光,土耳其(Turkey),254.74,11.0,9.0,,28.30444444,28.30444444,深圳团队
2024-09-24 00:51:32.328000,2024-09-23,WYF,土耳其(Turkey),1228.01,41.0,18.0,,68.22277778,68.22277778,郑州团队
2024-09-24 15:17:38.525000,2024-09-23,阿北,印度（India）,5733.56,278.0,139.0,,41.24863309,41.24863309,深圳团队
2024-09-24 15:18:27.964000,2024-09-23,云迪,印度（India）,8721.08,792.0,450.0,,19.38017778,19.38017778,深圳团队
2024-09-24 15:21:14.460000,2024-09-23,老郭,印度（India）,1726.85,132.0,83.0,,20.80542169,20.80542169,深圳团队
2024-09-24 15:30:26.439000,2024-09-23,LYD,土耳其(Turkey),222.96,8.0,5.0,,44.592,44.592,金边团队
2024-09-24 15:31:17.828000,2024-09-23,LYD,印度（India）,22.96,2.0,0.0,,#DIV/0!,#DIV/0!,金边团队
2024-09-24 15:31:26.108000,2024-09-23,LJA,土耳其(Turkey),2962.44,86.0,37.0,,80.06594595,80.06594595,郑州团队
2024-09-24 15:31:38.219000,2024-09-23,HF,土耳其(Turkey),1340.57,54.0,10.0,,134.057,134.057,郑州团队
2024-09-24 15:33:18.268000,2024-09-24,LQ,土耳其(Turkey),2410.29,71.0,15.0,,160.686,160.686,郑州团队
2024-09-24 15:34:13.883000,2024-09-23,WD,土耳其(Turkey),2774.07,207.0,51.0,,54.39352941,54.39352941,郑州团队
2024-09-24 15:34:20.652000,2024-09-23,LQ,土耳其(Turkey),2410.29,71.0,0.0,,#DIV/0!,#DIV/0!,郑州团队
2024-09-24 15:34:51.408000,2024-09-23,WD,印度（India）,781.08,72.0,17.0,,45.94588235,45.94588235,郑州团队
2024-09-24 15:35:37.121000,2024-09-23,SG,印度（India）,6751.4,836.0,345.0,,19.56927536,19.56927536,郑州团队
2024-09-24 15:51:16.894000,2024-09-23,YK,印度（India）,5073.12,500.0,260.0,,19.512,19.512,金边团队
2024-09-24 15:51:55.484000,2024-09-23,YK,土耳其(Turkey),1126.21,40.0,15.0,,75.08066667,75.08066667,金边团队
2024-09-24 15:53:16.414000,2024-09-23,MY,印度（India）,7805.79,800.0,479.0,,16.29601253,16.29601253,金边团队
2024-09-24 15:54:32.239000,2024-09-23,MY,土耳其(Turkey),272.21,16.0,11.0,,24.74636364,24.74636364,金边团队
2024-09-24 15:56:17.785000,2024-09-23,YJ,印度（India）,6084.07,590.0,261.0,,23.31061303,23.31061303,郑州团队
2024-09-24 16:06:46.937000,2024-09-23,HY,土耳其(Turkey),5789.73,344.0,222.0,,26.07986486,26.07986486,郑州团队
2024-09-24 18:09:18.909000,2024-09-23,小赵,印度（India）,2406.18,156.0,72.0,,33.41916667,33.41916667,深圳团队
2024-09-24 19:38:03.976000,2024-09-23,憨豆,印度（India）,196.12,53.0,38.0,,5.161052632,5.161052632,深圳团队
2024-09-24 19:40:20.692000,2024-09-23,憨豆,土耳其(Turkey),204.39,10.0,4.0,,51.0975,51.0975,深圳团队
2024-09-24 21:14:05.598000,2024-09-24,SG,土耳其(Turkey),200.58,12.0,4.0,,50.145,50.145,郑州团队
2024-09-24 22:10:38.241000,2024-09-23,Mar,印度（India）,2074.11,130.0,45.0,,46.09133333,46.09133333,郑州团队
2024-09-24 22:23:52.962000,2024-09-24,LJA,土耳其(Turkey),1953.66,65.0,0.0,,#DIV/0!,#DIV/0!,郑州团队
2024-09-24 22:40:52.701000,2024-09-24,LQ,土耳其(Turkey),3029.89,108.0,0.0,,#DIV/0!,#DIV/0!,郑州团队
2024-09-24 22:42:31.819000,2024-09-24,SG,印度（India）,8291.58,1128.0,458.0,,18.10388646,18.10388646,郑州团队
2024-09-24 22:46:37.321000,2024-09-24,WD,印度（India）,1884.92,169.0,66.0,,28.55939394,28.55939394,郑州团队
2024-09-24 22:50:50.850000,2024-09-24,HF,土耳其(Turkey),603.09,22.0,0.0,,#DIV/0!,#DIV/0!,郑州团队
2024-09-24 22:51:24.968000,2024-09-24,WD,土耳其(Turkey),1836.48,92.0,11.0,,166.9527273,166.9527273,郑州团队
2024-09-24 22:53:57.910000,2024-09-24,MY,印度（India）,13320.05,1210.0,780.0,,17.07698718,17.07698718,金边团队
2024-09-24 22:56:56.040000,2024-09-24,YJ,土耳其(Turkey),984.33,60.0,33.0,,29.82818182,29.82818182,郑州团队
2024-09-24 22:57:29.899000,2024-09-24,Mar,印度（India）,2064.59,132.0,65.0,,31.76292308,31.76292308,郑州团队
2024-09-24 22:59:39.718000,2024-09-24,HY,土耳其(Turkey),3071.65,169.0,96.0,,31.99635417,31.99635417,郑州团队
2024-09-24 23:02:48.383000,2024-09-24,MY,土耳其(Turkey),724.12,31.0,22.0,,32.91454545,32.91454545,金边团队
2024-09-24 23:04:38.798000,2024-09-24,YJ,印度（India）,6242.76,651.0,273.0,,22.86725275,22.86725275,郑州团队
2024-09-24 23:08:55.739000,2024-09-24,YK,印度（India）,8029.99,800.0,467.0,,17.1948394,17.1948394,金边团队
2024-09-24 23:12:39.131000,2024-09-24,WYF,土耳其(Turkey),329.1,18.0,0.0,,#DIV/0!,#DIV/0!,郑州团队
2024-09-24 23:13:40.098000,2024-09-24,LYD,土耳其(Turkey),215.34,10.0,5.0,,43.068,43.068,金边团队
2024-09-24 23:14:05.029000,2024-09-24,YK,土耳其(Turkey),1349.33,70.0,41.0,,32.9104878,32.9104878,金边团队
2024-09-24 23:19:19.123000,2024-09-24,善光,土耳其(Turkey),3100.15,216.0,91.0,,34.06758242,34.06758242,深圳团队
2024-09-24 23:20:55.014000,2024-09-24,善光,印度（India）,5220.96,745.0,271.0,,19.26553506,19.26553506,深圳团队
2024-09-24 23:21:20.983000,2024-09-24,云迪,印度（India）,6310.66,547.0,307.0,,20.55589577,20.55589577,深圳团队
2024-09-24 23:21:31.264000,2024-09-24,紫光,土耳其(Turkey),5071.75,122.0,67.0,,75.69776119,75.69776119,深圳团队
2024-09-24 23:22:00.128000,2024-09-24,紫光,印度（India）,47.94,0.0,0.0,,#DIV/0!,#DIV/0!,深圳团队
2024-09-24 23:26:06.832000,2024-09-24,小赵,土耳其(Turkey),1049.56,50.0,17.0,,61.73882353,61.73882353,深圳团队
2024-09-24 23:29:31.673000,2024-09-24,老郭,印度（India）,7914.22,463.0,281.0,,28.16448399,28.16448399,深圳团队
2024-09-24 23:33:53.545000,2024-09-24,HW,印度（India）,4176.0,560.0,283.0,,14.75618375,14.75618375,金边团队
2024-09-24 23:34:34.251000,2024-09-24,憨豆,土耳其(Turkey),2264.03,134.0,38.0,,59.57973684,59.57973684,深圳团队
2024-09-24 23:35:57.336000,2024-09-23,牛仔,印度（India）,4.8,2.0,1.0,,4.8,4.8,
2024-09-24 23:48:56.464000,2024-09-24,阿北,印度（India）,387.32,32.0,17.0,,22.78352941,22.78352941,深圳团队
2024-09-24 23:49:31.300000,2024-09-24,阿北,土耳其(Turkey),441.26,13.0,9.0,,49.02888889,49.02888889,深圳团队
2024-09-24 23:52:04.407000,2024-09-23,AK,印度（India）,691.49,80.0,0.0,,#DIV/0!,#DIV/0!,深圳团队
2024-09-24 23:53:30.975000,2024-09-24,AK,印度（India）,5676.82,600.0,352.0,,16.12732955,16.12732955,深圳团队
2024-09-25 00:12:19.408000,2024-09-24,憨豆,印度（India）,21.56,0.0,0.0,,#DIV/0!,#DIV/0!,深圳团队
2024-09-25 00:16:35.995000,2024-09-24,小赵,印度（India）,119.25,0.0,0.0,,#DIV/0!,#DIV/0!,深圳团队
2024-09-25 22:20:21.083000,2024-09-25,WD,土耳其(Turkey),534.66,28.0,97.0,,5.511958763,5.511958763,郑州团队
2024-09-25 22:44:47.212000,2024-09-25,MY,印度（India）,9644.13,880.0,558.0,,17.2833871,17.2833871,金边团队
2024-09-25 22:47:59.220000,2024-09-25,MY,土耳其(Turkey),223.36,14.0,7.0,,31.90857143,31.90857143,金边团队
2024-09-25 22:49:04.995000,2024-09-25,WD,印度（India）,1599.05,174.0,79.0,,20.24113924,20.24113924,郑州团队
2024-09-25 22:58:08.171000,2024-09-25,LJA,土耳其(Turkey),617.59,10.0,4.0,,154.3975,154.3975,郑州团队
2024-09-25 22:59:33.927000,2024-09-25,LQ,土耳其(Turkey),2446.57,84.0,30.0,,81.55233333,81.55233333,郑州团队
2024-09-25 23:00:44.479000,2024-09-25,SG,印度（India）,11469.22,1558.0,711.0,,16.13111111,16.13111111,郑州团队
2024-09-25 23:01:12.551000,2024-09-25,YJ,土耳其(Turkey),1459.36,105.0,42.0,,34.74666667,34.74666667,郑州团队
2024-09-25 23:01:35.861000,2024-09-25,YK,土耳其(Turkey),1349.22,70.0,41.0,,32.90780488,32.90780488,金边团队
2024-09-25 23:01:59.448000,2024-09-25,LYD,土耳其(Turkey),36.41,1.0,0.0,,#DIV/0!,#DIV/0!,金边团队
2024-09-25 23:04:35.978000,2024-09-25,YK,印度（India）,5543.25,500.0,308.0,,17.99756494,17.99756494,金边团队
2024-09-25 23:04:55.028000,2024-09-25,WYF,土耳其(Turkey),425.31,18.0,6.0,,70.885,70.885,郑州团队
2024-09-25 23:05:24.575000,2024-09-25,YJ,印度（India）,6347.8,680.0,309.0,,20.54304207,20.54304207,郑州团队
2024-09-25 23:08:46.244000,2024-09-25,YK,土耳其(Turkey),1744.66,40.0,27.0,,64.61703704,64.61703704,金边团队
2024-09-25 23:15:27.962000,2024-09-25,Mar,印度（India）,3777.47,322.0,132.0,,28.61719697,28.61719697,郑州团队
2024-09-25 23:16:10.557000,2024-09-25,HF,土耳其(Turkey),174.01,4.0,2.0,,87.005,87.005,郑州团队
2024-09-25 23:42:20.417000,2024-09-25,HY,土耳其(Turkey),3601.1,193.0,117.0,,30.77863248,30.77863248,郑州团队
2024-09-25 23:42:49.344000,2024-09-25,小赵,土耳其(Turkey),2748.83,145.0,50.0,,54.9766,54.9766,深圳团队
2024-09-25 23:43:43.502000,2024-09-25,HW,印度（India）,9497.0,1050.0,507.0,,18.73175542,18.73175542,金边团队
2024-09-25 23:59:44.817000,2024-09-25,AK,印度（India）,10231.57,1047.0,500.0,,20.46314,20.46314,深圳团队
2024-09-26 00:00:10.876000,2024-09-25,紫光,印度（India）,1883.83,76.0,42.0,,44.85309524,44.85309524,深圳团队
2024-09-26 00:01:16.625000,2024-09-25,紫光,土耳其(Turkey),1039.14,50.0,17.0,,61.12588235,61.12588235,深圳团队
2024-09-26 00:09:22.348000,2024-09-25,善光,印度（India）,9710.7,557.0,478.0,,20.31527197,20.31527197,深圳团队
2024-09-26 00:11:02.317000,2024-09-25,善光,土耳其(Turkey),3309.12,210.0,114.0,,29.02736842,29.02736842,深圳团队
2024-09-26 00:12:50.519000,2024-09-25,云迪,印度（India）,10307.64,912.0,443.0,,23.26781038,23.26781038,深圳团队
2024-09-26 00:13:31.258000,2024-09-25,老郭,印度（India）,3222.56,167.0,93.0,,34.6511828,34.6511828,深圳团队
2024-09-26 00:44:35.042000,2024-09-25,阿北,土耳其(Turkey),409.0,18.0,9.0,,45.44444444,45.44444444,深圳团队
2024-09-26 00:45:31.744000,2024-09-25,阿北,印度（India）,3961.93,256.0,93.0,,42.60139785,42.60139785,深圳团队
2024-09-26 21:25:27.118000,2024-09-26,WD,印度（India）,0.0,0.0,0.0,,#DIV/0!,#DIV/0!,郑州团队
2024-09-26 21:26:31.524000,2024-09-26,WD,土耳其(Turkey),0.0,0.0,0.0,,#DIV/0!,#DIV/0!,郑州团队
2024-09-26 21:43:43.445000,2024-09-26,MY,印度（India）,0.0,0.0,28.0,,0,0,金边团队
2024-09-26 22:08:36.215000,2024-09-26,LJA,土耳其(Turkey),1434.45,33.0,10.0,,143.445,143.445,郑州团队
2024-09-26 22:08:35.745000,2024-09-26,SG,印度（India）,0.0,0.0,0.0,,#DIV/0!,#DIV/0!,郑州团队
2024-09-26 22:09:13.092000,2024-09-26,YJ,土耳其(Turkey),0.0,0.0,0.0,,#DIV/0!,#DIV/0!,郑州团队
2024-09-26 22:09:58.207000,2024-09-26,YJ,印度（India）,0.0,0.0,0.0,,#DIV/0!,#DIV/0!,郑州团队
2024-09-26 22:16:57.209000,2024-09-25,憨豆,印度（India）,1795.1,156.0,79.0,,22.72278481,22.72278481,深圳团队
2024-09-26 22:17:24.758000,2024-09-26,LQ,土耳其(Turkey),2306.34,92.0,30.0,,76.878,76.878,郑州团队
2024-09-26 22:19:32.541000,2024-09-25,憨豆,土耳其(Turkey),1115.32,50.0,32.0,,34.85375,34.85375,深圳团队
2024-09-26 22:44:43.689000,2024-09-25,ZJ,土耳其(Turkey),2328.52,91.0,29.0,,80.2937931,80.2937931,郑州团队
2024-09-26 22:46:14.262000,2024-09-24,ZJ,土耳其(Turkey),3652.4,135.0,84.0,,43.48095238,43.48095238,郑州团队
2024-09-26 22:57:01.470000,2024-09-26,LYD,土耳其(Turkey),286.34,22.0,13.0,,22.02615385,22.02615385,金边团队
2024-09-26 23:11:50.775000,2024-09-26,HF,土耳其(Turkey),610.24,27.0,15.0,,40.68266667,40.68266667,郑州团队
2024-09-26 23:53:59.130000,2024-09-26,ZJ,土耳其(Turkey),3357.59,141.0,48.0,,69.94979167,69.94979167,郑州团队
2024-09-27 00:41:57.917000,2024-09-26,HY,土耳其(Turkey),62.47,3.0,2.0,,31.235,31.235,郑州团队
2024-09-27 01:36:58.647000,2024-09-26,WYF,土耳其(Turkey),264.52,11.0,4.0,,66.13,66.13,郑州团队
2024-09-27 21:47:26.912000,2024-09-27,WD,土耳其(Turkey),0.0,0.0,0.0,,#DIV/0!,#DIV/0!,郑州团队
2024-09-27 21:48:19.267000,2024-09-27,WD,印度（India）,0.0,0.0,0.0,,#DIV/0!,#DIV/0!,郑州团队
2024-09-27 21:58:43.261000,2024-09-27,LQ,土耳其(Turkey),1948.87,66.0,28.0,,69.6025,69.6025,郑州团队
2024-09-27 22:44:40.867000,2024-09-27,YJ,土耳其(Turkey),0.0,0.0,0.0,,#DIV/0!,#DIV/0!,郑州团队
2024-09-27 22:45:22.036000,2024-09-27,YJ,印度（India）,0.0,0.0,0.0,,#DIV/0!,#DIV/0!,郑州团队
2024-09-27 22:45:31.470000,2024-09-27,WYF,土耳其(Turkey),398.33,10.0,3.0,,132.7766667,132.7766667,郑州团队
2024-09-27 22:47:11.778000,2024-09-27,LJA,土耳其(Turkey),1296.71,25.0,8.0,,162.08875,162.08875,郑州团队
2024-09-27 22:52:20.138000,2024-09-27,YK,土耳其(Turkey),0.0,0.0,0.0,,#DIV/0!,#DIV/0!,金边团队
2024-09-27 22:52:45.508000,2024-09-27,YK,印度（India）,0.0,0.0,0.0,,#DIV/0!,#DIV/0!,金边团队
2024-09-27 22:53:10.748000,2024-09-26,YK,印度（India）,0.0,0.0,0.0,,#DIV/0!,#DIV/0!,金边团队
2024-09-27 22:53:20.872000,2024-09-26,HW,印度（India）,0.0,0.0,15.0,,0,0,金边团队
2024-09-27 22:53:46.259000,2024-09-27,HW,印度（India）,0.0,0.0,0.0,,#DIV/0!,#DIV/0!,金边团队
2024-09-27 22:57:57.684000,2024-09-27,Mar,印度（India）,101.75,65.0,27.0,,3.768518519,3.768518519,郑州团队
2024-09-27 22:58:08.543000,2024-09-27,SG,印度（India）,0.0,0.0,0.0,,#DIV/0!,#DIV/0!,郑州团队
2024-09-27 22:59:09.987000,2024-09-26,YK,土耳其(Turkey),1400.0,90.0,35.0,,40,40,金边团队
2024-09-27 22:59:53.047000,2024-09-27,HY,土耳其(Turkey),100.73,3.0,1.0,,100.73,100.73,郑州团队
2024-09-27 23:27:50.769000,2024-09-27,HF,土耳其(Turkey),444.98,21.0,8.0,,55.6225,55.6225,郑州团队
2024-09-27 23:34:13.777000,2024-09-27,LYD,土耳其(Turkey),528.89,28.0,11.0,,48.08090909,48.08090909,金边团队
2024-09-27 23:35:44.547000,2024-09-27,ZJ,土耳其(Turkey),2887.25,115.0,39.0,,74.03205128,74.03205128,郑州团队
2024-09-28 12:17:04.425000,2024-09-26,YK,土耳其(Turkey),1400.0,90.0,35.0,,40,40,金边团队
2024-09-28 20:54:10.791000,2024-09-28,YK,土耳其(Turkey),0.0,0.0,0.0,,#DIV/0!,#DIV/0!,金边团队
2024-09-28 20:54:34.449000,2024-09-28,YK,印度（India）,0.0,0.0,0.0,,#DIV/0!,#DIV/0!,金边团队
2024-09-28 21:03:19.610000,2024-09-27,MY,印度（India）,0.0,0.0,0.0,,#DIV/0!,#DIV/0!,金边团队
2024-09-28 21:03:40.116000,2024-09-28,MY,印度（India）,0.0,0.0,0.0,,#DIV/0!,#DIV/0!,金边团队
2024-09-28 21:04:12.659000,2024-09-26,MY,土耳其(Turkey),0.0,0.0,0.0,,#DIV/0!,#DIV/0!,金边团队
2024-09-28 21:04:30.090000,2024-09-27,MY,土耳其(Turkey),0.0,0.0,0.0,,#DIV/0!,#DIV/0!,金边团队
2024-09-28 21:04:48.985000,2024-09-28,MY,土耳其(Turkey),0.0,0.0,0.0,,#DIV/0!,#DIV/0!,金边团队
2024-09-28 22:19:33.697000,2024-09-28,WD,土耳其(Turkey),0.0,0.0,0.0,,#DIV/0!,#DIV/0!,郑州团队
2024-09-28 22:21:01.981000,2024-09-28,WD,印度（India）,0.0,0.0,0.0,,#DIV/0!,#DIV/0!,郑州团队
2024-09-28 22:22:08.544000,2024-09-28,LJA,土耳其(Turkey),792.18,26.0,13.0,,60.93692308,60.93692308,郑州团队
2024-09-28 22:41:05.304000,2024-09-28,SG,印度（India）,0.0,0.0,0.0,,#DIV/0!,#DIV/0!,郑州团队
2024-09-28 22:41:18.728000,2024-09-28,YJ,土耳其(Turkey),0.0,0.0,0.0,,#DIV/0!,#DIV/0!,郑州团队
2024-09-28 22:41:59.448000,2024-09-29,YJ,印度（India）,0.0,0.0,0.0,,#DIV/0!,#DIV/0!,郑州团队
2024-09-28 22:55:27.771000,2024-09-28,ZJ,土耳其(Turkey),1352.83,75.0,32.0,,42.2759375,42.2759375,郑州团队
2024-09-28 22:55:34.098000,2024-09-28,LQ,土耳其(Turkey),779.07,37.0,18.0,,43.28166667,43.28166667,郑州团队
2024-09-28 23:08:42.694000,2024-09-28,HF,土耳其(Turkey),664.57,43.0,21.0,,31.64619048,31.64619048,郑州团队
2024-09-28 23:59:39.856000,2024-09-28,HY,土耳其(Turkey),847.22,44.0,21.0,,40.34380952,40.34380952,郑州团队
2024-09-29 10:20:05.872000,2024-09-28,WYF,土耳其(Turkey),23.86,0.0,0.0,,#DIV/0!,#DIV/0!,郑州团队
2024-09-29 10:44:53.988000,2024-09-28,LYD,土耳其(Turkey),708.0,36.0,18.0,,39.33333333,39.33333333,金边团队
2024-09-29 13:26:00.237000,2024-09-28,善光,土耳其(Turkey),180.95,16.0,9.0,,20.10555556,20.10555556,深圳团队
2024-09-29 18:06:33.364000,2024-09-29,LJA,土耳其(Turkey),442.36,34.0,11.0,,40.21454545,40.21454545,郑州团队
2024-09-29 18:31:45.249000,2024-09-29,LQ,土耳其(Turkey),459.54,26.0,8.0,,57.4425,57.4425,郑州团队
2024-09-29 21:46:26.982000,2024-09-29,HW,印度（India）,3438.0,550.0,251.0,,13.69721116,13.69721116,金边团队
2024-09-29 22:36:15.796000,2024-09-29,SG,印度（India）,13209.94,2215.0,1130.0,,11.69021239,11.69021239,郑州团队
2024-09-29 22:44:22.925000,2024-09-29,YK,土耳其(Turkey),0.0,0.0,0.0,,#DIV/0!,#DIV/0!,金边团队
2024-09-29 22:45:32.260000,2024-09-29,WD,土耳其(Turkey),0.0,0.0,0.0,,#DIV/0!,#DIV/0!,郑州团队
2024-09-29 22:50:36.850000,2024-09-29,YJ,土耳其(Turkey),253.85,35.0,11.0,,23.07727273,23.07727273,郑州团队
2024-09-29 22:51:40.005000,2024-09-29,ZJ,土耳其(Turkey),546.77,44.0,18.0,,30.37611111,30.37611111,郑州团队
2024-09-29 22:54:19.367000,2024-09-29,MY,土耳其(Turkey),0.0,0.0,0.0,,#DIV/0!,#DIV/0!,金边团队
2024-09-29 22:54:53.792000,2024-09-29,MY,印度（India）,0.0,0.0,0.0,,#DIV/0!,#DIV/0!,金边团队
2024-09-29 22:56:11.151000,2024-09-29,HF,土耳其(Turkey),276.15,14.0,8.0,,34.51875,34.51875,郑州团队
2024-09-29 23:03:42.973000,2024-09-29,YJ,印度（India）,945.58,98.0,43.0,,21.99023256,21.99023256,郑州团队
2024-09-29 23:08:25.673000,2024-09-29,WYF,土耳其(Turkey),11.39,0.0,0.0,,#DIV/0!,#DIV/0!,郑州团队
2024-09-29 23:14:00.832000,2024-09-29,LYD,土耳其(Turkey),30.3,3.0,0.0,,#DIV/0!,#DIV/0!,金边团队
2024-09-29 23:19:16.286000,2024-09-29,HY,土耳其(Turkey),2435.24,155.0,51.0,,47.74980392,47.74980392,郑州团队
2024-09-30 13:52:17.431000,2024-09-29,善光,印度（India）,900.8,99.0,77.0,,11.6987013,11.6987013,深圳团队
2024-09-30 13:54:34.523000,2024-09-29,善光,土耳其(Turkey),1326.6,84.0,60.0,,22.11,22.11,深圳团队
2024-09-30 13:58:32.894000,2024-09-29,云迪,印度（India）,1050.9,388.0,271.0,,3.877859779,3.877859779,深圳团队
2024-09-30 14:55:17.456000,2024-09-29,AK,印度（India）,3000.07,400.0,222.0,,13.51382883,13.51382883,深圳团队
2024-09-30 18:54:32.945000,2024-09-30,ZJ,土耳其(Turkey),1022.59,54.0,28.0,,36.52107143,36.52107143,郑州团队
2024-09-30 21:07:21.045000,2024-09-30,LJA,印度（India）,129.37,27.0,9.0,,14.37444444,14.37444444,郑州团队
2024-09-30 21:58:25.721000,2024-09-29,WD,印度（India）,0.0,0.0,0.0,,#DIV/0!,#DIV/0!,郑州团队
2024-09-30 21:59:48.796000,2024-09-30,WD,土耳其(Turkey),0.0,0.0,0.0,,#DIV/0!,#DIV/0!,郑州团队
2024-09-30 22:15:26.178000,2024-09-30,LQ,印度（India）,0.0,0.0,0.0,,#DIV/0!,#DIV/0!,郑州团队
2024-09-30 22:16:44.360000,2024-09-27,老郭,土耳其(Turkey),0.3,0.0,0.0,,#DIV/0!,#DIV/0!,深圳团队
2024-09-30 22:17:14.523000,2024-09-30,MY,印度（India）,1280.7,43.0,38.0,,33.70263158,33.70263158,金边团队
2024-09-30 22:17:58.513000,2024-09-28,老郭,土耳其(Turkey),38.0,0.0,0.0,,#DIV/0!,#DIV/0!,深圳团队
2024-09-30 22:18:26.916000,2024-09-29,老郭,土耳其(Turkey),0.16,0.0,0.0,,#DIV/0!,#DIV/0!,深圳团队
2024-09-30 22:21:48.666000,2024-09-29,老郭,印度（India）,644.77,117.0,78.0,,8.266282051,8.266282051,深圳团队
2024-09-30 22:32:52.755000,2024-09-30,HF,土耳其(Turkey),109.62,4.0,1.0,,109.62,109.62,郑州团队
2024-09-30 22:44:13.884000,2024-09-30,WYF,印度（India）,7.35,0.0,0.0,,#DIV/0!,#DIV/0!,郑州团队
2024-09-30 22:48:43.620000,2024-09-30,HF,印度（India）,389.57,30.0,5.0,,77.914,77.914,郑州团队
2024-09-30 22:56:09.193000,2024-09-30,WD,印度（India）,379.06,36.0,5.0,,75.812,75.812,郑州团队
2024-09-30 22:56:55.655000,2024-09-30,HW,印度（India）,0.0,0.0,13.0,,0,0,金边团队
2024-09-30 23:08:53.001000,2024-09-30,YJ,土耳其(Turkey),0.0,0.0,0.0,,#DIV/0!,#DIV/0!,郑州团队
2024-09-30 23:13:22.264000,2024-09-30,YJ,印度（India）,619.37,91.0,24.0,,25.80708333,25.80708333,郑州团队
2024-09-30 23:17:54.411000,2024-09-30,HY,土耳其(Turkey),1758.83,99.0,58.0,,30.32465517,30.32465517,郑州团队
2024-09-30 23:18:39.963000,2024-09-30,LYD,印度（India）,284.6,40.0,6.0,,47.43333333,47.43333333,金边团队
2024-09-30 23:19:18.648000,2024-09-30,SG,印度（India）,2405.34,381.0,163.0,,14.75668712,14.75668712,郑州团队
2024-09-30 23:50:46.876000,2024-09-30,YK,印度（India）,1503.29,95.0,65.0,,23.12753846,23.12753846,金边团队
2024-10-01 00:08:01.615000,2024-09-27,紫光,土耳其(Turkey),414.92,41.0,31.0,,13.38451613,13.38451613,深圳团队
2024-10-01 00:08:31.033000,2024-09-28,紫光,土耳其(Turkey),835.9,22.0,11.0,,75.99090909,75.99090909,深圳团队
2024-10-01 00:09:09.330000,2024-09-29,紫光,土耳其(Turkey),839.43,13.0,6.0,,139.905,139.905,深圳团队
2024-10-01 00:09:53.873000,2024-09-29,紫光,印度（India）,247.35,20.0,11.0,,22.48636364,22.48636364,深圳团队
2024-10-01 01:56:03.586000,2024-09-29,憨豆,印度（India）,191.23,52.0,34.0,,5.624411765,5.624411765,深圳团队
2024-10-01 02:46:23.104000,2024-09-30,憨豆,印度（India）,1092.4,215.0,127.0,,8.601574803,8.601574803,深圳团队
2024-10-01 03:45:02.065000,2024-09-30,善光,印度（India）,2286.78,158.0,107.0,,21.3717757,21.3717757,深圳团队
2024-10-01 03:47:25.671000,2024-09-30,善光,土耳其(Turkey),1068.7,112.0,70.0,,15.26714286,15.26714286,深圳团队
2024-10-01 06:21:08.547000,2024-09-30,云迪,印度（India）,10275.0,1268.0,846.0,,12.14539007,12.14539007,深圳团队
2024-10-01 07:37:23.350000,2024-09-30,老郭,印度（India）,519.22,27.0,18.0,,28.84555556,28.84555556,深圳团队
2024-10-01 07:39:19.006000,2024-09-30,AK,印度（India）,7749.6,1000.0,556.0,,13.9381295,13.9381295,深圳团队
2024-10-01 14:53:31.635000,2024-09-29,云迪,土耳其(Turkey),3.3,0.0,0.0,,#DIV/0!,#DIV/0!,深圳团队
2024-10-01 14:53:47.448000,2024-09-30,紫光,印度（India）,532.51,90.0,47.0,,11.33,11.33,深圳团队
2024-10-01 14:54:58.536000,2024-09-30,紫光,土耳其(Turkey),449.01,18.0,12.0,,37.4175,37.4175,深圳团队
2024-10-01 17:55:43.422000,2024-10-01,LJA,印度（India）,30.23,3.0,3.0,,10.07666667,10.07666667,郑州团队
2024-10-01 18:06:11.600000,2024-10-01,LQ,印度（India）,5.35,0.0,0.0,,#DIV/0!,#DIV/0!,郑州团队
2024-10-01 21:49:29.097000,2024-10-01,YJ,土耳其(Turkey),0.0,0.0,0.0,,#DIV/0!,#DIV/0!,郑州团队
2024-10-01 21:50:16.929000,2024-10-01,YJ,印度（India）,0.0,0.0,0.0,,#DIV/0!,#DIV/0!,郑州团队
2024-10-01 22:22:07.439000,2024-10-01,WD,土耳其(Turkey),0.0,0.0,0.0,,#DIV/0!,#DIV/0!,郑州团队
2024-10-01 22:44:32.242000,2024-10-01,HW,印度（India）,5877.0,779.0,363.0,,16.19008264,16.19008264,金边团队
2024-10-01 22:48:40.029000,2024-10-01,WYF,印度（India）,0.0,0.0,0.0,,#DIV/0!,#DIV/0!,郑州团队
2024-10-01 22:49:32.979000,2024-10-01,SG,印度（India）,8601.9,1023.0,481.0,,17.88336798,17.88336798,郑州团队
2024-10-01 23:00:41.465000,2024-10-01,MY,印度（India）,9321.22,965.0,741.0,,12.57924426,12.57924426,金边团队
2024-10-01 23:09:13.070000,2024-10-01,YK,印度（India）,745.49,61.0,24.0,,31.06208333,31.06208333,金边团队
2024-10-01 23:17:57.534000,2024-10-01,HF,印度（India）,1537.59,93.0,36.0,,42.71083333,42.71083333,郑州团队
2024-10-02 00:22:26.773000,2024-10-01,LYD,印度（India）,4411.85,591.0,229.0,,19.26572052,19.26572052,金边团队
2024-10-02 04:24:37.219000,2024-10-01,HY,土耳其(Turkey),914.99,31.0,26.0,,35.19192308,35.19192308,郑州团队
2024-10-02 09:21:11.992000,2024-10-01,云迪,印度（India）,10184.39,1143.0,716.0,,14.22400838,14.22400838,深圳团队
2024-10-02 12:26:46.375000,2024-10-01,善光,印度（India）,227.65,20.0,12.0,,18.97083333,18.97083333,深圳团队
2024-10-02 12:35:09.994000,2024-10-01,紫光,土耳其(Turkey),403.86,33.0,27.0,,14.95777778,14.95777778,深圳团队
2024-10-02 12:36:23.440000,2024-10-01,紫光,印度（India）,1945.34,210.0,110.0,,17.68490909,17.68490909,深圳团队
2024-10-02 12:40:40.357000,2024-10-01,善光,土耳其(Turkey),1454.34,127.0,102.0,,14.25823529,14.25823529,深圳团队
2024-10-02 12:55:44.261000,2024-10-01,老郭,印度（India）,273.81,18.0,12.0,,22.8175,22.8175,深圳团队
2024-10-02 13:12:00.551000,2024-10-01,AK,印度（India）,15073.89,1600.0,745.0,,20.2334094,20.2334094,深圳团队
2024-10-02 19:23:01.085000,2024-10-02,LJA,印度（India）,0.0,0.0,0.0,,#DIV/0!,#DIV/0!,郑州团队
2024-10-02 20:30:16.148000,2024-10-02,LQ,印度（India）,0.0,0.0,0.0,,#DIV/0!,#DIV/0!,郑州团队
2024-10-02 20:46:49.874000,2024-10-02,HY,土耳其(Turkey),539.77,29.0,18.0,,29.98722222,29.98722222,郑州团队
2024-10-02 22:12:49.866000,2024-10-02,WYF,印度（India）,21.41,0.0,0.0,,#DIV/0!,#DIV/0!,郑州团队
2024-10-02 22:15:28.861000,2024-10-02,WYF,印度（India）,21.41,0.0,0.0,,#DIV/0!,#DIV/0!,郑州团队
2024-10-02 22:18:52.374000,2024-10-02,WD,土耳其(Turkey),0.0,0.0,0.0,,#DIV/0!,#DIV/0!,郑州团队
2024-10-02 22:30:27.652000,2024-10-02,YJ,土耳其(Turkey),0.0,0.0,0.0,,#DIV/0!,#DIV/0!,郑州团队
2024-10-02 22:31:18.521000,2024-10-02,YJ,印度（India）,0.0,0.0,0.0,,#DIV/0!,#DIV/0!,郑州团队
2024-10-02 22:59:31.617000,2024-10-01,HF,印度（India）,1537.59,93.0,36.0,,42.71083333,42.71083333,郑州团队
2024-10-02 23:00:19.371000,2024-10-02,SG,印度（India）,2493.91,342.0,170.0,,14.67005882,14.67005882,郑州团队
2024-10-02 23:03:05.332000,2024-10-02,MY,印度（India）,1002.12,145.0,123.0,,8.147317073,8.147317073,金边团队
2024-10-02 23:08:40.898000,2024-10-02,HF,印度（India）,335.11,52.0,19.0,,17.63736842,17.63736842,郑州团队
2024-10-02 23:12:34.710000,2024-10-02,HW,印度（India）,5044.0,712.0,435.0,,11.5954023,11.5954023,金边团队
2024-10-02 23:27:08.639000,2024-10-02,善光,土耳其(Turkey),1443.03,127.0,82.0,,17.59792683,17.59792683,深圳团队
2024-10-02 23:37:57.713000,2024-10-02,LYD,印度（India）,1072.7,177.0,64.0,,16.7609375,16.7609375,金边团队
2024-10-02 23:46:24.532000,2024-10-02,善光,印度（India）,601.23,139.0,107.0,,5.618971963,5.618971963,深圳团队
2024-10-03 00:37:38.092000,2024-10-02,云迪,印度（India）,9866.01,1152.0,746.0,,13.22521448,13.22521448,深圳团队
2024-10-03 00:38:29.140000,2024-10-01,憨豆,印度（India）,6662.53,618.0,375.0,,17.76674667,17.76674667,深圳团队
2024-10-03 00:38:58.359000,2024-10-02,老郭,印度（India）,181.89,12.0,8.0,,22.73625,22.73625,深圳团队
2024-10-03 00:43:31.194000,2024-10-02,憨豆,印度（India）,6940.36,736.0,496.0,,13.99266129,13.99266129,深圳团队
2024-10-03 00:46:33.070000,2024-09-27,憨豆,土耳其(Turkey),429.69,50.0,31.0,,13.86096774,13.86096774,深圳团队
2024-10-03 00:47:54.015000,2024-09-28,憨豆,土耳其(Turkey),2376.43,108.0,74.0,,32.11391892,32.11391892,深圳团队
2024-10-03 00:49:06.821000,2024-09-29,憨豆,土耳其(Turkey),2033.94,166.0,113.0,,17.99946903,17.99946903,深圳团队
2024-10-03 01:52:28.986000,2024-10-02,小赵,印度（India）,968.87,177.0,80.0,,12.110875,12.110875,深圳团队
2024-10-03 08:27:50.463000,2024-10-02,AK,印度（India）,4275.53,600.0,299.0,,14.29943144,14.29943144,深圳团队
2024-10-03 15:04:56.634000,2024-10-01,ZJ,土耳其(Turkey),0.0,0.0,0.0,,#DIV/0!,#DIV/0!,郑州团队
2024-10-03 15:05:25.905000,2024-10-02,ZJ,土耳其(Turkey),0.0,0.0,0.0,,#DIV/0!,#DIV/0!,郑州团队
2024-10-03 15:46:53.427000,2024-10-03,ZJ,土耳其(Turkey),829.1,36.0,14.0,,59.22142857,59.22142857,郑州团队
2024-10-03 23:18:45.705000,2024-10-03,LQ,印度（India）,0.0,0.0,0.0,,#DIV/0!,#DIV/0!,郑州团队
2024-10-03 23:52:15.387000,2024-10-03,WYF,印度（India）,0.0,0.0,0.0,,#DIV/0!,#DIV/0!,郑州团队
2024-10-04 00:28:39.516000,2024-10-02,WD,印度（India）,0.0,0.0,0.0,,#DIV/0!,#DIV/0!,郑州团队
2024-10-04 00:29:26.405000,2024-10-03,WD,土耳其(Turkey),0.0,0.0,0.0,,#DIV/0!,#DIV/0!,郑州团队
2024-10-04 00:29:57.972000,2024-10-03,YJ,土耳其(Turkey),0.0,0.0,0.0,,#DIV/0!,#DIV/0!,郑州团队
2024-10-04 00:30:26.503000,2024-10-03,SG,土耳其(Turkey),0.0,0.0,0.0,,#DIV/0!,#DIV/0!,郑州团队
2024-10-04 00:32:08.286000,2024-10-03,SG,印度（India）,0.0,0.0,9.0,,0,0,郑州团队
2024-10-04 00:32:53.107000,2024-10-03,WD,印度（India）,0.0,0.0,0.0,,#DIV/0!,#DIV/0!,郑州团队
2024-10-04 00:33:28.053000,2024-10-03,YJ,印度（India）,0.0,0.0,0.0,,#DIV/0!,#DIV/0!,郑州团队
2024-10-04 00:40:57.795000,2024-10-03,LJA,印度（India）,0.0,0.0,0.0,,#DIV/0!,#DIV/0!,郑州团队
2024-10-04 02:32:48.478000,2024-10-02,紫光,印度（India）,1009.06,138.0,105.0,,9.610095238,9.610095238,深圳团队
2024-10-04 06:28:59.700000,2024-10-03,LQ,印度（India）,0.0,0.0,0.0,,#DIV/0!,#DIV/0!,郑州团队
2024-10-04 08:36:39.344000,2024-10-03,HF,土耳其(Turkey),0.0,0.0,0.0,,#DIV/0!,#DIV/0!,郑州团队
2024-10-04 08:37:43.383000,2024-10-03,HF,印度（India）,0.0,0.0,0.0,,#DIV/0!,#DIV/0!,郑州团队
2024-10-04 13:09:57.283000,2024-10-03,Mar,印度（India）,341.31,16.0,3.0,,113.77,113.77,郑州团队
2024-10-04 16:09:28.177000,2024-10-03,HY,土耳其(Turkey),0.0,0.0,0.0,,#DIV/0!,#DIV/0!,郑州团队
2024-10-04 20:29:20.869000,2024-10-03,善光,土耳其(Turkey),2156.62,161.0,106.0,,20.3454717,20.3454717,深圳团队
2024-10-04 20:51:58.142000,2024-10-04,HY,土耳其(Turkey),0.0,0.0,0.0,,#DIV/0!,#DIV/0!,郑州团队
2024-10-04 20:52:05.166000,2024-10-04,WD,土耳其(Turkey),0.0,0.0,0.0,,#DIV/0!,#DIV/0!,郑州团队
2024-10-04 20:53:05.316000,2024-10-04,WD,印度（India）,0.0,0.0,0.0,,#DIV/0!,#DIV/0!,郑州团队
2024-10-04 21:04:00.838000,2024-10-04,LQ,印度（India）,0.0,0.0,0.0,,#DIV/0!,#DIV/0!,郑州团队
2024-10-04 21:04:31.293000,2024-10-04,HF,土耳其(Turkey),0.0,0.0,0.0,,#DIV/0!,#DIV/0!,郑州团队
2024-10-04 21:11:57.963000,2024-10-04,HF,印度（India）,59.24,19.0,11.0,,5.385454545,5.385454545,郑州团队
2024-10-04 21:17:02.542000,2024-10-04,ZJ,土耳其(Turkey),0.0,0.0,0.0,,#DIV/0!,#DIV/0!,郑州团队
2024-10-04 21:17:58.991000,2024-10-04,YJ,土耳其(Turkey),0.0,0.0,0.0,,#DIV/0!,#DIV/0!,郑州团队
2024-10-04 21:18:38.941000,2024-10-04,YJ,印度（India）,0.0,0.0,0.0,,#DIV/0!,#DIV/0!,郑州团队
2024-10-04 21:19:15.060000,2024-10-04,SG,印度（India）,0.0,0.0,0.0,,#DIV/0!,#DIV/0!,郑州团队
2024-10-04 21:34:08.850000,2024-10-04,WYF,印度（India）,4.89,0.0,0.0,,#DIV/0!,#DIV/0!,郑州团队
2024-10-04 22:51:48.878000,2024-10-04,LJA,印度（India）,0.0,0.0,0.0,,#DIV/0!,#DIV/0!,郑州团队
2024-10-04 22:59:32.668000,2024-10-04,LJA,印度（India）,4.51,0.0,0.0,,#DIV/0!,#DIV/0!,郑州团队
2024-10-05 20:38:15.843000,2024-10-05,SG,印度（India）,0.0,0.0,0.0,,#DIV/0!,#DIV/0!,郑州团队
2024-10-05 20:38:40.539000,2024-10-05,WD,印度（India）,0.0,0.0,0.0,,#DIV/0!,#DIV/0!,郑州团队
2024-10-05 20:38:57.289000,2024-10-05,YJ,印度（India）,0.0,0.0,0.0,,#DIV/0!,#DIV/0!,郑州团队
2024-10-05 21:04:01.648000,2024-10-05,LQ,印度（India）,0.0,0.0,0.0,,#DIV/0!,#DIV/0!,郑州团队
2024-10-05 21:20:11.194000,2024-10-05,HF,印度（India）,0.0,0.0,0.0,,#DIV/0!,#DIV/0!,郑州团队
2024-10-05 22:46:10.153000,2024-10-04,HY,土耳其(Turkey),0.0,0.0,0.0,,#DIV/0!,#DIV/0!,郑州团队
2024-10-06 02:01:32.791000,2024-10-05,LJA,印度（India）,0.0,0.0,0.0,,#DIV/0!,#DIV/0!,郑州团队
2024-10-06 12:44:58.517000,2024-10-04,善光,土耳其(Turkey),1235.89,126.0,73.0,,16.93,16.93,深圳团队
2024-10-06 12:46:02.422000,2024-10-05,善光,土耳其(Turkey),1469.19,103.0,48.0,,30.608125,30.608125,深圳团队
2024-10-06 18:05:10.167000,2024-10-06,HY,土耳其(Turkey),0.0,0.0,0.0,,#DIV/0!,#DIV/0!,郑州团队
2024-10-06 19:57:00.023000,2024-10-06,LJA,印度（India）,0.0,0.0,0.0,,#DIV/0!,#DIV/0!,郑州团队
2024-10-06 19:58:20.735000,2024-10-06,LQ,印度（India）,0.0,0.0,0.0,,#DIV/0!,#DIV/0!,郑州团队
2024-10-06 20:35:57.754000,2024-10-06,HF,印度（India）,0.0,0.0,0.0,,#DIV/0!,#DIV/0!,郑州团队
2024-10-06 21:06:29.608000,2024-10-06,WD,土耳其(Turkey),0.0,0.0,0.0,,#DIV/0!,#DIV/0!,郑州团队
2024-10-06 21:06:53.625000,2024-10-06,WD,印度（India）,0.0,0.0,0.0,,#DIV/0!,#DIV/0!,郑州团队
2024-10-06 23:18:32.362000,2024-10-06,SG,印度（India）,0.0,0.0,0.0,,#DIV/0!,#DIV/0!,郑州团队
2024-10-06 23:25:20.034000,2024-10-06,YJ,土耳其(Turkey),0.0,0.0,0.0,,#DIV/0!,#DIV/0!,郑州团队
2024-10-06 23:25:43.346000,2024-10-06,YJ,印度（India）,0.0,0.0,0.0,,#DIV/0!,#DIV/0!,郑州团队
2024-10-07 09:28:36.345000,2024-10-04,SG,土耳其(Turkey),0.0,0.0,0.0,,#DIV/0!,#DIV/0!,郑州团队
2024-10-07 10:50:32.287000,2024-10-05,ZJ,土耳其(Turkey),0.0,0.0,0.0,,#DIV/0!,#DIV/0!,郑州团队
2024-10-07 10:50:54.691000,2024-10-06,ZJ,土耳其(Turkey),0.0,0.0,0.0,,#DIV/0!,#DIV/0!,郑州团队
2024-10-07 18:37:04.746000,2024-10-07,HY,土耳其(Turkey),0.0,0.0,0.0,,#DIV/0!,#DIV/0!,郑州团队
2024-10-07 18:45:38.255000,2024-10-07,ZJ,土耳其(Turkey),0.0,0.0,0.0,,#DIV/0!,#DIV/0!,郑州团队
2024-10-07 18:46:58.092000,2024-10-07,ZJ,印度（India）,0.0,0.0,0.0,,#DIV/0!,#DIV/0!,郑州团队
2024-10-07 20:46:23.014000,2024-10-07,WD,土耳其(Turkey),0.0,0.0,0.0,,#DIV/0!,#DIV/0!,郑州团队
2024-10-07 20:46:45.276000,2024-10-07,WD,印度（India）,0.0,0.0,0.0,,#DIV/0!,#DIV/0!,郑州团队
2024-10-07 21:55:24.275000,2024-10-07,HF,印度（India）,0.0,0.0,0.0,,#DIV/0!,#DIV/0!,郑州团队
2024-10-07 22:42:50.327000,2024-10-07,LQ,印度（India）,207.88,25.0,20.0,,10.394,10.394,郑州团队
2024-10-07 23:04:51.116000,2024-10-07,SG,印度（India）,0.0,0.0,0.0,,#DIV/0!,#DIV/0!,郑州团队
2024-10-08 03:32:23.346000,2024-10-07,LJA,印度（India）,0.0,0.0,0.0,,#DIV/0!,#DIV/0!,郑州团队
2024-10-08 17:34:19.298000,2024-10-08,SG,印度（India）,0.0,0.0,0.0,,#DIV/0!,#DIV/0!,郑州团队
2024-10-08 18:29:21.632000,2024-10-08,WD,土耳其(Turkey),0.0,0.0,0.0,,#DIV/0!,#DIV/0!,郑州团队
2024-10-08 18:29:47.499000,2024-10-08,WD,印度（India）,0.0,0.0,0.0,,#DIV/0!,#DIV/0!,郑州团队
2024-10-08 20:30:25.680000,2024-10-08,HY,土耳其(Turkey),0.0,0.0,0.0,,#DIV/0!,#DIV/0!,郑州团队
2024-10-08 20:32:07.261000,2024-10-08,YJ,土耳其(Turkey),0.0,0.0,0.0,,#DIV/0!,#DIV/0!,郑州团队
2024-10-08 20:32:32.981000,2024-10-08,YJ,印度（India）,0.0,0.0,0.0,,#DIV/0!,#DIV/0!,郑州团队
2024-10-08 22:08:41.169000,2024-10-08,LJA,印度（India）,83.57,7.0,0.0,,#DIV/0!,#DIV/0!,郑州团队
2024-10-08 22:13:03.098000,2024-10-08,LQ,印度（India）,170.25,21.0,11.0,,15.47727273,15.47727273,郑州团队
2024-10-08 22:26:08.543000,2024-10-08,LJA,意大利（Italy),206.68,2.0,0.0,,#DIV/0!,#DIV/0!,郑州团队
2024-10-08 22:30:08.889000,2024-10-08,LQ,意大利（Italy),54.92,1.0,0.0,,#DIV/0!,#DIV/0!,郑州团队
2024-10-08 22:46:05.225000,2024-10-08,ZJ,印度（India）,0.0,0.0,0.0,,#DIV/0!,#DIV/0!,郑州团队
2024-10-08 23:03:05.718000,2024-10-08,HF,印度（India）,0.0,0.0,0.0,,#DIV/0!,#DIV/0!,郑州团队
2024-10-08 23:07:40.175000,2024-10-08,ZJ,意大利（Italy),248.1,3.0,0.0,,#DIV/0!,#DIV/0!,郑州团队
2024-10-08 23:08:33.938000,2024-10-08,HF,意大利（Italy),563.79,17.0,3.0,,187.93,187.93,郑州团队
2024-10-09 10:27:26.974000,2024-10-08,WYF,印度（India）,8.62,0.0,0.0,,#DIV/0!,#DIV/0!,郑州团队
2024-10-09 22:22:27.378000,2024-10-09,LJA,印度（India）,29.4,2.0,0.0,,#DIV/0!,#DIV/0!,郑州团队
2024-10-09 22:24:35.653000,2024-10-09,YJ,意大利（Italy),0.0,0.0,0.0,,#DIV/0!,#DIV/0!,郑州团队
2024-10-09 22:24:47.076000,2024-10-09,WD,土耳其(Turkey),0.0,0.0,0.0,,#DIV/0!,#DIV/0!,郑州团队
2024-10-09 22:25:00.792000,2024-10-09,YJ,印度（India）,0.0,0.0,0.0,,#DIV/0!,#DIV/0!,郑州团队
2024-10-09 22:25:25.581000,2024-10-09,WD,印度（India）,0.0,0.0,0.0,,#DIV/0!,#DIV/0!,郑州团队
2024-10-09 22:26:47.026000,2024-10-09,LJA,意大利（Italy),625.05,2.0,0.0,,#DIV/0!,#DIV/0!,郑州团队
2024-10-09 22:33:53.213000,2024-10-09,ZJ,意大利（Italy),319.05,6.0,0.0,,#DIV/0!,#DIV/0!,郑州团队
2024-10-09 22:35:22.427000,2024-10-09,WD,意大利（Italy),28.07,0.0,0.0,,#DIV/0!,#DIV/0!,郑州团队
2024-10-09 22:37:17.486000,2024-10-09,ZJ,印度（India）,0.0,0.0,0.0,,#DIV/0!,#DIV/0!,郑州团队
2024-10-09 22:50:16.519000,2024-10-09,云迪,印度（India）,389.48,71.0,44.0,,8.851818182,8.851818182,深圳团队
2024-10-09 22:53:15.268000,2024-10-09,HY,意大利（Italy),927.13,53.0,0.0,,#DIV/0!,#DIV/0!,郑州团队
2024-10-09 22:53:27.357000,2024-10-09,善光,印度（India）,343.71,89.0,48.0,,7.160625,7.160625,深圳团队
2024-10-09 23:07:15.447000,2024-10-09,HF,意大利（Italy),606.24,15.0,0.0,,#DIV/0!,#DIV/0!,郑州团队
2024-10-09 23:07:35.196000,2024-10-09,LQ,印度（India）,0.0,0.0,0.0,,#DIV/0!,#DIV/0!,郑州团队
2024-10-09 23:08:12.399000,2024-10-09,HF,印度（India）,0.0,0.0,0.0,,#DIV/0!,#DIV/0!,郑州团队
2024-10-09 23:26:31.916000,2024-10-08,LQ,意大利（Italy),453.24,3.0,0.0,,#DIV/0!,#DIV/0!,郑州团队
2024-10-09 23:31:04.518000,2024-10-09,LQ,意大利（Italy),453.24,3.0,0.0,,#DIV/0!,#DIV/0!,郑州团队
2024-10-09 23:32:39.278000,2024-10-09,Mar,印度（India）,280.31,21.0,5.0,,56.062,56.062,郑州团队
2024-10-10 01:04:29.310000,2024-10-09,SG,意大利（Italy),199.43,9.0,0.0,,#DIV/0!,#DIV/0!,郑州团队
2024-10-10 01:05:00.235000,2024-10-09,SG,印度（India）,0.0,0.0,0.0,,#DIV/0!,#DIV/0!,郑州团队
2024-10-10 11:43:48.089000,2024-10-09,WYF,意大利（Italy),69.66,4.0,0.0,,#DIV/0!,#DIV/0!,郑州团队
2024-10-10 18:11:33.774000,2024-10-10,LJA,印度（India）,8.84,0.0,0.0,,#DIV/0!,#DIV/0!,郑州团队
2024-10-10 18:12:39.543000,2024-10-10,LQ,印度（India）,0.0,0.0,0.0,,#DIV/0!,#DIV/0!,郑州团队
2024-10-10 18:15:01.341000,2024-10-10,LJA,意大利（Italy),336.76,1.0,0.0,,#DIV/0!,#DIV/0!,郑州团队
2024-10-10 21:28:27.071000,2024-10-10,WD,土耳其(Turkey),0.0,0.0,0.0,,#DIV/0!,#DIV/0!,郑州团队
2024-10-10 21:29:46.695000,2024-10-10,WD,印度（India）,0.0,0.0,0.0,,#DIV/0!,#DIV/0!,郑州团队
2024-10-10 21:47:05.371000,2024-10-10,YJ,意大利（Italy),0.0,0.0,0.0,,#DIV/0!,#DIV/0!,郑州团队
2024-10-10 21:47:36.346000,2024-10-10,YJ,印度（India）,0.0,0.0,0.0,,#DIV/0!,#DIV/0!,郑州团队
2024-10-10 21:57:09.830000,2024-10-10,HY,意大利（Italy),1592.09,68.0,10.0,,159.209,159.209,郑州团队
2024-10-10 22:23:13.999000,2024-10-10,ZJ,意大利（Italy),327.42,9.0,0.0,,#DIV/0!,#DIV/0!,郑州团队
2024-10-10 22:23:40.207000,2024-10-10,ZJ,印度（India）,0.0,0.0,0.0,,#DIV/0!,#DIV/0!,郑州团队
2024-10-10 22:23:45.124000,2024-10-10,LQ,意大利（Italy),364.1,9.0,0.0,,#DIV/0!,#DIV/0!,郑州团队
2024-10-10 22:26:51.096000,2024-10-10,LQ,印度（India）,0.0,0.0,0.0,,#DIV/0!,#DIV/0!,郑州团队
2024-10-10 22:40:02.260000,2024-10-10,HF,印度（India）,608.21,87.0,38.0,,16.00552632,16.00552632,郑州团队
2024-10-10 23:01:46.509000,2024-10-10,WD,意大利（Italy),145.82,5.0,0.0,,#DIV/0!,#DIV/0!,郑州团队
2024-10-10 23:11:57.737000,2024-10-10,HF,意大利（Italy),161.44,4.0,0.0,,#DIV/0!,#DIV/0!,郑州团队
2024-10-10 23:17:08.496000,2024-10-10,SG,印度（India）,0.0,0.0,0.0,,#DIV/0!,#DIV/0!,郑州团队
2024-10-10 23:30:39.910000,2024-10-10,Mar,印度（India）,328.55,16.0,6.0,,54.75833333,54.75833333,郑州团队
2024-10-11 01:24:23.470000,2024-10-10,云迪,印度（India）,532.01,85.0,51.0,,10.43156863,10.43156863,深圳团队
2024-10-11 01:26:33.429000,2024-10-10,老郭,印度（India）,246.98,31.0,5.0,,49.396,49.396,深圳团队
2024-10-11 03:51:56.028000,2024-10-10,善光,印度（India）,586.03,114.0,66.0,,8.879242424,8.879242424,深圳团队
2024-10-11 11:43:06.408000,2024-10-03,LYD,印度（India）,0.0,0.0,0.0,,#DIV/0!,#DIV/0!,金边团队
2024-10-11 11:43:29.782000,2024-10-04,LYD,印度（India）,0.0,0.0,0.0,,#DIV/0!,#DIV/0!,金边团队
2024-10-11 11:43:49.924000,2024-10-05,LYD,印度（India）,0.0,0.0,0.0,,#DIV/0!,#DIV/0!,金边团队
2024-10-11 11:44:07.578000,2024-10-06,LYD,印度（India）,0.0,0.0,0.0,,#DIV/0!,#DIV/0!,金边团队
2024-10-11 11:44:24.944000,2024-10-07,LYD,印度（India）,0.0,0.0,0.0,,#DIV/0!,#DIV/0!,金边团队
2024-10-11 11:44:45.928000,2024-10-08,LYD,印度（India）,0.0,0.0,0.0,,#DIV/0!,#DIV/0!,金边团队
2024-10-11 11:45:01.576000,2024-10-09,LYD,印度（India）,0.0,0.0,0.0,,#DIV/0!,#DIV/0!,金边团队
2024-10-11 11:45:22.720000,2024-10-10,LYD,印度（India）,0.0,0.0,0.0,,#DIV/0!,#DIV/0!,金边团队
2024-10-11 12:48:22.806000,2024-10-03,MY,印度（India）,0.0,0.0,1.0,,0,0,金边团队
2024-10-11 12:48:43.710000,2024-10-04,MY,印度（India）,0.0,0.0,0.0,,#DIV/0!,#DIV/0!,金边团队
2024-10-11 12:48:59.269000,2024-10-05,MY,印度（India）,0.0,0.0,0.0,,#DIV/0!,#DIV/0!,金边团队
2024-10-11 12:49:15.435000,2024-10-06,MY,印度（India）,0.0,0.0,0.0,,#DIV/0!,#DIV/0!,金边团队
2024-10-11 12:49:34.005000,2024-10-07,MY,印度（India）,0.0,0.0,0.0,,#DIV/0!,#DIV/0!,金边团队
2024-10-11 12:49:49.766000,2024-10-08,MY,印度（India）,0.0,0.0,0.0,,#DIV/0!,#DIV/0!,金边团队
2024-10-11 12:50:10.175000,2024-10-09,MY,印度（India）,0.0,0.0,0.0,,#DIV/0!,#DIV/0!,金边团队
2024-10-11 12:50:29.002000,2024-10-10,MY,印度（India）,0.0,0.0,0.0,,#DIV/0!,#DIV/0!,金边团队
2024-10-11 17:10:35.260000,2024-10-11,LQ,意大利（Italy),28.77,1.0,0.0,,#DIV/0!,#DIV/0!,郑州团队
2024-10-11 19:26:14.265000,2024-10-11,ZJ,印度（India）,0.0,0.0,0.0,,#DIV/0!,#DIV/0!,郑州团队
2024-10-11 19:27:24.474000,2024-10-11,ZJ,意大利（Italy),189.98,2.0,0.0,,#DIV/0!,#DIV/0!,郑州团队
2024-10-11 21:12:49.645000,2024-10-11,WD,意大利（Italy),130.18,3.0,0.0,,#DIV/0!,#DIV/0!,郑州团队
2024-10-11 21:50:22.202000,2024-10-11,YJ,意大利（Italy),0.0,0.0,0.0,,#DIV/0!,#DIV/0!,郑州团队
2024-10-11 21:52:48.223000,2024-10-11,YJ,印度（India）,0.0,0.0,0.0,,#DIV/0!,#DIV/0!,郑州团队
2024-10-11 22:05:23.619000,2024-10-11,LQ,印度（India）,0.0,0.0,0.0,,#DIV/0!,#DIV/0!,郑州团队
2024-10-11 22:16:31.103000,2024-10-11,LJA,印度（India）,0.0,0.0,0.0,,#DIV/0!,#DIV/0!,郑州团队
2024-10-11 22:17:14.616000,2024-10-11,LJA,意大利（Italy),0.0,0.0,0.0,,#DIV/0!,#DIV/0!,郑州团队
2024-10-11 22:30:27.493000,2024-10-11,Mar,印度（India）,395.8,6.0,2.0,,197.9,197.9,郑州团队
2024-10-11 22:38:15.514000,2024-10-11,WD,印度（India）,23.14,8.0,0.0,,#DIV/0!,#DIV/0!,郑州团队
2024-10-11 22:45:26.876000,2024-10-10,WYF,意大利（Italy),908.0,3.0,0.0,,#DIV/0!,#DIV/0!,郑州团队
2024-10-11 22:47:54.603000,2024-10-11,HF,印度（India）,302.3,35.0,29.0,,10.42413793,10.42413793,郑州团队
2024-10-11 22:53:22.745000,2024-10-11,HF,意大利（Italy),50.45,2.0,0.0,,#DIV/0!,#DIV/0!,郑州团队
2024-10-11 23:05:20.278000,2024-10-11,HY,意大利（Italy),1330.03,46.0,0.0,,#DIV/0!,#DIV/0!,郑州团队
2024-10-11 23:08:29.088000,2024-10-11,紫光,土耳其(Turkey),113.0,3.0,3.0,,37.66666667,37.66666667,深圳团队
2024-10-11 23:34:26.739000,2024-10-11,SG,印度（India）,43.99,18.0,7.0,,6.284285714,6.284285714,郑州团队
2024-10-11 23:35:21.521000,2024-10-11,SG,意大利（Italy),31.76,1.0,0.0,,#DIV/0!,#DIV/0!,郑州团队
2024-10-11 23:41:21.867000,2024-10-11,云迪,印度（India）,983.93,122.0,68.0,,14.46955882,14.46955882,深圳团队
2024-10-11 23:42:24.484000,2024-10-11,云迪,土耳其(Turkey),68.14,3.0,1.0,,68.14,68.14,深圳团队
2024-10-11 23:43:10.855000,2024-10-11,小赵,印度（India）,616.68,124.0,52.0,,11.85923077,11.85923077,深圳团队
2024-10-12 00:00:07.593000,2024-10-11,AK,土耳其(Turkey),181.87,12.0,0.0,,#DIV/0!,#DIV/0!,深圳团队
2024-10-12 00:00:08.714000,2024-10-11,善光,土耳其(Turkey),41.44,4.0,1.0,,41.44,41.44,深圳团队
2024-10-12 12:38:47.420000,2024-10-11,MY,印度（India）,0.0,0.0,0.0,,#DIV/0!,#DIV/0!,金边团队
2024-10-12 19:15:30.533000,2024-10-11,LYD,印度（India）,0.0,0.0,0.0,,#DIV/0!,#DIV/0!,金边团队
2024-10-12 19:33:17.231000,2024-10-12,ZJ,意大利（Italy),61.4,3.0,0.0,,#DIV/0!,#DIV/0!,郑州团队
2024-10-12 19:34:12.721000,2024-10-12,ZJ,印度（India）,0.0,0.0,0.0,,#DIV/0!,#DIV/0!,郑州团队
2024-10-12 19:35:45.958000,2024-10-12,WD,印度（India）,0.0,0.0,0.0,,#DIV/0!,#DIV/0!,郑州团队
2024-10-12 19:36:36.027000,2024-10-12,WD,意大利（Italy),0.0,0.0,0.0,,#DIV/0!,#DIV/0!,郑州团队
2024-10-12 19:36:56.894000,2024-10-12,LQ,意大利（Italy),0.0,0.0,0.0,,#DIV/0!,#DIV/0!,郑州团队
2024-10-12 19:38:22.124000,2024-10-12,LQ,印度（India）,0.79,0.0,0.0,,#DIV/0!,#DIV/0!,郑州团队
2024-10-12 19:50:14.316000,2024-10-12,HY,意大利（Italy),273.36,15.0,9.0,,30.37333333,30.37333333,郑州团队
2024-10-12 21:37:59.694000,2024-10-12,HF,印度（India）,196.0,20.0,10.0,,19.6,19.6,郑州团队
2024-10-12 21:38:47.975000,2024-10-12,HF,意大利（Italy),6.94,0.0,0.0,,#DIV/0!,#DIV/0!,郑州团队
2024-10-12 22:22:03.350000,2024-10-12,YJ,印度（India）,0.0,0.0,0.0,,#DIV/0!,#DIV/0!,郑州团队
2024-10-12 22:31:11.425000,2024-10-12,SG,印度（India）,163.97,18.0,0.0,,#DIV/0!,#DIV/0!,郑州团队
2024-10-12 22:31:31.639000,2024-10-12,LJA,印度（India）,10.48,0.0,0.0,,#DIV/0!,#DIV/0!,郑州团队
2024-10-12 22:31:46.862000,2024-10-12,SG,意大利（Italy),0.0,0.0,0.0,,#DIV/0!,#DIV/0!,郑州团队
2024-10-12 22:32:12.393000,2024-10-12,YJ,意大利（Italy),0.0,0.0,0.0,,#DIV/0!,#DIV/0!,郑州团队
2024-10-12 22:34:06.315000,2024-10-12,LJA,意大利（Italy),41.8,0.0,0.0,,#DIV/0!,#DIV/0!,郑州团队
2024-10-12 23:37:54.418000,2024-10-12,WYF,意大利（Italy),0.0,0.0,0.0,,#DIV/0!,#DIV/0!,郑州团队
2024-10-13 00:55:24.118000,2024-10-12,紫光,土耳其(Turkey),215.3,12.0,10.0,,21.53,21.53,深圳团队
2024-10-13 00:56:15.187000,2024-10-12,善光,土耳其(Turkey),1232.0,124.0,67.0,,18.3880597,18.3880597,深圳团队
2024-10-13 00:56:23.884000,2024-10-12,云迪,印度（India）,331.17,57.0,38.0,,8.715,8.715,深圳团队
2024-10-13 00:58:25.542000,2024-10-12,云迪,土耳其(Turkey),720.72,46.0,25.0,,28.8288,28.8288,深圳团队
2024-10-13 01:02:06.302000,2024-10-12,阿北,土耳其(Turkey),46.51,2.0,0.0,,#DIV/0!,#DIV/0!,深圳团队
2024-10-13 16:39:55.947000,2024-10-12,MY,印度（India）,0.0,0.0,0.0,,#DIV/0!,#DIV/0!,金边团队
2024-10-13 17:54:15.667000,2024-10-13,ZJ,印度（India）,0.0,0.0,0.0,,#DIV/0!,#DIV/0!,郑州团队
2024-10-13 17:54:46.862000,2024-10-13,ZJ,意大利（Italy),0.0,0.0,0.0,,#DIV/0!,#DIV/0!,郑州团队
2024-10-13 19:01:35.499000,2024-10-13,LJA,意大利（Italy),0.0,0.0,0.0,,#DIV/0!,#DIV/0!,郑州团队
2024-10-13 19:02:24.703000,2024-10-13,LJA,印度（India）,11.56,0.0,0.0,,#DIV/0!,#DIV/0!,郑州团队
2024-10-13 20:01:25.825000,2024-10-13,WD,印度（India）,0.0,0.0,0.0,,#DIV/0!,#DIV/0!,郑州团队
2024-10-13 20:02:10.758000,2024-10-13,WD,意大利（Italy),0.0,0.0,0.0,,#DIV/0!,#DIV/0!,郑州团队
2024-10-13 20:03:44.463000,2024-10-13,LQ,印度（India）,0.0,0.0,0.0,,#DIV/0!,#DIV/0!,郑州团队
2024-10-13 20:04:23.978000,2024-10-13,LQ,意大利（Italy),0.0,0.0,0.0,,#DIV/0!,#DIV/0!,郑州团队
2024-10-13 21:50:42.606000,2024-10-13,YJ,意大利（Italy),0.0,0.0,0.0,,#DIV/0!,#DIV/0!,郑州团队
2024-10-13 21:51:16.773000,2024-10-13,YJ,印度（India）,0.0,0.0,0.0,,#DIV/0!,#DIV/0!,郑州团队
2024-10-13 22:00:03.767000,2024-10-12,LYD,印度（India）,0.0,0.0,0.0,,#DIV/0!,#DIV/0!,金边团队
2024-10-13 23:05:45.112000,2024-10-13,HF,意大利（Italy),0.0,0.0,0.0,,#DIV/0!,#DIV/0!,郑州团队
2024-10-13 23:07:07.010000,2024-10-13,HF,印度（India）,993.09,113.0,56.0,,17.73375,17.73375,郑州团队
2024-10-13 23:12:55.263000,2024-10-13,SG,意大利（Italy),400.11,21.0,0.0,,#DIV/0!,#DIV/0!,郑州团队
2024-10-13 23:16:25.080000,2024-10-13,SG,印度（India）,5.21,7.0,0.0,,#DIV/0!,#DIV/0!,郑州团队
2024-10-13 23:18:51.650000,2024-10-13,HY,意大利（Italy),1622.22,75.0,37.0,,43.84378378,43.84378378,郑州团队
2024-10-14 00:25:48.283000,2024-10-13,善光,印度（India）,534.51,130.0,101.0,,5.292178218,5.292178218,深圳团队
2024-10-14 05:52:37.105000,2024-10-13,云迪,印度（India）,282.51,47.0,34.0,,8.309117647,8.309117647,深圳团队
2024-10-14 05:54:26.765000,2024-10-13,云迪,土耳其(Turkey),936.92,59.0,31.0,,30.22322581,30.22322581,深圳团队
2024-10-14 13:35:34.883000,2024-10-13,MY,印度（India）,0.0,0.0,0.0,,#DIV/0!,#DIV/0!,金边团队
2024-10-14 21:02:58.803000,2024-10-14,LQ,意大利（Italy),0.0,0.0,0.0,,#DIV/0!,#DIV/0!,郑州团队
2024-10-14 21:05:22.515000,2024-10-14,WD,意大利（Italy),0.0,0.0,0.0,,#DIV/0!,#DIV/0!,郑州团队
2024-10-14 21:08:25.581000,2024-10-14,ZJ,印度（India）,0.0,0.0,0.0,,#DIV/0!,#DIV/0!,郑州团队
2024-10-14 21:10:10.088000,2024-10-14,ZJ,意大利（Italy),0.0,0.0,0.0,,#DIV/0!,#DIV/0!,郑州团队
2024-10-14 21:28:09.696000,2024-10-14,LJA,土耳其(Turkey),0.0,0.0,0.0,,#DIV/0!,#DIV/0!,郑州团队
2024-10-14 21:29:40.325000,2024-10-14,LJA,印度（India）,0.0,0.0,0.0,,#DIV/0!,#DIV/0!,郑州团队
2024-10-14 21:31:00.777000,2024-10-14,LJA,意大利（Italy),0.0,0.0,0.0,,#DIV/0!,#DIV/0!,郑州团队
2024-10-14 21:35:29.631000,2024-10-14,LQ,印度（India）,24.4,0.0,0.0,,#DIV/0!,#DIV/0!,郑州团队
2024-10-14 22:13:53.349000,2024-10-14,YJ,意大利（Italy),0.0,0.0,0.0,,#DIV/0!,#DIV/0!,郑州团队
2024-10-14 22:14:54.646000,2024-10-14,YJ,印度（India）,38.16,0.0,0.0,,#DIV/0!,#DIV/0!,郑州团队
2024-10-14 22:31:48.277000,2024-10-14,WD,印度（India）,328.05,17.0,11.0,,29.82272727,29.82272727,郑州团队
2024-10-14 23:17:44.834000,2024-10-14,SG,印度（India）,0.0,0.0,0.0,,#DIV/0!,#DIV/0!,郑州团队
2024-10-14 23:18:24.570000,2024-10-14,SG,意大利（Italy),0.0,0.0,0.0,,#DIV/0!,#DIV/0!,郑州团队
2024-10-14 23:25:59.539000,2024-10-14,善光,土耳其(Turkey),1174.54,86.0,52.0,,22.58730769,22.58730769,深圳团队
2024-10-14 23:27:37.748000,2024-10-14,善光,印度（India）,2320.42,332.0,206.0,,11.26417476,11.26417476,深圳团队
2024-10-14 23:53:27.162000,2024-10-14,HF,意大利（Italy),0.0,0.0,0.0,,#DIV/0!,#DIV/0!,郑州团队
2024-10-14 23:59:57.032000,2024-10-14,HF,印度（India）,1512.52,180.0,53.0,,28.53811321,28.53811321,郑州团队
2024-10-15 00:34:07.722000,2024-10-14,HY,意大利（Italy),579.58,14.0,5.0,,115.916,115.916,郑州团队
2024-10-15 12:42:52.417000,2024-10-14,HW,印度（India）,0.0,0.0,0.0,,#DIV/0!,#DIV/0!,金边团队
2024-10-15 13:16:37.754000,2024-10-14,紫光,印度（India）,186.32,14.0,12.0,,15.52666667,15.52666667,深圳团队
2024-10-15 14:27:31.862000,2024-10-14,MY,印度（India）,0.0,0.0,0.0,,#DIV/0!,#DIV/0!,金边团队
2024-10-15 14:46:49.842000,2024-10-14,HY,印度（India）,12.83,0.0,0.0,,#DIV/0!,#DIV/0!,郑州团队
2024-10-15 17:05:04.575000,2024-10-13,Mar,印度（India）,266.36,11.0,0.0,,#DIV/0!,#DIV/0!,郑州团队
2024-10-15 17:05:24.652000,2024-10-14,Mar,印度（India）,0.0,0.0,0.0,,#DIV/0!,#DIV/0!,郑州团队
2024-10-15 21:20:57.482000,2024-10-15,WD,意大利（Italy),0.0,0.0,0.0,,#DIV/0!,#DIV/0!,郑州团队
2024-10-15 21:22:21.360000,2024-10-15,YJ,意大利（Italy),0.0,0.0,0.0,,#DIV/0!,#DIV/0!,郑州团队
2024-10-15 21:23:52.895000,2024-10-15,LQ,意大利（Italy),0.0,0.0,0.0,,#DIV/0!,#DIV/0!,郑州团队
2024-10-15 21:25:10.447000,2024-10-15,LJA,印度（India）,0.0,0.0,0.0,,#DIV/0!,#DIV/0!,郑州团队
2024-10-15 21:25:46.667000,2024-10-15,LJA,意大利（Italy),0.0,0.0,0.0,,#DIV/0!,#DIV/0!,郑州团队
2024-10-15 21:29:10.139000,2024-10-15,LJA,土耳其(Turkey),177.05,7.0,2.0,,88.525,88.525,郑州团队
2024-10-15 21:30:05.330000,2024-10-15,SG,意大利（Italy),136.06,5.0,0.0,,#DIV/0!,#DIV/0!,郑州团队
2024-10-15 21:49:41.247000,2024-10-15,HF,意大利（Italy),0.0,0.0,0.0,,#DIV/0!,#DIV/0!,郑州团队
2024-10-15 21:56:08.693000,2024-10-15,WD,印度（India）,52.81,11.0,6.0,,8.801666667,8.801666667,郑州团队
2024-10-15 22:14:33.431000,2024-10-15,YJ,印度（India）,221.89,45.0,18.0,,12.32722222,12.32722222,郑州团队
2024-10-15 22:26:01.170000,2024-10-15,ZJ,意大利（Italy),0.0,0.0,0.0,,#DIV/0!,#DIV/0!,郑州团队
2024-10-15 22:26:35.353000,2024-10-15,ZJ,印度（India）,0.0,0.0,0.0,,#DIV/0!,#DIV/0!,郑州团队
2024-10-15 22:30:43.246000,2024-10-15,HY,意大利（Italy),662.0899999999997,19.0,8.0,,82.76125,82.76125,郑州团队
2024-10-16 00:09:43.777000,2024-10-15,憨豆,德国（Germany）,758.69,15.0,10.0,,75.869,75.869,深圳团队
2024-10-16 01:02:21.719000,2024-10-15,HF,印度（India）,1912.34,207.0,58.0,,32.97137931,32.97137931,郑州团队
2024-10-16 06:25:33.819000,2024-10-15,善光,印度（India）,129.86,13.0,12.0,,10.82166667,10.82166667,深圳团队
2024-10-16 12:16:31.499000,2024-10-15,SG,印度（India）,898.89,112.0,43.0,,20.9044186,20.9044186,郑州团队
2024-10-16 12:18:03.749000,2024-10-15,LQ,印度（India）,1.9,1.0,1.0,,1.9,1.9,郑州团队
2024-10-16 13:16:09.672000,2024-10-15,Mar,印度（India）,0.0,0.0,0.0,,#DIV/0!,#DIV/0!,郑州团队
2024-10-16 13:50:38.424000,2024-10-15,MY,印度（India）,0.0,0.0,0.0,,#DIV/0!,#DIV/0!,金边团队
2024-10-16 19:29:35.793000,2024-10-16,ZJ,印度（India）,26.06,0.0,0.0,,#DIV/0!,#DIV/0!,郑州团队
2024-10-16 19:30:21.154000,2024-10-16,ZJ,意大利（Italy),0.0,0.0,0.0,,#DIV/0!,#DIV/0!,郑州团队
2024-10-16 19:53:56.039000,2024-10-16,HF,意大利（Italy),0.0,0.0,0.0,,#DIV/0!,#DIV/0!,郑州团队
2024-10-16 20:29:00.517000,2024-10-16,LQ,印度（India）,0.0,0.0,0.0,,#DIV/0!,#DIV/0!,郑州团队
2024-10-16 20:29:31.759000,2024-10-16,LQ,意大利（Italy),0.0,0.0,0.0,,#DIV/0!,#DIV/0!,郑州团队
2024-10-16 21:11:10.924000,2024-10-16,LJA,印度（India）,0.0,0.0,0.0,,#DIV/0!,#DIV/0!,郑州团队
2024-10-16 21:40:59.484000,2024-10-16,LJA,意大利（Italy),0.0,0.0,0.0,,#DIV/0!,#DIV/0!,郑州团队
2024-10-16 21:55:04.122000,2024-10-16,LJA,土耳其(Turkey),53.57,0.0,0.0,,#DIV/0!,#DIV/0!,郑州团队
2024-10-16 22:13:09.682000,2024-10-16,YJ,意大利（Italy),0.0,0.0,0.0,,#DIV/0!,#DIV/0!,郑州团队
2024-10-16 22:13:44.417000,2024-10-16,YJ,印度（India）,0.0,0.0,0.0,,#DIV/0!,#DIV/0!,郑州团队
2024-10-16 22:18:57.548000,2024-10-16,SG,意大利（Italy),0.0,0.0,0.0,,#DIV/0!,#DIV/0!,郑州团队
2024-10-16 22:21:18.721000,2024-10-16,SG,印度（India）,2370.96,307.0,98.0,,24.19346939,24.19346939,郑州团队
2024-10-16 22:29:57.304000,2024-10-16,HY,意大利（Italy),826.55,46.0,3.0,,275.5166667,275.5166667,郑州团队
2024-10-16 22:30:49.438000,2024-10-16,HF,印度（India）,462.34,66.0,18.0,,25.68555556,25.68555556,郑州团队
2024-10-16 22:46:31.722000,2024-10-16,MY,印度（India）,0.0,0.0,0.0,,#DIV/0!,#DIV/0!,金边团队
2024-10-16 23:44:06.696000,2024-10-16,紫光,印度（India）,968.51,368.0,90.0,,10.76122222,10.76122222,深圳团队
2024-10-16 23:51:51.221000,2024-10-16,云迪,德国（Germany）,151.68,3.0,0.0,,#DIV/0!,#DIV/0!,深圳团队
2024-10-17 01:36:24.724000,2024-10-16,善光,印度（India）,30.12,9.0,5.0,,6.024,6.024,深圳团队
2024-10-17 09:36:16.992000,2024-10-16,WD,意大利（Italy),0.0,0.0,0.0,,#DIV/0!,#DIV/0!,郑州团队
2024-10-17 11:06:40.743000,2024-10-16,WD,印度（India）,7.82,0.0,0.0,,#DIV/0!,#DIV/0!,郑州团队
2024-10-17 20:50:57.870000,2024-10-17,LQ,印度（India）,0.0,0.0,0.0,,#DIV/0!,#DIV/0!,郑州团队
2024-10-17 20:51:32.356000,2024-10-17,LQ,意大利（Italy),0.0,0.0,0.0,,#DIV/0!,#DIV/0!,郑州团队
2024-10-17 20:52:07.948000,2024-10-17,LJA,印度（India）,0.0,0.0,0.0,,#DIV/0!,#DIV/0!,郑州团队
2024-10-17 20:52:32.940000,2024-10-17,LJA,意大利（Italy),0.0,0.0,0.0,,#DIV/0!,#DIV/0!,郑州团队
2024-10-17 20:53:07.409000,2024-10-17,LJA,土耳其(Turkey),187.3,7.0,3.0,,62.43333333,62.43333333,郑州团队
2024-10-17 21:45:20.420000,2024-10-17,WD,意大利（Italy),0.0,0.0,0.0,,#DIV/0!,#DIV/0!,郑州团队
2024-10-17 21:51:26.864000,2024-10-17,HF,印度（India）,0.0,0.0,0.0,,#DIV/0!,#DIV/0!,郑州团队
2024-10-17 21:51:55.191000,2024-10-17,HF,意大利（Italy),0.0,0.0,0.0,,#DIV/0!,#DIV/0!,郑州团队
2024-10-17 21:53:24.759000,2024-10-17,WD,印度（India）,7.7,0.0,0.0,,#DIV/0!,#DIV/0!,郑州团队
2024-10-17 22:04:31.318000,2024-10-17,YJ,意大利（Italy),0.0,0.0,0.0,,#DIV/0!,#DIV/0!,郑州团队
2024-10-17 22:05:11.229000,2024-10-17,YJ,印度（India）,0.0,0.0,0.0,,#DIV/0!,#DIV/0!,郑州团队
2024-10-17 22:48:41.259000,2024-10-17,MY,印度（India）,0.0,0.0,0.0,,#DIV/0!,#DIV/0!,金边团队
2024-10-17 22:59:25.173000,2024-10-17,SG,印度（India）,2608.44,421.0,162.0,,16.10148148,16.10148148,郑州团队
2024-10-17 23:16:03.297000,2024-10-17,HY,意大利（Italy),422.92,29.0,10.0,,42.292,42.292,郑州团队
2024-10-18 01:36:57.628000,2024-10-17,善光,印度（India）,709.73,103.0,56.0,,12.67375,12.67375,深圳团队
2024-10-18 01:37:21.423000,2024-10-17,小赵,印度（India）,62.03,6.0,4.0,,15.5075,15.5075,深圳团队
2024-10-18 08:49:56.449000,2024-10-17,阿北,印度（India）,477.72,42.0,20.0,,23.886,23.886,深圳团队
2024-10-18 13:06:24.822000,2024-10-17,紫光,印度（India）,131.0,4.0,1.0,,131,131,深圳团队
2024-10-18 18:10:11.059000,2024-10-18,LQ,意大利（Italy),0.0,0.0,0.0,,#DIV/0!,#DIV/0!,郑州团队
2024-10-18 18:13:48.991000,2024-10-18,LJA,印度（India）,0.0,0.0,0.0,,#DIV/0!,#DIV/0!,郑州团队
2024-10-18 18:15:08.349000,2024-10-18,LJA,意大利（Italy),0.0,0.0,0.0,,#DIV/0!,#DIV/0!,郑州团队
2024-10-18 18:21:28.952000,2024-10-18,HY,意大利（Italy),72.9200000000002,3.0,0.0,,#DIV/0!,#DIV/0!,郑州团队
2024-10-18 18:22:25.750000,2024-10-18,ZJ,印度（India）,0.0,0.0,0.0,,#DIV/0!,#DIV/0!,郑州团队
2024-10-18 18:22:52.808000,2024-10-17,ZJ,印度（India）,0.0,0.0,0.0,,#DIV/0!,#DIV/0!,郑州团队
2024-10-18 18:25:12.127000,2024-10-17,ZJ,意大利（Italy),0.0,0.0,0.0,,#DIV/0!,#DIV/0!,郑州团队
2024-10-18 18:25:42.931000,2024-10-18,ZJ,意大利（Italy),0.0,0.0,0.0,,#DIV/0!,#DIV/0!,郑州团队
2024-10-18 18:34:44.784000,2024-10-18,LQ,印度（India）,84.14,0.0,0.0,,#DIV/0!,#DIV/0!,郑州团队
2024-10-18 20:05:38.644000,2024-10-18,WD,意大利（Italy),0.0,0.0,0.0,,#DIV/0!,#DIV/0!,郑州团队
2024-10-18 20:17:15.973000,2024-10-18,WD,印度（India）,8.09,0.0,0.0,,#DIV/0!,#DIV/0!,郑州团队
2024-10-18 21:18:04.271000,2024-10-18,HF,印度（India）,0.0,0.0,0.0,,#DIV/0!,#DIV/0!,郑州团队
2024-10-18 21:18:36.444000,2024-10-18,HF,意大利（Italy),0.0,0.0,0.0,,#DIV/0!,#DIV/0!,郑州团队
2024-10-18 21:38:24.798000,2024-10-18,LJA,土耳其(Turkey),375.84,8.0,3.0,,125.28,125.28,郑州团队
2024-10-18 22:18:09.701000,2024-10-18,YJ,意大利（Italy),0.0,0.0,0.0,,#DIV/0!,#DIV/0!,郑州团队
2024-10-18 22:20:19.548000,2024-10-18,YJ,印度（India）,23.51,0.0,0.0,,#DIV/0!,#DIV/0!,郑州团队
2024-10-18 22:56:09.127000,2024-10-18,MY,印度（India）,0.0,0.0,0.0,,#DIV/0!,#DIV/0!,金边团队
2024-10-18 23:01:05.619000,2024-10-18,HW,印度（India）,23.39,9.0,6.0,,3.898333333,3.898333333,金边团队
2024-10-18 23:11:30.382000,2024-10-18,SG,印度（India）,4015.05,717.0,365.0,,11.00013699,11.00013699,郑州团队
2024-10-18 23:36:04.976000,2024-10-18,善光,印度（India）,595.95,99.0,57.0,,10.45526316,10.45526316,深圳团队
2024-10-18 23:37:31.901000,2024-10-18,阿北,印度（India）,359.01,42.0,25.0,,14.3604,14.3604,深圳团队
2024-10-18 23:46:37.086000,2024-10-18,小赵,印度（India）,363.2,40.0,23.0,,15.79130435,15.79130435,深圳团队
2024-10-18 23:50:37.683000,2024-10-18,岳飞,印度（India）,57.67,15.0,6.0,,9.611666667,9.611666667,深圳团队
2024-10-19 10:47:51.721000,2024-10-14,LYD,印度（India）,0.0,0.0,0.0,,#DIV/0!,#DIV/0!,金边团队
2024-10-19 10:48:14.696000,2024-10-15,LYD,印度（India）,0.0,0.0,0.0,,#DIV/0!,#DIV/0!,金边团队
2024-10-19 10:48:28.104000,2024-10-16,LYD,印度（India）,0.0,0.0,0.0,,#DIV/0!,#DIV/0!,金边团队
2024-10-19 10:48:44.545000,2024-10-17,LYD,印度（India）,0.0,0.0,0.0,,#DIV/0!,#DIV/0!,金边团队
2024-10-19 10:49:02.665000,2024-10-18,LYD,印度（India）,0.0,0.0,0.0,,#DIV/0!,#DIV/0!,金边团队
2024-10-19 11:32:45.861000,2024-10-18,ZJ,德国（Germany）,55.24,3.0,0.0,,#DIV/0!,#DIV/0!,郑州团队
2024-10-19 20:07:10.666000,2024-10-19,ZJ,印度（India）,0.0,0.0,0.0,,#DIV/0!,#DIV/0!,郑州团队
2024-10-19 20:07:36.756000,2024-10-19,ZJ,意大利（Italy),0.0,0.0,0.0,,#DIV/0!,#DIV/0!,郑州团队
2024-10-19 20:50:54.718000,2024-10-19,HY,意大利（Italy),54.96,4.0,2.0,,27.48,27.48,郑州团队
2024-10-19 20:57:09.393000,2024-10-19,YJ,意大利（Italy),0.0,0.0,0.0,,#DIV/0!,#DIV/0!,郑州团队
2024-10-19 20:57:46.533000,2024-10-19,YJ,印度（India）,0.0,0.0,0.0,,#DIV/0!,#DIV/0!,郑州团队
2024-10-19 21:44:51.461000,2024-10-19,LQ,印度（India）,0.0,0.0,0.0,,#DIV/0!,#DIV/0!,郑州团队
2024-10-19 22:01:59.424000,2024-10-19,LJA,印度（India）,0.0,0.0,0.0,,#DIV/0!,#DIV/0!,郑州团队
2024-10-19 22:04:37.984000,2024-10-19,HF,印度（India）,0.0,0.0,0.0,,#DIV/0!,#DIV/0!,郑州团队
2024-10-19 22:05:11.564000,2024-10-19,HF,意大利（Italy),0.0,0.0,0.0,,#DIV/0!,#DIV/0!,郑州团队
2024-10-19 22:17:26.306000,2024-10-19,LJA,意大利（Italy),0.0,0.0,0.0,,#DIV/0!,#DIV/0!,郑州团队
2024-10-19 22:18:29.949000,2024-10-19,WD,意大利（Italy),0.0,0.0,0.0,,#DIV/0!,#DIV/0!,郑州团队
2024-10-19 22:57:10.083000,2024-10-19,MY,印度（India）,0.0,0.0,0.0,,#DIV/0!,#DIV/0!,金边团队
2024-10-19 23:07:41.465000,2024-10-19,SG,印度（India）,4040.14,539.0,300.0,,13.46713333,13.46713333,郑州团队
2024-10-20 00:29:25.349000,2024-10-19,善光,印度（India）,70.16,18.0,16.0,,4.385,4.385,深圳团队
2024-10-20 00:31:54.752000,2024-10-19,云迪,印度（India）,3.96,1.0,1.0,,3.96,3.96,深圳团队
2024-10-20 00:34:10.136000,2024-10-19,岳飞,印度（India）,331.84,33.0,23.0,,14.42782609,14.42782609,深圳团队
2024-10-20 00:36:12.775000,2024-10-19,小赵,印度（India）,96.72,13.0,2.0,,48.36,48.36,深圳团队
2024-10-20 01:55:08.375000,2024-10-19,阿北,印度（India）,185.91,21.0,10.0,,18.591,18.591,深圳团队
2024-10-20 10:19:11.508000,2024-10-19,LQ,意大利（Italy),0.0,0.0,0.0,,#DIV/0!,#DIV/0!,郑州团队
2024-10-20 11:16:16.049000,2024-10-19,WD,印度（India）,14.81,0.0,0.0,,#DIV/0!,#DIV/0!,郑州团队
2024-10-20 11:48:08.475000,2024-10-19,LJA,土耳其(Turkey),491.18,14.0,9.0,,54.57555556,54.57555556,郑州团队
2024-10-20 13:09:54.956000,2024-10-19,LYD,印度（India）,6.75,0.0,0.0,,#DIV/0!,#DIV/0!,金边团队
2024-10-20 21:03:29.247000,2024-10-20,WD,意大利（Italy),0.0,0.0,0.0,,#DIV/0!,#DIV/0!,郑州团队
2024-10-20 21:30:11.340000,2024-10-20,HF,意大利（Italy),0.0,0.0,0.0,,#DIV/0!,#DIV/0!,郑州团队
2024-10-20 21:33:41.097000,2024-10-20,HF,印度（India）,12.96,0.0,0.0,,#DIV/0!,#DIV/0!,郑州团队
2024-10-20 21:41:39.290000,2024-10-20,LJA,印度（India）,0.0,0.0,0.0,,#DIV/0!,#DIV/0!,郑州团队
2024-10-20 21:42:22.470000,2024-10-20,LJA,意大利（Italy),0.0,0.0,0.0,,#DIV/0!,#DIV/0!,郑州团队
2024-10-20 21:48:21.277000,2024-10-20,LQ,印度（India）,0.0,0.0,0.0,,#DIV/0!,#DIV/0!,郑州团队
2024-10-20 21:49:00.286000,2024-10-20,LQ,意大利（Italy),0.0,0.0,0.0,,#DIV/0!,#DIV/0!,郑州团队
2024-10-20 22:07:48.712000,2024-10-20,WD,印度（India）,8.85,0.0,0.0,,#DIV/0!,#DIV/0!,郑州团队
2024-10-20 22:52:55.590000,2024-10-20,HY,意大利（Italy),333.63,12.0,5.0,,66.726,66.726,郑州团队
2024-10-20 23:03:10.538000,2024-10-20,MY,印度（India）,0.0,0.0,0.0,,#DIV/0!,#DIV/0!,金边团队
2024-10-20 23:07:40.770000,2024-10-20,LYD,意大利（Italy),18.54,0.0,0.0,,#DIV/0!,#DIV/0!,金边团队
2024-10-20 23:11:51.139000,2024-10-20,LYD,印度（India）,0.0,0.0,0.0,,#DIV/0!,#DIV/0!,金边团队
2024-10-20 23:19:22.382000,2024-10-20,Vat,意大利（Italy),29.73,0.0,0.0,,#DIV/0!,#DIV/0!,金边团队
2024-10-20 23:25:02.648000,2024-10-20,SG,印度（India）,6084.58,1024.0,449.0,,13.55140312,13.55140312,郑州团队
2024-10-20 23:28:41.029000,2024-10-20,善光,印度（India）,1633.44,249.0,153.0,,10.67607843,10.67607843,深圳团队
2024-10-20 23:30:02.877000,2024-10-20,善光,土耳其(Turkey),394.45,31.0,18.0,,21.91388889,21.91388889,深圳团队
2024-10-20 23:31:09.296000,2024-10-20,云迪,印度（India）,92.33,20.0,11.0,,8.393636364,8.393636364,深圳团队
2024-10-21 03:04:34.603000,2024-10-20,岳飞,印度（India）,299.53,27.0,12.0,,24.96083333,24.96083333,深圳团队
2024-10-21 09:43:01.555000,2024-10-20,YJ,意大利（Italy),0.0,0.0,0.0,,#DIV/0!,#DIV/0!,郑州团队
2024-10-21 09:43:37.238000,2024-10-20,YJ,印度（India）,0.0,0.0,0.0,,#DIV/0!,#DIV/0!,郑州团队
2024-10-21 10:41:26.199000,2024-10-20,ZJ,印度（India）,0.0,0.0,0.0,,#DIV/0!,#DIV/0!,郑州团队
2024-10-21 10:44:11.845000,2024-10-20,ZJ,意大利（Italy),0.0,0.0,0.0,,#DIV/0!,#DIV/0!,郑州团队
2024-10-21 16:41:50.998000,2024-10-21,SG,意大利（Italy),5.23,0.0,0.0,,#DIV/0!,#DIV/0!,郑州团队
2024-10-21 17:53:11.732000,2024-10-21,LQ,意大利（Italy),0.0,0.0,0.0,,#DIV/0!,#DIV/0!,郑州团队
2024-10-21 17:53:49.210000,2024-10-21,HF,意大利（Italy),0.0,0.0,0.0,,#DIV/0!,#DIV/0!,郑州团队
2024-10-21 17:54:06.422000,2024-10-21,LJA,意大利（Italy),0.0,0.0,0.0,,#DIV/0!,#DIV/0!,郑州团队
2024-10-21 18:52:39.782000,2024-10-21,ZJ,印度（India）,57.84,0.0,0.0,,#DIV/0!,#DIV/0!,郑州团队
2024-10-21 18:53:20.962000,2024-10-21,ZJ,意大利（Italy),0.0,0.0,0.0,,#DIV/0!,#DIV/0!,郑州团队
2024-10-21 20:18:54.673000,2024-10-21,YJ,意大利（Italy),0.0,0.0,0.0,,#DIV/0!,#DIV/0!,郑州团队
2024-10-21 20:23:28.980000,2024-10-21,YJ,印度（India）,0.0,0.0,0.0,,#DIV/0!,#DIV/0!,郑州团队
2024-10-21 20:28:25.445000,2024-10-21,HY,意大利（Italy),602.22,8.0,4.0,,150.555,150.555,郑州团队
2024-10-21 21:31:05.252000,2024-10-21,WD,意大利（Italy),0.0,0.0,0.0,,#DIV/0!,#DIV/0!,郑州团队
2024-10-21 21:50:20.308000,2024-10-21,HF,印度（India）,3.6,0.0,0.0,,#DIV/0!,#DIV/0!,郑州团队
2024-10-21 22:05:59.068000,2024-10-21,LQ,印度（India）,201.13,1.0,0.0,,#DIV/0!,#DIV/0!,郑州团队
2024-10-21 22:34:19.045000,2024-10-21,WD,印度（India）,4.97,0.0,0.0,,#DIV/0!,#DIV/0!,郑州团队
2024-10-21 22:48:39.482000,2024-10-21,MY,印度（India）,0.0,0.0,0.0,,#DIV/0!,#DIV/0!,金边团队
2024-10-21 23:05:01.668000,2024-10-21,WQ,印度（India）,0.22,0.0,0.0,,#DIV/0!,#DIV/0!,
2024-10-21 23:07:18.482000,2024-10-21,HW,印度（India）,774.51,105.0,61.0,,12.69688525,12.69688525,金边团队
2024-10-21 23:07:38.678000,2024-10-21,LYD,印度（India）,0.0,0.0,0.0,,#DIV/0!,#DIV/0!,金边团队
2024-10-21 23:09:35.900000,2024-10-21,Vat,意大利（Italy),33.08,0.0,0.0,,#DIV/0!,#DIV/0!,金边团队
2024-10-21 23:27:42.498000,2024-10-21,SG,印度（India）,6118.18,1018.0,474.0,,12.90755274,12.90755274,郑州团队
2024-10-21 23:52:56.257000,2024-10-21,云迪,土耳其(Turkey),10.05,1.0,1.0,,10.05,10.05,深圳团队
2024-10-22 00:27:39.674000,2024-10-21,云迪,印度（India）,42.26,11.0,7.0,,6.037142857,6.037142857,深圳团队
2024-10-22 00:28:00.081000,2024-10-21,小赵,印度（India）,1503.16,214.0,92.0,,16.33869565,16.33869565,深圳团队
2024-10-22 02:14:12.592000,2024-10-21,善光,印度（India）,2326.02,262.0,171.0,,13.60245614,13.60245614,深圳团队
2024-10-22 02:17:34.842000,2024-10-21,善光,土耳其(Turkey),2065.4,171.0,108.0,,19.12407407,19.12407407,深圳团队
2024-10-22 03:05:48.887000,2024-10-21,YK,印度（India）,0.0,0.0,0.0,,#DIV/0!,#DIV/0!,金边团队
2024-10-22 11:19:32.193000,2024-10-21,LJA,印度（India）,235.26,4.0,0.0,,#DIV/0!,#DIV/0!,郑州团队
2024-10-22 19:47:08.080000,2024-10-22,ZJ,印度（India）,8.53,0.0,0.0,,#DIV/0!,#DIV/0!,郑州团队
2024-10-22 19:47:27.209000,2024-10-22,ZJ,意大利（Italy),0.0,0.0,0.0,,#DIV/0!,#DIV/0!,郑州团队
2024-10-22 21:36:39.853000,2024-10-22,LQ,意大利（Italy),0.0,0.0,0.0,,#DIV/0!,#DIV/0!,郑州团队
2024-10-22 21:46:20.301000,2024-10-22,HF,意大利（Italy),0.0,0.0,0.0,,#DIV/0!,#DIV/0!,郑州团队
2024-10-22 22:06:49.638000,2024-10-22,WD,意大利（Italy),0.0,0.0,0.0,,#DIV/0!,#DIV/0!,郑州团队
2024-10-22 22:09:53.510000,2024-10-22,YJ,意大利（Italy),0.0,0.0,0.0,,#DIV/0!,#DIV/0!,郑州团队
2024-10-22 22:16:26.682000,2024-10-22,WD,印度（India）,2.87,0.0,0.0,,#DIV/0!,#DIV/0!,郑州团队
2024-10-22 22:22:09.299000,2024-10-22,LJA,意大利（Italy),0.0,0.0,0.0,,#DIV/0!,#DIV/0!,郑州团队
2024-10-22 22:22:30.860000,2024-10-22,YJ,印度（India）,0.0,0.0,0.0,,#DIV/0!,#DIV/0!,郑州团队
2024-10-22 22:31:20.217000,2024-10-22,LJA,印度（India）,44.39999999999997,0.0,0.0,,#DIV/0!,#DIV/0!,郑州团队
2024-10-22 23:12:32.157000,2024-10-22,MY,印度（India）,0.0,0.0,0.0,,#DIV/0!,#DIV/0!,金边团队
2024-10-22 23:14:12.076000,2024-10-22,SG,印度（India）,8012.02,1153.0,537.0,,14.91996276,14.91996276,郑州团队
2024-10-22 23:14:48.272000,2024-10-22,Vat,意大利（Italy),76.47,1.0,0.0,,#DIV/0!,#DIV/0!,金边团队
2024-10-23 00:11:26.302000,2024-10-22,YK,印度（India）,0.0,0.0,0.0,,#DIV/0!,#DIV/0!,金边团队
2024-10-23 00:16:17.808000,2024-10-22,HW,印度（India）,1871.33,215.0,95.0,,19.69821053,19.69821053,金边团队
2024-10-23 00:19:45.359000,2024-10-22,小赵,印度（India）,2475.27,356.0,179.0,,13.82832402,13.82832402,深圳团队
2024-10-23 00:21:01.964000,2024-10-22,HY,意大利（Italy),0.0,0.0,0.0,,#DIV/0!,#DIV/0!,郑州团队
2024-10-23 00:22:39.719000,2024-10-22,善光,印度（India）,660.08,89.0,58.0,,11.38068966,11.38068966,深圳团队
2024-10-23 00:31:30.307000,2024-10-22,AK,印度（India）,883.8,119.0,39.0,,22.66153846,22.66153846,深圳团队
2024-10-23 00:38:44.388000,2024-10-22,云迪,印度（India）,227.67,34.0,11.0,,20.69727273,20.69727273,深圳团队
2024-10-23 01:14:20.280000,2024-10-22,LYD,印度（India）,28.06,6.0,6.0,,4.676666667,4.676666667,金边团队
2024-10-23 10:48:52.070000,2024-10-23,阿北,印度（India）,1204.03,180.0,76.0,,15.8425,15.8425,深圳团队
2024-10-23 11:26:25.222000,2024-10-22,HF,印度（India）,512.34,69.0,38.0,,13.48263158,13.48263158,郑州团队
2024-10-23 11:35:41.845000,2024-10-22,LQ,印度（India）,64.64,4.0,2.0,,32.32,32.32,郑州团队
2024-10-23 12:19:56.211000,2024-10-22,Mar,印度（India）,147.37,4.0,0.0,,#DIV/0!,#DIV/0!,郑州团队
2024-10-23 14:55:25.064000,2024-10-23,LJA,印度（India）,27.8,8.0,3.0,,9.266666667,9.266666667,郑州团队
2024-10-23 18:28:42.262000,2024-10-23,HY,意大利（Italy),0.0,0.0,0.0,,#DIV/0!,#DIV/0!,郑州团队
2024-10-23 20:26:28.295000,2024-10-23,LJA,意大利（Italy),0.0,0.0,0.0,,#DIV/0!,#DIV/0!,郑州团队
2024-10-23 21:15:04.645000,2024-10-23,HF,意大利（Italy),4.18,0.0,0.0,,#DIV/0!,#DIV/0!,郑州团队
2024-10-23 21:26:33.363000,2024-10-23,HF,印度（India）,210.02,32.0,12.0,,17.50166667,17.50166667,郑州团队
2024-10-23 21:32:41.144000,2024-10-23,LQ,印度（India）,5.14,2.0,0.0,,#DIV/0!,#DIV/0!,郑州团队
2024-10-23 21:33:43.855000,2024-10-23,LQ,意大利（Italy),0.0,0.0,0.0,,#DIV/0!,#DIV/0!,郑州团队
2024-10-23 21:53:16.145000,2024-10-23,WD,印度（India）,1.99,0.0,0.0,,#DIV/0!,#DIV/0!,郑州团队
2024-10-23 22:39:53.824000,2024-10-23,WD,意大利（Italy),98.1,2.0,1.0,,98.1,98.1,郑州团队
2024-10-23 23:09:38.324000,2024-10-23,MY,印度（India）,27.74,4.0,8.0,,3.4675,3.4675,金边团队
2024-10-23 23:09:52.541000,2024-10-23,YJ,意大利（Italy),0.0,0.0,0.0,,#DIV/0!,#DIV/0!,郑州团队
2024-10-23 23:10:12.441000,2024-10-23,Vat,意大利（Italy),137.71,1.0,1.0,,137.71,137.71,金边团队
2024-10-23 23:13:20.124000,2024-10-23,MY,德国（Germany）,23.16,0.0,0.0,,#DIV/0!,#DIV/0!,金边团队
2024-10-23 23:13:37.359000,2024-10-23,ZJ,印度（India）,0.0,0.0,0.0,,#DIV/0!,#DIV/0!,郑州团队
2024-10-23 23:19:06.475000,2024-10-23,YJ,印度（India）,7.29,0.0,0.0,,#DIV/0!,#DIV/0!,郑州团队
2024-10-23 23:19:47.481000,2024-10-23,SG,印度（India）,10473.87,1345.0,623.0,,16.81199037,16.81199037,郑州团队
2024-10-23 23:21:38.632000,2024-10-23,WQ,印度（India）,56.27,0.0,0.0,,#DIV/0!,#DIV/0!,
2024-10-23 23:29:29.328000,2024-10-23,LYD,德国（Germany）,84.1,1.0,0.0,,#DIV/0!,#DIV/0!,金边团队
2024-10-24 00:44:21.888000,2024-10-23,YK,印度（India）,0.0,0.0,0.0,,#DIV/0!,#DIV/0!,金边团队
2024-10-24 00:44:26.725000,2024-10-23,小赵,印度（India）,3771.48,607.0,262.0,,14.39496183,14.39496183,深圳团队
2024-10-24 00:46:25.063000,2024-10-23,云迪,印度（India）,630.82,66.0,31.0,,20.34903226,20.34903226,深圳团队
2024-10-24 00:49:29.310000,2024-10-23,善光,印度（India）,1429.08,151.0,102.0,,14.01058824,14.01058824,深圳团队
2024-10-24 00:50:14.801000,2024-10-23,阿北,印度（India）,913.51,65.0,39.0,,23.42333333,23.42333333,深圳团队
2024-10-24 01:26:54.493000,2024-10-23,老郭,印度（India）,15.78,5.0,0.0,,#DIV/0!,#DIV/0!,深圳团队
2024-10-24 01:30:53.267000,2024-10-23,老郭,印度（India）,15.78,5.0,0.0,,#DIV/0!,#DIV/0!,深圳团队
2024-10-24 11:22:22.017000,2024-10-23,AK,印度（India）,1873.89,243.0,67.0,,27.96850746,27.96850746,深圳团队
2024-10-24 11:33:20.090000,2024-10-23,HW,印度（India）,3261.94,670.0,241.0,,13.53502075,13.53502075,金边团队
2024-10-24 15:06:00.101000,2024-10-23,ZJ,意大利（Italy),20.84,0.0,0.0,,#DIV/0!,#DIV/0!,郑州团队
2024-10-24 16:55:55.855000,2024-10-24,LQ,意大利（Italy),0.0,0.0,0.0,,#DIV/0!,#DIV/0!,郑州团队
2024-10-24 16:57:02.078000,2024-10-24,LJA,意大利（Italy),0.0,0.0,0.0,,#DIV/0!,#DIV/0!,郑州团队
2024-10-24 16:57:08.137000,2024-10-24,LQ,印度（India）,0.0,0.0,0.0,,#DIV/0!,#DIV/0!,郑州团队
2024-10-24 17:05:07.875000,2024-10-23,Mar,印度（India）,0.0,0.0,0.0,,#DIV/0!,#DIV/0!,郑州团队
2024-10-24 17:06:41.094000,2024-10-12,Mar,印度（India）,0.0,0.0,0.0,,#DIV/0!,#DIV/0!,郑州团队
2024-10-24 17:07:03.449000,2024-10-13,Mar,印度（India）,0.0,0.0,0.0,,#DIV/0!,#DIV/0!,郑州团队
2024-10-24 17:07:44.342000,2024-10-14,Mar,印度（India）,0.0,0.0,0.0,,#DIV/0!,#DIV/0!,郑州团队
2024-10-24 17:09:16.693000,2024-10-17,Mar,印度（India）,0.0,0.0,0.0,,#DIV/0!,#DIV/0!,郑州团队
2024-10-24 17:09:42.864000,2024-10-18,Mar,印度（India）,0.0,3.0,0.0,,#DIV/0!,#DIV/0!,郑州团队
2024-10-24 17:10:11.567000,2024-10-19,Mar,印度（India）,0.0,1.0,0.0,,#DIV/0!,#DIV/0!,郑州团队
2024-10-24 17:10:39.489000,2024-10-20,Mar,印度（India）,0.0,0.0,0.0,,#DIV/0!,#DIV/0!,郑州团队
2024-10-24 17:11:00.403000,2024-10-21,Mar,印度（India）,0.0,0.0,0.0,,#DIV/0!,#DIV/0!,郑州团队
2024-10-24 20:48:40.968000,2024-10-24,HF,意大利（Italy),0.0,0.0,0.0,,#DIV/0!,#DIV/0!,郑州团队
2024-10-24 21:59:31.099000,2024-10-23,憨豆,印度（India）,1153.72,98.0,50.0,,23.0744,23.0744,深圳团队
2024-10-24 22:03:03.720000,2024-10-23,憨豆,德国（Germany）,1488.98,24.0,12.0,,124.0816667,124.0816667,深圳团队
2024-10-24 22:16:14.602000,2024-10-24,HF,印度（India）,4.5,0.0,0.0,,#DIV/0!,#DIV/0!,郑州团队
2024-10-24 22:17:01.296000,2024-10-24,LJA,印度（India）,18.84,0.0,0.0,,#DIV/0!,#DIV/0!,郑州团队
2024-10-24 22:50:03.810000,2024-10-24,WD,印度（India）,25.73,0.0,0.0,,#DIV/0!,#DIV/0!,郑州团队
2024-10-24 22:51:38.057000,2024-10-24,WD,意大利（Italy),0.0,0.0,0.0,,#DIV/0!,#DIV/0!,郑州团队
2024-10-24 22:56:50.269000,2024-10-23,Mar,印度（India）,0.0,39.0,0.0,,#DIV/0!,#DIV/0!,郑州团队
2024-10-24 23:04:01.726000,2024-10-24,LYD,印度（India）,23.96,4.0,2.0,,11.98,11.98,金边团队
2024-10-24 23:05:14.831000,2024-10-24,Vat,意大利（Italy),3.82,0.0,0.0,,#DIV/0!,#DIV/0!,金边团队
2024-10-24 23:05:17.387000,2024-10-24,YJ,意大利（Italy),0.0,0.0,0.0,,#DIV/0!,#DIV/0!,郑州团队
2024-10-24 23:15:47.456000,2024-10-24,MY,印度（India）,736.54,137.0,71.0,,10.37380282,10.37380282,金边团队
2024-10-24 23:16:12.545000,2024-10-24,MY,德国（Germany）,47.34,2.0,0.0,,#DIV/0!,#DIV/0!,金边团队
2024-10-24 23:20:21.244000,2024-10-24,YJ,印度（India）,783.62,96.0,27.0,,29.02296296,29.02296296,郑州团队
2024-10-24 23:28:02.311000,2024-10-24,ZJ,印度（India）,0.0,0.0,0.0,,#DIV/0!,#DIV/0!,郑州团队
2024-10-24 23:28:33.052000,2024-10-24,HY,意大利（Italy),0.0,0.0,0.0,,#DIV/0!,#DIV/0!,郑州团队
2024-10-24 23:32:05.429000,2024-10-24,ZJ,意大利（Italy),44.92,1.0,0.0,,#DIV/0!,#DIV/0!,郑州团队
2024-10-24 23:34:36.104000,2024-10-24,YK,印度（India）,0.0,0.0,0.0,,#DIV/0!,#DIV/0!,金边团队
2024-10-24 23:39:48.791000,2024-10-24,WQ,印度（India）,0.29,0.0,0.0,,#DIV/0!,#DIV/0!,
2024-10-25 00:57:25.953000,2024-10-24,小赵,印度（India）,4030.89,634.0,256.0,,15.74566406,15.74566406,深圳团队
2024-10-25 01:05:01.858000,2024-10-24,AK,印度（India）,448.7,62.0,15.0,,29.91333333,29.91333333,深圳团队
2024-10-25 01:05:36.753000,2024-10-24,善光,印度（India）,1352.1,127.0,85.0,,15.90705882,15.90705882,深圳团队
2024-10-25 01:05:59.731000,2024-10-24,阿北,印度（India）,514.1,55.0,13.0,,39.54615385,39.54615385,深圳团队
2024-10-25 01:14:49.799000,2024-10-23,紫光,印度（India）,891.7,66.0,42.0,,21.23095238,21.23095238,深圳团队
2024-10-25 01:19:03.180000,2024-10-24,阿杜,印度（India）,330.58,21.0,1.0,,330.58,330.58,深圳团队
2024-10-25 02:29:22.938000,2024-10-24,老郭,印度（India）,181.12,19.0,7.0,,25.87428571,25.87428571,深圳团队
2024-10-25 02:48:34.864000,2024-10-24,云迪,印度（India）,1201.87,96.0,47.0,,25.57170213,25.57170213,深圳团队
2024-10-25 15:16:04.361000,2024-10-24,LYD,德国（Germany）,87.17,2.0,1.0,,87.17,87.17,金边团队
2024-10-25 15:23:33.193000,2024-10-24,HW,印度（India）,3085.01,483.0,225.0,,13.71115556,13.71115556,金边团队
2024-10-25 15:27:45.965000,2024-10-24,SG,印度（India）,15107.93,2348.0,1014.0,,14.89933925,14.89933925,郑州团队
2024-10-25 15:45:36.322000,2024-10-24,Mar,印度（India）,1398.12,39.0,0.0,,#DIV/0!,#DIV/0!,郑州团队
2024-10-25 20:15:39.986000,2024-10-25,LQ,意大利（Italy),0.0,0.0,0.0,,#DIV/0!,#DIV/0!,郑州团队
2024-10-25 20:39:02.939000,2024-10-25,LJA,印度（India）,35.96,5.0,2.0,,17.98,17.98,郑州团队
2024-10-25 20:51:33.581000,2024-10-25,LQ,印度（India）,78.52,3.0,1.0,,78.52,78.52,郑州团队
2024-10-25 20:51:37.770000,2024-10-25,LJA,意大利（Italy),0.0,0.0,0.0,,#DIV/0!,#DIV/0!,郑州团队
2024-10-25 20:54:26.875000,2024-10-25,HF,意大利（Italy),0.0,0.0,0.0,,#DIV/0!,#DIV/0!,郑州团队
2024-10-25 21:57:45.868000,2024-10-25,WD,意大利（Italy),0.0,0.0,0.0,,#DIV/0!,#DIV/0!,郑州团队
2024-10-25 22:46:37.127000,2024-10-25,LYD,意大利（Italy),15.3,0.0,0.0,,#DIV/0!,#DIV/0!,金边团队
2024-10-25 23:01:24.662000,2024-10-25,WD,印度（India）,24.97,2.0,1.0,,24.97,24.97,郑州团队
2024-10-25 23:03:03.246000,2024-10-25,YJ,意大利（Italy),0.0,0.0,0.0,,#DIV/0!,#DIV/0!,郑州团队
2024-10-25 23:04:26.085000,2024-10-25,Vat,意大利（Italy),129.65,4.0,0.0,,#DIV/0!,#DIV/0!,金边团队
2024-10-25 23:07:19.589000,2024-10-25,HF,印度（India）,82.75,16.0,7.0,,11.82142857,11.82142857,郑州团队
2024-10-25 23:11:33.521000,2024-10-25,LYD,印度（India）,315.73,90.0,36.0,,8.770277778,8.770277778,金边团队
2024-10-25 23:12:56.339000,2024-10-25,YJ,印度（India）,1577.89,312.0,110.0,,14.34445455,14.34445455,郑州团队
2024-10-25 23:13:51.343000,2024-10-25,MY,印度（India）,800.06,78.0,18.0,,44.44777778,44.44777778,金边团队
2024-10-25 23:23:24.479000,2024-10-24,憨豆,印度（India）,746.41,101.0,47.0,,15.88106383,15.88106383,深圳团队
2024-10-25 23:23:57.427000,2024-10-24,憨豆,德国（Germany）,719.56,13.0,6.0,,119.9266667,119.9266667,深圳团队
2024-10-25 23:28:24.498000,2024-10-25,ZJ,意大利（Italy),38.85,0.0,0.0,,#DIV/0!,#DIV/0!,郑州团队
2024-10-25 23:29:25.142000,2024-10-25,ZJ,印度（India）,0.0,0.0,0.0,,#DIV/0!,#DIV/0!,郑州团队
2024-10-25 23:46:39.904000,2024-10-25,SG,印度（India）,17157.82,2359.0,971.0,,17.67025747,17.67025747,郑州团队
2024-10-26 00:09:51.467000,2024-10-25,MY,德国（Germany）,87.15,3.0,0.0,,#DIV/0!,#DIV/0!,金边团队
2024-10-26 00:23:34.697000,2024-10-25,HY,意大利（Italy),0.0,0.0,0.0,,#DIV/0!,#DIV/0!,郑州团队
2024-10-26 00:41:42.529000,2024-10-25,YK,德国（Germany）,349.27,2.0,0.0,,#DIV/0!,#DIV/0!,金边团队
2024-10-26 01:34:39.293000,2024-10-25,Mar,印度（India）,1230.41,66.0,0.0,,#DIV/0!,#DIV/0!,郑州团队
2024-10-26 02:01:10.819000,2024-10-25,小赵,印度（India）,3356.23,573.0,239.0,,14.04280335,14.04280335,深圳团队
2024-10-26 02:03:08.430000,2024-10-25,阿北,印度（India）,173.05,26.0,10.0,,17.305,17.305,深圳团队
2024-10-26 02:14:29.750000,2024-10-25,HW,印度（India）,10058.87,1430.0,677.0,,14.85800591,14.85800591,金边团队
2024-10-26 02:21:17.553000,2024-10-25,云迪,印度（India）,478.57,48.0,28.0,,17.09178571,17.09178571,深圳团队
2024-10-26 02:23:13.634000,2024-10-25,老郭,印度（India）,206.78,48.0,7.0,,29.54,29.54,深圳团队
2024-10-26 17:04:40.415000,2024-10-26,LQ,意大利（Italy),0.0,0.0,0.0,,#DIV/0!,#DIV/0!,郑州团队
2024-10-26 19:15:18.643000,2024-10-26,LJA,意大利（Italy),0.0,0.0,0.0,,#DIV/0!,#DIV/0!,郑州团队
2024-10-26 19:17:08.310000,2024-10-26,LJA,印度（India）,0.19,0.0,0.0,,#DIV/0!,#DIV/0!,郑州团队
2024-10-26 19:52:04.639000,2024-10-26,HY,意大利（Italy),16.27,0.0,0.0,,#DIV/0!,#DIV/0!,郑州团队
2024-10-26 20:56:54.329000,2024-10-26,ZJ,意大利（Italy),25.85,1.0,0.0,,#DIV/0!,#DIV/0!,郑州团队
2024-10-26 20:57:48.360000,2024-10-26,ZJ,印度（India）,0.0,0.0,0.0,,#DIV/0!,#DIV/0!,郑州团队
2024-10-26 21:26:37.243000,2024-10-26,HF,意大利（Italy),0.0,0.0,0.0,,#DIV/0!,#DIV/0!,郑州团队
2024-10-26 21:58:11.156000,2024-10-26,LQ,印度（India）,420.24,39.0,11.0,,38.20363636,38.20363636,郑州团队
2024-10-26 22:21:05.944000,2024-10-26,HF,印度（India）,424.48,55.0,14.0,,30.32,30.32,郑州团队
2024-10-26 22:38:43.870000,2024-10-26,WD,意大利（Italy),0.0,0.0,0.0,,#DIV/0!,#DIV/0!,郑州团队
2024-10-26 22:58:56.811000,2024-10-26,WD,土耳其(Turkey),413.32,53.0,13.0,,31.79384615,31.79384615,郑州团队
2024-10-26 23:00:33.807000,2024-10-25,Mar,印度（India）,1249.16,48.0,0.0,,#DIV/0!,#DIV/0!,郑州团队
2024-10-26 23:01:34.888000,2024-10-26,Mar,德国（Germany）,0.0,0.0,0.0,,#DIV/0!,#DIV/0!,郑州团队
2024-10-26 23:04:15.080000,2024-10-26,MY,印度（India）,2.41,0.0,4.0,,0.6025,0.6025,金边团队
2024-10-26 23:07:04.062000,2024-10-26,MY,德国（Germany）,43.36,0.0,0.0,,#DIV/0!,#DIV/0!,金边团队
2024-10-26 23:07:08.676000,2024-10-26,Vat,意大利（Italy),11.85,0.0,0.0,,#DIV/0!,#DIV/0!,金边团队
2024-10-26 23:12:36.056000,2024-10-26,YK,印度（India）,531.36,88.0,43.0,,12.3572093,12.3572093,金边团队
2024-10-26 23:22:09.487000,2024-10-26,SG,印度（India）,25256.94,3642.0,1778.0,,14.20525309,14.20525309,郑州团队
2024-10-26 23:22:24.046000,2024-10-26,YK,印度（India）,609.56,90.0,49.0,,12.44,12.44,金边团队
2024-10-26 23:24:08.130000,2024-10-26,YK,德国（Germany）,350.78,8.0,5.0,,70.156,70.156,金边团队
2024-10-26 23:30:49.909000,2024-10-26,LYD,印度（India）,284.99,81.0,32.0,,8.9059375,8.9059375,金边团队
2024-10-26 23:52:56.708000,2024-10-26,YJ,印度（India）,3704.02,605.0,260.0,,14.24623077,14.24623077,郑州团队
2024-10-26 23:53:25.484000,2024-10-26,YJ,意大利（Italy),0.0,0.0,0.0,,#DIV/0!,#DIV/0!,郑州团队
2024-10-27 00:51:34.798000,2024-10-26,云迪,印度（India）,1515.92,205.0,103.0,,14.7176699,14.7176699,深圳团队
2024-10-27 01:14:57.140000,2024-10-26,阿北,印度（India）,149.45,32.0,2.0,,74.725,74.725,深圳团队
2024-10-27 02:34:28.635000,2024-10-25,憨豆,印度（India）,582.18,61.0,33.0,,17.64181818,17.64181818,深圳团队
2024-10-27 02:36:41.691000,2024-10-26,憨豆,印度（India）,1232.56,151.0,58.0,,21.25103448,21.25103448,深圳团队
2024-10-27 02:37:52.658000,2024-10-26,憨豆,德国（Germany）,49.89,2.0,1.0,,49.89,49.89,深圳团队
2024-10-27 02:42:06.709000,2024-10-26,憨豆,德国（Germany）,431.75,18.0,11.0,,39.25,39.25,深圳团队
2024-10-27 21:47:12.018000,2024-10-27,LJA,印度（India）,35.25,4.0,0.0,,#DIV/0!,#DIV/0!,郑州团队
2024-10-27 21:48:51.537000,2024-10-27,LJA,意大利（Italy),0.0,0.0,0.0,,#DIV/0!,#DIV/0!,郑州团队
2024-10-27 21:49:17.416000,2024-10-27,LQ,印度（India）,36.18,4.0,1.0,,36.18,36.18,郑州团队
2024-10-27 21:50:23.287000,2024-10-27,HF,意大利（Italy),0.0,0.0,0.0,,#DIV/0!,#DIV/0!,郑州团队
2024-10-27 21:51:46.076000,2024-10-27,HF,印度（India）,184.00999999999996,20.0,6.0,,30.66833333,30.66833333,郑州团队
2024-10-27 21:52:00.039000,2024-10-27,LQ,意大利（Italy),0.0,0.0,0.0,,#DIV/0!,#DIV/0!,郑州团队
2024-10-27 21:53:01.673000,2024-10-26,WD,印度（India）,413.32,53.0,13.0,,31.79384615,31.79384615,郑州团队
2024-10-27 21:53:47.021000,2024-10-27,WD,意大利（Italy),0.0,0.0,0.0,,#DIV/0!,#DIV/0!,郑州团队
2024-10-27 22:11:10.202000,2024-10-27,WD,印度（India）,6.54,0.0,0.0,,#DIV/0!,#DIV/0!,郑州团队
2024-10-27 23:01:45.751000,2024-10-27,Vat,意大利（Italy),66.53,6.0,1.0,,66.53,66.53,金边团队
2024-10-27 23:01:46.430000,2024-10-27,LYD,印度（India）,263.14,47.0,19.0,,13.84947368,13.84947368,金边团队
2024-10-27 23:06:22.434000,2024-10-27,MY,德国（Germany）,56.79,2.0,1.0,,56.79,56.79,金边团队
2024-10-27 23:07:32.166000,2024-10-27,MY,印度（India）,0.0,0.0,0.0,,#DIV/0!,#DIV/0!,金边团队
2024-10-27 23:18:23.351000,2024-10-27,YK,德国（Germany）,150.69,4.0,2.0,,75.345,75.345,金边团队
2024-10-27 23:22:11.859000,2024-10-27,YK,印度（India）,1820.84,206.0,50.0,,36.4168,36.4168,金边团队
2024-10-28 00:06:20.437000,2024-10-27,ZJ,意大利（Italy),0.0,0.0,0.0,,#DIV/0!,#DIV/0!,郑州团队
2024-10-28 00:07:49.390000,2024-10-27,ZJ,印度（India）,0.0,0.0,0.0,,#DIV/0!,#DIV/0!,郑州团队
2024-10-28 00:13:48.467000,2024-10-27,HY,意大利（Italy),183.79,7.0,3.0,,61.26333333,61.26333333,郑州团队
2024-10-28 00:39:07.234000,2024-10-27,Mar,印度（India）,1157.02,62.0,0.0,,#DIV/0!,#DIV/0!,郑州团队
2024-10-28 00:41:57.033000,2024-10-27,Mar,德国（Germany）,340.39,11.0,5.0,,68.078,68.078,郑州团队
2024-10-28 01:12:16.786000,2024-10-27,YJ,意大利（Italy),0.0,0.0,0.0,,#DIV/0!,#DIV/0!,郑州团队
2024-10-28 01:13:44.916000,2024-10-27,SG,印度（India）,21848.86,3218.0,1378.0,,15.85548621,15.85548621,郑州团队
2024-10-28 01:28:24.548000,2024-10-27,YJ,印度（India）,2120.72,326.0,122.0,,17.38295082,17.38295082,郑州团队
2024-10-28 01:28:44.188000,2024-10-27,善光,印度（India）,58.1,0.0,0.0,,#DIV/0!,#DIV/0!,深圳团队
2024-10-28 01:35:11.053000,2024-10-27,阿北,印度（India）,445.59,177.0,50.0,,8.9118,8.9118,深圳团队
2024-10-28 02:26:18.832000,2024-10-27,小赵,印度（India）,9260.0,1142.0,497.0,,18.63179074,18.63179074,深圳团队
2024-10-28 07:01:56.426000,2024-10-27,云迪,印度（India）,1799.99,156.0,71.0,,25.35197183,25.35197183,深圳团队
2024-10-28 07:04:24.433000,2024-10-27,云迪,土耳其(Turkey),428.66,25.0,6.0,,71.44333333,71.44333333,深圳团队
2024-10-28 09:20:58.211000,2024-10-27,阿杜,印度（India）,353.83,53.0,21.0,,16.84904762,16.84904762,深圳团队
2024-10-28 11:04:29.313000,2024-10-25,AK,印度（India）,2160.3,230.0,97.0,,22.27113402,22.27113402,深圳团队
2024-10-28 11:05:39.427000,2024-10-26,AK,印度（India）,2820.52,380.0,190.0,,14.84484211,14.84484211,深圳团队
2024-10-28 11:06:39.087000,2024-10-27,AK,印度（India）,1207.93,130.0,62.0,,19.48274194,19.48274194,深圳团队
2024-10-28 13:05:11.787000,2024-10-27,HW,印度（India）,11661.66,1673.0,745.0,,15.6532349,15.6532349,金边团队
2024-10-28 20:49:15.631000,2024-10-28,LJA,意大利（Italy),0.0,0.0,0.0,,#DIV/0!,#DIV/0!,郑州团队
2024-10-28 20:50:16.570000,2024-10-28,LJA,印度（India）,95.94,10.0,4.0,,23.985,23.985,郑州团队
2024-10-28 21:35:24.296000,2024-10-28,LQ,印度（India）,0.0,0.0,0.0,,#DIV/0!,#DIV/0!,郑州团队
2024-10-28 21:36:42.731000,2024-10-28,LQ,意大利（Italy),0.0,0.0,0.0,,#DIV/0!,#DIV/0!,郑州团队
2024-10-28 21:44:34.112000,2024-10-28,WD,意大利（Italy),0.0,0.0,0.0,,#DIV/0!,#DIV/0!,郑州团队
2024-10-28 22:09:52.936000,2024-10-28,HF,意大利（Italy),0.0,0.0,0.0,,#DIV/0!,#DIV/0!,郑州团队
2024-10-28 23:05:05.057000,2024-10-28,Vat,意大利（Italy),0.64,0.0,0.0,,#DIV/0!,#DIV/0!,金边团队
2024-10-28 23:08:05.009000,2024-10-28,WD,印度（India）,118.32,10.0,0.0,,#DIV/0!,#DIV/0!,郑州团队
2024-10-28 23:13:17.138000,2024-10-28,MY,印度（India）,2462.68,326.0,146.0,,16.86767123,16.86767123,金边团队
2024-10-28 23:20:58.366000,2024-10-28,HF,印度（India）,154.03,13.0,7.0,,22.00428571,22.00428571,郑州团队
2024-10-28 23:23:00.657000,2024-10-28,YK,印度（India）,960.06,91.0,25.0,,38.4024,38.4024,金边团队
2024-10-28 23:25:18.106000,2024-10-28,YJ,印度（India）,457.1,82.0,37.0,,12.35405405,12.35405405,郑州团队
2024-10-28 23:25:52.397000,2024-10-28,YJ,意大利（Italy),0.0,0.0,0.0,,#DIV/0!,#DIV/0!,郑州团队
2024-10-28 23:40:57.694000,2024-10-28,LYD,印度（India）,471.95,48.0,4.0,,117.9875,117.9875,金边团队
2024-10-29 00:11:43.004000,2024-10-28,HY,印度（India）,58.95,2.0,1.0,,58.95,58.95,郑州团队
2024-10-29 00:31:20.579000,2024-10-28,ZJ,意大利（Italy),0.0,0.0,0.0,,#DIV/0!,#DIV/0!,郑州团队
2024-10-29 00:32:04.634000,2024-10-28,ZJ,印度（India）,0.0,0.0,0.0,,#DIV/0!,#DIV/0!,郑州团队
2024-10-29 00:45:21.533000,2024-10-28,HY,意大利（Italy),629.08,16.0,4.0,,157.27,157.27,郑州团队
2024-10-29 00:58:07.843000,2024-10-29,阿北,印度（India）,426.72,186.0,51.0,,8.367058824,8.367058824,深圳团队
2024-10-29 01:00:08.053000,2024-10-28,善光,印度（India）,123.6,9.0,6.0,,20.6,20.6,深圳团队
2024-10-29 01:05:33.843000,2024-10-28,小赵,印度（India）,3268.27,451.0,208.0,,15.71283654,15.71283654,深圳团队
2024-10-29 01:36:35.306000,2024-10-28,Mar,印度（India）,826.86,44.0,19.0,,43.51894737,43.51894737,郑州团队
2024-10-29 01:43:16.517000,2024-10-28,Mar,德国（Germany）,580.96,8.0,5.0,,116.192,116.192,郑州团队
2024-10-29 02:23:12.650000,2024-10-28,SG,印度（India）,14895.69,2193.0,926.0,,16.08605832,16.08605832,郑州团队
2024-10-29 03:01:56.862000,2024-10-28,阿杜,印度（India）,575.9,59.0,16.0,,35.99375,35.99375,深圳团队
2024-10-29 05:37:21.192000,2024-10-28,老郭,印度（India）,15.12,1.0,0.0,,#DIV/0!,#DIV/0!,深圳团队
2024-10-29 11:36:06.493000,2024-10-28,HW,印度（India）,18591.06,3425.0,1172.0,,15.86267918,15.86267918,金边团队
2024-10-29 18:58:38.072000,2024-10-29,LQ,意大利（Italy),0.0,0.0,0.0,,#DIV/0!,#DIV/0!,郑州团队
2024-10-29 19:00:03.768000,2024-10-29,LJA,意大利（Italy),0.0,0.0,0.0,,#DIV/0!,#DIV/0!,郑州团队
2024-10-29 19:01:04.408000,2024-10-29,LJA,印度（India）,5.43,1.0,0.0,,#DIV/0!,#DIV/0!,郑州团队
2024-10-29 19:29:01.431000,2024-10-29,LQ,印度（India）,16.65,4.0,1.0,,16.65,16.65,郑州团队
2024-10-29 22:18:37.009000,2024-10-29,HF,意大利（Italy),0.0,0.0,0.0,,#DIV/0!,#DIV/0!,郑州团队
2024-10-29 22:18:56.232000,2024-10-29,WD,意大利（Italy),0.0,0.0,0.0,,#DIV/0!,#DIV/0!,郑州团队
2024-10-29 22:21:01.470000,2024-10-29,HF,印度（India）,46.59,10.0,1.0,,46.59,46.59,郑州团队
2024-10-29 23:00:56.431000,2024-10-29,Vat,意大利（Italy),61.5,4.0,1.0,,61.5,61.5,金边团队
2024-10-29 23:06:04.645000,2024-10-29,LYD,印度（India）,14.43,4.0,0.0,,#DIV/0!,#DIV/0!,金边团队
2024-10-29 23:07:38.174000,2024-10-29,YK,印度（India）,408.57,30.0,8.0,,51.07125,51.07125,金边团队
2024-10-29 23:10:48.245000,2024-10-29,SG,印度（India）,12639.15,1738.0,770.0,,16.41448052,16.41448052,郑州团队
2024-10-29 23:14:51.886000,2024-10-29,MY,印度（India）,4937.67,880.0,269.0,,18.35565056,18.35565056,金边团队
2024-10-29 23:18:30.487000,2024-10-29,WD,印度（India）,700.74,88.0,18.0,,38.93,38.93,郑州团队
2024-10-29 23:41:43.430000,2024-10-29,Mar,印度（India）,1611.77,147.0,74.0,,21.78067568,21.78067568,郑州团队
2024-10-29 23:46:39.151000,2024-10-29,ZJ,印度（India）,0.0,0.0,0.0,,#DIV/0!,#DIV/0!,郑州团队
2024-10-29 23:55:56.280000,2024-10-29,HY,意大利（Italy),641.86,65.0,60.0,,10.69766667,10.69766667,郑州团队
2024-10-29 23:57:21.617000,2024-10-29,ZJ,意大利（Italy),9.34,0.0,0.0,,#DIV/0!,#DIV/0!,郑州团队
2024-10-30 00:41:55.584000,2024-10-29,YJ,意大利（Italy),0.0,0.0,0.0,,#DIV/0!,#DIV/0!,郑州团队
2024-10-30 01:14:24.938000,2024-10-29,阿北,印度（India）,837.18,132.0,45.0,,18.604,18.604,深圳团队
2024-10-30 01:16:59.552000,2024-10-29,云迪,印度（India）,105.63,23.0,10.0,,10.563,10.563,深圳团队
2024-10-30 01:22:03.751000,2024-10-29,小赵,印度（India）,1400.16,325.0,157.0,,8.918216561,8.918216561,深圳团队
2024-10-30 03:10:58.225000,2024-10-29,老郭,印度（India）,85.17,5.0,2.0,,42.585,42.585,深圳团队
2024-10-30 03:45:24.773000,2024-10-29,善光,印度（India）,178.34,14.0,7.0,,25.47714286,25.47714286,深圳团队
2024-10-30 09:21:57.943000,2024-10-29,YJ,印度（India）,320.24,45.0,14.0,,22.87428571,22.87428571,郑州团队
2024-10-30 15:10:32.583000,2024-10-29,HW,印度（India）,5256.25,811.0,222.0,,23.6768018,23.6768018,金边团队
2024-10-30 21:47:19.697000,2024-10-30,WD,意大利（Italy),0.0,0.0,0.0,,#DIV/0!,#DIV/0!,郑州团队
2024-10-30 21:58:47.320000,2024-10-30,LJA,意大利（Italy),0.0,0.0,0.0,,#DIV/0!,#DIV/0!,郑州团队
2024-10-30 22:01:08.628000,2024-10-30,LJA,印度（India）,0.0,0.0,0.0,,#DIV/0!,#DIV/0!,郑州团队
2024-10-30 22:04:07.159000,2024-10-30,HF,意大利（Italy),0.0,0.0,0.0,,#DIV/0!,#DIV/0!,郑州团队
2024-10-30 22:21:56.494000,2024-10-30,Mar,印度（India）,153.72,3.0,0.0,,#DIV/0!,#DIV/0!,郑州团队
2024-10-30 22:24:42.011000,2024-10-30,Mar,意大利（Italy),282.23,8.0,4.0,,70.5575,70.5575,郑州团队
2024-10-30 22:26:23.921000,2024-10-30,LQ,印度（India）,213.62,18.0,7.0,,30.51714286,30.51714286,郑州团队
2024-10-30 22:27:29.835000,2024-10-30,LQ,意大利（Italy),0.0,0.0,0.0,,#DIV/0!,#DIV/0!,郑州团队
2024-10-30 22:46:46.034000,2024-10-30,WD,印度（India）,211.0,27.0,0.0,,#DIV/0!,#DIV/0!,郑州团队
2024-10-30 23:09:01.889000,2024-10-30,HF,印度（India）,493.85,69.0,37.0,,13.3472973,13.3472973,郑州团队
2024-10-30 23:12:35.215000,2024-10-30,MY,印度（India）,5409.93,838.0,282.0,,19.18414894,19.18414894,金边团队
2024-10-30 23:13:07.537000,2024-10-30,YK,土耳其(Turkey),463.25,13.0,8.0,,57.90625,57.90625,金边团队
2024-10-30 23:13:37.367000,2024-10-30,YK,印度（India）,0.0,0.0,0.0,,#DIV/0!,#DIV/0!,金边团队
2024-10-30 23:19:25.530000,2024-10-30,Vat,意大利（Italy),51.19,1.0,0.0,,#DIV/0!,#DIV/0!,金边团队
2024-10-30 23:21:32.728000,2024-10-30,HW,印度（India）,2021.33,549.0,143.0,,14.13517483,14.13517483,金边团队
2024-10-31 00:04:51.572000,2024-10-30,YJ,印度（India）,1777.14,165.0,64.0,,27.7678125,27.7678125,郑州团队
2024-10-31 00:05:13.292000,2024-10-30,YJ,意大利（Italy),0.0,0.0,0.0,,#DIV/0!,#DIV/0!,郑州团队
2024-10-31 00:13:38.342000,2024-10-30,HY,意大利（Italy),25.71,2.0,1.0,,25.71,25.71,郑州团队
2024-10-31 00:19:12.840000,2024-10-30,ZJ,意大利（Italy),0.0,0.0,0.0,,#DIV/0!,#DIV/0!,郑州团队
2024-10-31 00:19:32.750000,2024-10-30,ZJ,印度（India）,0.0,0.0,0.0,,#DIV/0!,#DIV/0!,郑州团队
2024-10-31 00:21:53.438000,2024-10-30,SG,印度（India）,8046.31,1345.0,587.0,,13.70751278,13.70751278,郑州团队
2024-10-31 00:55:49.449000,2024-10-30,善光,印度（India）,1630.35,442.0,221.0,,7.377149321,7.377149321,深圳团队
2024-10-31 01:14:46.024000,2024-10-30,云迪,印度（India）,263.69,35.0,18.0,,14.64944444,14.64944444,深圳团队
2024-10-31 01:48:28.994000,2024-10-30,小赵,印度（India）,2024.59,431.0,222.0,,9.119774775,9.119774775,深圳团队
2024-10-31 01:52:22.737000,2024-10-31,阿杜,印度（India）,467.36,64.0,32.0,,14.605,14.605,深圳团队
2024-10-31 02:26:26.761000,2024-10-30,老郭,印度（India）,7.78,5.0,2.0,,3.89,3.89,深圳团队
2024-10-31 04:12:17.648000,2024-10-30,阿北,印度（India）,765.86,82.0,20.0,,38.293,38.293,深圳团队
2024-10-31 12:17:37.533000,2024-10-31,阿杜,印度（India）,469.84,64.0,33.0,,14.23757576,14.23757576,深圳团队
2024-10-31 12:18:45.276000,2024-10-30,阿杜,印度（India）,469.84,64.0,33.0,,14.23757576,14.23757576,深圳团队
2024-10-31 12:28:38.622000,2024-10-30,LYD,德国（Germany）,54.94,0.0,0.0,,#DIV/0!,#DIV/0!,金边团队
2024-10-31 21:08:27.554000,2024-10-31,LJA,意大利（Italy),0.0,0.0,0.0,,#DIV/0!,#DIV/0!,郑州团队
2024-10-31 21:51:33.812000,2024-10-31,ZJ,土耳其(Turkey),55.8,6.0,2.0,,27.9,27.9,郑州团队
2024-10-31 22:01:59.295000,2024-10-31,WD,意大利（Italy),0.0,0.0,0.0,,#DIV/0!,#DIV/0!,郑州团队
2024-10-31 22:31:42.097000,2024-10-31,HF,意大利（Italy),0.0,0.0,0.0,,#DIV/0!,#DIV/0!,郑州团队
2024-10-31 22:35:12.840000,2024-10-31,HF,印度（India）,5.22,6.0,0.0,,#DIV/0!,#DIV/0!,郑州团队
2024-10-31 22:38:31.928000,2024-10-31,LQ,印度（India）,114.13,16.0,0.0,,#DIV/0!,#DIV/0!,郑州团队
2024-10-31 22:40:40.804000,2024-10-31,LQ,意大利（Italy),0.0,0.0,0.0,,#DIV/0!,#DIV/0!,郑州团队
2024-10-31 22:41:37.050000,2024-10-31,LQ,土耳其(Turkey),0.0,0.0,0.0,,#DIV/0!,#DIV/0!,郑州团队
2024-10-31 23:01:53.317000,2024-10-31,WD,印度（India）,856.59,96.0,33.0,,25.95727273,25.95727273,郑州团队
2024-10-31 23:06:15.926000,2024-10-31,MY,印度（India）,4626.81,796.0,298.0,,15.52620805,15.52620805,金边团队
2024-10-31 23:10:17.975000,2024-10-31,Mar,意大利（Italy),540.35,10.0,5.0,,108.07,108.07,郑州团队
2024-10-31 23:14:31.259000,2024-10-31,Mar,土耳其(Turkey),644.02,35.0,14.0,,46.00142857,46.00142857,郑州团队
2024-10-31 23:17:09.106000,2024-10-31,Mar,印度（India）,1071.12,116.0,0.0,,#DIV/0!,#DIV/0!,郑州团队
2024-10-31 23:17:38.679000,2024-10-31,YK,意大利（Italy),255.5,3.0,1.0,,255.5,255.5,金边团队
2024-10-31 23:29:40.913000,2024-10-31,Vat,意大利（Italy),96.46,3.0,0.0,,#DIV/0!,#DIV/0!,金边团队
2024-10-31 23:47:00.018000,2024-10-31,LYD,土耳其(Turkey),212.47,7.0,1.0,,212.47,212.47,金边团队
2024-11-01 00:02:41.534000,2024-10-31,HY,土耳其(Turkey),198.33,5.0,1.0,,198.33,198.33,郑州团队
2024-11-01 00:02:52.007000,2024-10-31,ZJ,印度（India）,0.0,0.0,0.0,,#DIV/0!,#DIV/0!,郑州团队
2024-11-01 00:03:48.938000,2024-10-31,ZJ,意大利（Italy),0.0,0.0,0.0,,#DIV/0!,#DIV/0!,郑州团队
2024-11-01 00:12:44.748000,2024-10-31,YJ,印度（India）,290.23,42.0,14.0,,20.73071429,20.73071429,郑州团队
2024-11-01 00:14:45.244000,2024-10-31,SG,印度（India）,10600.61,1634.0,650.0,,16.30863077,16.30863077,郑州团队
2024-11-01 00:16:03.509000,2024-10-31,YJ,意大利（Italy),0.0,0.0,0.0,,#DIV/0!,#DIV/0!,郑州团队
2024-11-01 01:25:18.012000,2024-10-31,云迪,印度（India）,325.77,58.0,32.0,,10.1803125,10.1803125,深圳团队
2024-11-01 01:26:34.818000,2024-10-31,云迪,土耳其(Turkey),607.82,28.0,11.0,,55.25636364,55.25636364,深圳团队
2024-11-01 02:07:58.981000,2024-10-31,老郭,印度（India）,37.28,9.0,5.0,,7.456,7.456,深圳团队
2024-11-01 07:03:53.579000,2024-10-31,善光,印度（India）,1470.41,318.0,105.0,,14.00390476,14.00390476,深圳团队
2024-11-01 11:40:35.179000,2024-10-31,LJA,印度（India）,74.49,5.0,0.0,,#DIV/0!,#DIV/0!,郑州团队
2024-11-01 11:59:58.026000,2024-10-31,HW,印度（India）,6572.05,1227.0,409.0,,16.06858191,16.06858191,金边团队
2024-11-01 12:56:00.079000,2024-10-31,YK,土耳其(Turkey),2073.32,90.0,37.0,,56.03567568,56.03567568,金边团队
2024-11-01 17:04:22.482000,2024-11-01,SG,印度（India）,0.0,0.0,0.0,,#DIV/0!,#DIV/0!,郑州团队
2024-11-01 17:09:28.867000,2024-11-01,HF,印度（India）,0.0,0.0,0.0,,#DIV/0!,#DIV/0!,郑州团队
2024-11-01 17:10:06.573000,2024-11-01,HF,意大利（Italy),0.0,0.0,0.0,,#DIV/0!,#DIV/0!,郑州团队
2024-11-01 21:03:48.748000,2024-11-01,WD,意大利（Italy),0.0,0.0,0.0,,#DIV/0!,#DIV/0!,郑州团队
2024-11-01 21:36:34.221000,2024-11-01,LJA,印度（India）,0.0,0.0,0.0,,#DIV/0!,#DIV/0!,郑州团队
2024-11-01 21:37:10.735000,2024-11-01,LJA,意大利（Italy),0.0,0.0,0.0,,#DIV/0!,#DIV/0!,郑州团队
2024-11-01 21:50:56.476000,2024-11-01,LQ,印度（India）,0.0,0.0,0.0,,#DIV/0!,#DIV/0!,郑州团队
2024-11-01 21:51:58.409000,2024-11-01,LQ,意大利（Italy),0.0,0.0,0.0,,#DIV/0!,#DIV/0!,郑州团队
2024-11-01 22:44:19.375000,2024-11-01,HF,土耳其(Turkey),66.64,7.0,0.0,,#DIV/0!,#DIV/0!,郑州团队
2024-11-01 22:56:57.310000,2024-11-01,HY,土耳其(Turkey),477.44,13.0,5.0,,95.488,95.488,郑州团队
2024-11-01 23:03:55.210000,2024-11-01,MY,土耳其(Turkey),9.62,0.0,0.0,,#DIV/0!,#DIV/0!,金边团队
2024-11-01 23:11:07.414000,2024-11-01,YK,土耳其(Turkey),264.11,18.0,16.0,,16.506875,16.506875,金边团队
2024-11-01 23:16:52.040000,2024-11-01,Vat,意大利（Italy),28.49,1.0,0.0,,#DIV/0!,#DIV/0!,金边团队
2024-11-01 23:34:12.915000,2024-11-01,LYD,土耳其(Turkey),528.16,14.0,3.0,,176.0533333,176.0533333,金边团队
2024-11-01 23:36:50.962000,2024-11-01,Mar,土耳其(Turkey),2767.84,104.0,37.0,,74.80648649,74.80648649,郑州团队
2024-11-01 23:58:36.210000,2024-11-01,ZJ,土耳其(Turkey),148.15,6.0,2.0,,74.075,74.075,郑州团队
2024-11-01 23:59:34.217000,2024-11-01,ZJ,意大利（Italy),0.0,0.0,0.0,,#DIV/0!,#DIV/0!,郑州团队
2024-11-02 00:00:54.705000,2024-11-01,ZJ,印度（India）,0.0,0.0,0.0,,#DIV/0!,#DIV/0!,郑州团队
2024-11-02 01:22:47.112000,2024-11-01,YJ,意大利（Italy),0.0,0.0,0.0,,#DIV/0!,#DIV/0!,郑州团队
2024-11-02 01:24:50.404000,2024-11-01,YJ,印度（India）,0.0,0.0,0.0,,#DIV/0!,#DIV/0!,郑州团队
2024-11-02 03:20:04.797000,2024-11-01,善光,土耳其(Turkey),252.43,18.0,12.0,,21.03583333,21.03583333,深圳团队
2024-11-02 10:09:40.007000,2024-11-01,云迪,土耳其(Turkey),842.1,51.0,22.0,,38.27727273,38.27727273,深圳团队
2024-11-02 10:58:45.493000,2024-11-01,WD,印度（India）,0.0,0.0,0.0,,#DIV/0!,#DIV/0!,郑州团队
2024-11-02 12:07:10.845000,2024-11-01,Mar,意大利（Italy),1592.52,46.0,23.0,,69.24,69.24,郑州团队
2024-11-02 12:15:21.149000,2024-11-01,LJA,土耳其(Turkey),308.61,9.0,0.0,,#DIV/0!,#DIV/0!,郑州团队
2024-11-02 12:15:22.914000,2024-11-01,LQ,土耳其(Turkey),30.17,1.0,0.0,,#DIV/0!,#DIV/0!,郑州团队
2024-11-02 19:18:12.173000,2024-11-02,HY,土耳其(Turkey),634.76,49.0,20.0,,31.738,31.738,郑州团队
2024-11-02 22:50:20.371000,2024-11-02,HF,印度（India）,0.0,0.0,0.0,,#DIV/0!,#DIV/0!,郑州团队
2024-11-02 22:51:54.054000,2024-11-02,HF,意大利（Italy),0.0,0.0,0.0,,#DIV/0!,#DIV/0!,郑州团队
2024-11-02 22:57:38.356000,2024-11-02,WD,意大利（Italy),0.0,0.0,0.0,,#DIV/0!,#DIV/0!,郑州团队
2024-11-02 22:58:49.814000,2024-11-02,LJA,土耳其(Turkey),306.73,16.0,0.0,,#DIV/0!,#DIV/0!,郑州团队
2024-11-02 22:58:56.784000,2024-11-02,SG,印度（India）,8386.74,1342.0,560.0,,14.97632143,14.97632143,郑州团队
2024-11-02 22:59:47.341000,2024-11-02,LJA,印度（India）,0.0,0.0,0.0,,#DIV/0!,#DIV/0!,郑州团队
2024-11-02 23:01:43.740000,2024-11-02,LJA,意大利（Italy),0.0,0.0,0.0,,#DIV/0!,#DIV/0!,郑州团队
2024-11-02 23:01:56.547000,2024-11-02,ZJ,土耳其(Turkey),29.83,1.0,0.0,,#DIV/0!,#DIV/0!,郑州团队
2024-11-02 23:02:33.742000,2024-11-02,Vat,意大利（Italy),26.67,1.0,0.0,,#DIV/0!,#DIV/0!,金边团队
2024-11-02 23:02:36.498000,2024-11-02,ZJ,印度（India）,0.0,0.0,0.0,,#DIV/0!,#DIV/0!,郑州团队
2024-11-02 23:02:47.301000,2024-11-02,YJ,意大利（Italy),0.0,0.0,0.0,,#DIV/0!,#DIV/0!,郑州团队
2024-11-02 23:03:08.104000,2024-11-02,ZJ,意大利（Italy),0.0,0.0,0.0,,#DIV/0!,#DIV/0!,郑州团队
2024-11-02 23:03:58.514000,2024-11-02,YJ,印度（India）,0.0,0.0,0.0,,#DIV/0!,#DIV/0!,郑州团队
2024-11-02 23:06:16.313000,2024-11-02,WD,印度（India）,1082.49,128.0,76.0,,14.24328947,14.24328947,郑州团队
2024-11-02 23:19:09.110000,2024-11-02,HF,土耳其(Turkey),822.71,46.0,0.0,,#DIV/0!,#DIV/0!,郑州团队
2024-11-02 23:20:50.730000,2024-11-02,Mar,意大利（Italy),428.92,16.0,0.0,,#DIV/0!,#DIV/0!,郑州团队
2024-11-02 23:24:36.633000,2024-11-02,LYD,意大利（Italy),0.0,0.0,0.0,,#DIV/0!,#DIV/0!,金边团队
2024-11-02 23:27:49.332000,2024-11-02,Mar,土耳其(Turkey),1297.04,39.0,0.0,,#DIV/0!,#DIV/0!,郑州团队
2024-11-02 23:49:08.909000,2024-11-02,YK,印度（India）,0.0,0.0,0.0,,#DIV/0!,#DIV/0!,金边团队
2024-11-02 23:52:45.089000,2024-11-02,YK,土耳其(Turkey),0.0,0.0,0.0,,#DIV/0!,#DIV/0!,金边团队
2024-11-03 00:51:21.231000,2024-11-02,MY,印度（India）,0.0,0.0,0.0,,#DIV/0!,#DIV/0!,金边团队
2024-11-03 03:05:50.001000,2024-11-02,云迪,土耳其(Turkey),749.7,93.0,55.0,,13.63090909,13.63090909,深圳团队
2024-11-03 03:09:43.538000,2024-11-02,小赵,印度（India）,1146.42,183.0,60.0,,19.107,19.107,深圳团队
2024-11-03 05:12:44.798000,2024-11-02,善光,土耳其(Turkey),3159.29,268.0,139.0,,22.72870504,22.72870504,深圳团队
2024-11-03 05:15:30.345000,2024-11-02,善光,印度（India）,963.92,129.0,64.0,,15.06125,15.06125,深圳团队
2024-11-03 09:45:23.809000,2024-11-02,AK,印度（India）,563.53,190.0,118.0,,4.775677966,4.775677966,深圳团队
2024-11-03 20:07:52.317000,2024-11-03,LJA,土耳其(Turkey),524.47,26.0,0.0,,#DIV/0!,#DIV/0!,郑州团队
2024-11-03 20:28:59.256000,2024-11-03,LJA,印度（India）,0.0,0.0,0.0,,#DIV/0!,#DIV/0!,郑州团队
2024-11-03 20:29:32.445000,2024-11-03,LJA,意大利（Italy),0.0,0.0,0.0,,#DIV/0!,#DIV/0!,郑州团队
2024-11-03 20:30:31.031000,2024-11-03,ZJ,土耳其(Turkey),0.0,0.0,0.0,,#DIV/0!,#DIV/0!,郑州团队
2024-11-03 20:31:05.268000,2024-11-03,ZJ,印度（India）,0.0,0.0,0.0,,#DIV/0!,#DIV/0!,郑州团队
2024-11-03 20:36:23.219000,2024-11-03,ZJ,意大利（Italy),0.0,0.0,0.0,,#DIV/0!,#DIV/0!,郑州团队
2024-11-03 21:00:34.092000,2024-11-03,Mar,印度（India）,3994.69,398.0,96.0,,41.61135417,41.61135417,郑州团队
2024-11-03 21:23:16.428000,2024-11-03,HF,印度（India）,0.0,0.0,0.0,,#DIV/0!,#DIV/0!,郑州团队
2024-11-03 21:23:55.073000,2024-11-03,HF,意大利（Italy),0.0,0.0,0.0,,#DIV/0!,#DIV/0!,郑州团队
2024-11-03 21:26:23.821000,2024-11-03,WD,意大利（Italy),0.0,0.0,0.0,,#DIV/0!,#DIV/0!,郑州团队
2024-11-03 22:39:39.635000,2024-11-03,WD,印度（India）,1755.45,220.0,73.0,,24.04726027,24.04726027,郑州团队
2024-11-03 22:52:19.837000,2024-11-02,HW,印度（India）,0.0,0.0,0.0,,#DIV/0!,#DIV/0!,金边团队
2024-11-03 22:52:33.322000,2024-11-03,HW,印度（India）,0.0,0.0,0.0,,#DIV/0!,#DIV/0!,金边团队
2024-11-03 22:54:34.120000,2024-11-03,LYD,土耳其(Turkey),38.2,1.0,1.0,,38.2,38.2,金边团队
2024-11-03 23:00:07.165000,2024-11-03,MY,印度（India）,348.12,81.0,28.0,,12.43285714,12.43285714,金边团队
2024-11-03 23:02:00.845000,2024-11-03,Vat,意大利（Italy),83.67,4.0,0.0,,#DIV/0!,#DIV/0!,金边团队
2024-11-03 23:08:18.494000,2024-11-03,HF,土耳其(Turkey),563.96,29.0,0.0,,#DIV/0!,#DIV/0!,郑州团队
2024-11-03 23:11:23.690000,2024-11-03,YK,印度（India）,0.0,0.0,0.0,,#DIV/0!,#DIV/0!,金边团队
2024-11-03 23:11:25.693000,2024-11-03,MY,土耳其(Turkey),31.76,0.0,0.0,,#DIV/0!,#DIV/0!,金边团队
2024-11-03 23:11:51.037000,2024-11-03,YK,意大利（Italy),0.0,0.0,0.0,,#DIV/0!,#DIV/0!,金边团队
2024-11-03 23:16:59.726000,2024-11-03,SG,印度（India）,18763.64,3278.0,1260.0,,14.89177778,14.89177778,郑州团队
2024-11-03 23:18:50.750000,2024-11-03,YK,土耳其(Turkey),33.18,1.0,0.0,,#DIV/0!,#DIV/0!,金边团队
2024-11-03 23:32:05.141000,2024-11-03,YJ,意大利（Italy),0.0,0.0,0.0,,#DIV/0!,#DIV/0!,郑州团队
2024-11-03 23:33:15.825000,2024-11-03,YJ,印度（India）,4264.57,698.0,265.0,,16.09271698,16.09271698,郑州团队
2024-11-03 23:59:13.839000,2024-11-03,HY,土耳其(Turkey),688.11,37.0,14.0,,49.15071429,49.15071429,郑州团队
2024-11-04 00:36:44.194000,2024-11-03,善光,印度（India）,1336.27,295.0,136.0,,9.825514706,9.825514706,深圳团队
2024-11-04 00:38:32.177000,2024-11-03,善光,土耳其(Turkey),5007.29,245.0,214.0,,23.3985514,23.3985514,深圳团队
2024-11-04 00:39:21.772000,2024-11-03,啊闲,印度（India）,383.96,46.0,24.0,,15.99833333,15.99833333,深圳团队
2024-11-04 00:40:49.972000,2024-11-03,云迪,土耳其(Turkey),3094.47,128.0,71.0,,43.58408451,43.58408451,深圳团队
2024-11-04 00:42:10.709000,2024-11-03,云迪,印度（India）,1596.03,181.0,75.0,,21.2804,21.2804,深圳团队
2024-11-04 00:43:06.266000,2024-11-03,AK,印度（India）,3473.41,590.0,353.0,,9.839688385,9.839688385,深圳团队
2024-11-04 01:47:16.859000,2024-11-03,老郭,印度（India）,708.92,76.0,51.0,,13.90039216,13.90039216,深圳团队
2024-11-04 12:05:58.730000,2024-11-03,LQ,土耳其(Turkey),181.25,4.0,0.0,,#DIV/0!,#DIV/0!,郑州团队
2024-11-04 21:20:15.466000,2024-11-04,HY,土耳其(Turkey),1709.5,90.0,34.0,,50.27941176,50.27941176,郑州团队
2024-11-04 21:34:05.232000,2024-11-04,SG,印度（India）,7765.75,1247.0,349.0,,22.25143266,22.25143266,郑州团队
2024-11-04 21:41:39.159000,2024-11-04,ZJ,土耳其(Turkey),0.0,0.0,0.0,,#DIV/0!,#DIV/0!,郑州团队
2024-11-04 21:42:53.120000,2024-11-04,ZJ,意大利（Italy),0.0,0.0,0.0,,#DIV/0!,#DIV/0!,郑州团队
2024-11-04 21:44:42.171000,2024-11-04,ZJ,印度（India）,0.0,0.0,0.0,,#DIV/0!,#DIV/0!,郑州团队
2024-11-04 22:08:08.167000,2024-11-04,LJA,印度（India）,0.0,0.0,0.0,,#DIV/0!,#DIV/0!,郑州团队
2024-11-04 22:08:49.233000,2024-11-04,WD,意大利（Italy),0.0,0.0,0.0,,#DIV/0!,#DIV/0!,郑州团队
2024-11-04 22:08:59.195000,2024-11-04,LJA,意大利（Italy),0.0,0.0,0.0,,#DIV/0!,#DIV/0!,郑州团队
2024-11-04 22:10:07.878000,2024-11-04,HF,意大利（Italy),0.0,0.0,0.0,,#DIV/0!,#DIV/0!,郑州团队
2024-11-04 22:12:07.694000,2024-11-04,YJ,意大利（Italy),0.0,0.0,0.0,,#DIV/0!,#DIV/0!,郑州团队
2024-11-04 22:20:34.033000,2024-11-04,HF,土耳其(Turkey),411.4,15.0,0.0,,#DIV/0!,#DIV/0!,郑州团队
2024-11-04 22:23:27.866000,2024-11-04,LJA,土耳其(Turkey),263.2,17.0,0.0,,#DIV/0!,#DIV/0!,郑州团队
2024-11-04 22:31:46.877000,2024-11-04,WD,印度（India）,2205.48,233.0,72.0,,30.63166667,30.63166667,郑州团队
2024-11-04 22:38:12.709000,2024-11-04,YJ,印度（India）,6321.95,854.0,249.0,,25.38935743,25.38935743,郑州团队
2024-11-04 23:10:21.596000,2024-11-04,HF,印度（India）,322.11,29.0,6.0,,53.685,53.685,郑州团队
2024-11-04 23:11:40.745000,2024-11-04,Vat,意大利（Italy),183.74,5.0,0.0,,#DIV/0!,#DIV/0!,金边团队
2024-11-04 23:16:23.968000,2024-11-04,MY,土耳其(Turkey),546.04,41.0,17.0,,32.12,32.12,金边团队
2024-11-04 23:32:25.927000,2024-11-04,HW,印度（India）,54.9,17.0,5.0,,10.98,10.98,金边团队
2024-11-04 23:50:04.609000,2024-11-04,YK,土耳其(Turkey),319.44,8.0,4.0,,79.86,79.86,金边团队
2024-11-04 23:56:00.616000,2024-11-04,MY,印度（India）,543.72,57.0,11.0,,49.42909091,49.42909091,金边团队
2024-11-05 01:13:30.319000,2024-11-04,云迪,土耳其(Turkey),1156.36,79.0,39.0,,29.65025641,29.65025641,深圳团队
2024-11-05 01:14:47.333000,2024-11-05,阿北,土耳其(Turkey),255.4,15.0,8.0,,31.925,31.925,深圳团队
2024-11-05 01:18:34.642000,2024-11-04,云迪,印度（India）,420.29,55.0,14.0,,30.02071429,30.02071429,深圳团队
2024-11-05 01:19:16.417000,2024-11-04,啊闲,印度（India）,1073.66,117.0,73.0,,14.70767123,14.70767123,深圳团队
2024-11-05 01:20:34.030000,2024-11-04,阿北,印度（India）,638.07,132.0,66.0,,9.667727273,9.667727273,深圳团队
2024-11-05 03:04:00.850000,2024-11-04,老郭,印度（India）,970.48,48.0,15.0,,64.69866667,64.69866667,深圳团队
2024-11-05 07:34:56.877000,2024-11-04,善光,印度（India）,664.44,54.0,25.0,,26.5776,26.5776,深圳团队
2024-11-05 08:58:27.088000,2024-11-04,AK,印度（India）,11811.67,1521.0,736.0,,16.04846467,16.04846467,深圳团队
2024-11-05 13:37:04.084000,2024-11-04,LYD,土耳其(Turkey),1134.21,33.0,13.0,,87.24692308,87.24692308,金边团队
2024-11-05 21:47:48.212000,2024-11-05,HF,印度（India）,0.0,0.0,0.0,,#DIV/0!,#DIV/0!,郑州团队
2024-11-05 21:47:53.215000,2024-11-05,WD,意大利（Italy),0.0,0.0,0.0,,#DIV/0!,#DIV/0!,郑州团队
2024-11-05 21:48:30.212000,2024-11-05,HF,意大利（Italy),0.0,0.0,0.0,,#DIV/0!,#DIV/0!,郑州团队
2024-11-05 22:16:36.095000,2024-11-05,WD,印度（India）,660.7,51.0,11.0,,60.06363636,60.06363636,郑州团队
2024-11-05 22:24:17.474000,2024-11-05,YJ,印度（India）,3492.65,479.0,95.0,,36.76473684,36.76473684,郑州团队
2024-11-05 22:24:39.137000,2024-11-05,YJ,意大利（Italy),0.0,0.0,0.0,,#DIV/0!,#DIV/0!,郑州团队
2024-11-05 22:49:39.415000,2024-11-05,Mar,意大利（Italy),885.88,26.0,10.0,,88.588,88.588,郑州团队
2024-11-05 22:56:19.046000,2024-11-05,HY,土耳其(Turkey),365.17,22.0,8.0,,45.64625,45.64625,郑州团队
2024-11-05 23:02:19.097000,2024-11-05,ZJ,土耳其(Turkey),52.93,1.0,0.0,,#DIV/0!,#DIV/0!,郑州团队
2024-11-05 23:13:44.384000,2024-11-05,HF,土耳其(Turkey),87.49,3.0,0.0,,#DIV/0!,#DIV/0!,郑州团队
2024-11-05 23:13:49.312000,2024-11-05,SG,印度（India）,725.44,125.0,24.0,,30.22666667,30.22666667,郑州团队
2024-11-05 23:19:09.232000,2024-11-05,YK,土耳其(Turkey),2189.53,54.0,15.0,,145.9686667,145.9686667,金边团队
2024-11-05 23:20:33.762000,2024-11-05,LYD,土耳其(Turkey),358.83,7.0,3.0,,119.61,119.61,金边团队
2024-11-05 23:21:30.144000,2024-11-05,YK,印度（India）,47.87,0.0,0.0,,#DIV/0!,#DIV/0!,金边团队
2024-11-05 23:37:13.202000,2024-11-05,MY,土耳其(Turkey),137.64,8.0,3.0,,45.88,45.88,金边团队
2024-11-05 23:41:43.275000,2024-11-05,MY,印度（India）,1291.28,231.0,121.0,,10.67173554,10.67173554,金边团队
2024-11-05 23:45:45.594000,2024-11-05,HW,印度（India）,2294.89,465.0,191.0,,12.01513089,12.01513089,金边团队
2024-11-05 23:50:18.498000,2024-11-05,Vat,意大利（Italy),237.46,6.0,0.0,,#DIV/0!,#DIV/0!,金边团队
2024-11-05 23:51:40.875000,2024-11-05,Vat,土耳其(Turkey),0.5,0.0,0.0,,#DIV/0!,#DIV/0!,金边团队
2024-11-06 00:11:50.740000,2024-11-05,LJA,土耳其(Turkey),215.34,11.0,0.0,,#DIV/0!,#DIV/0!,郑州团队
2024-11-06 00:12:21.899000,2024-11-05,LJA,意大利（Italy),0.0,0.0,0.0,,#DIV/0!,#DIV/0!,郑州团队
2024-11-06 00:13:18.044000,2024-11-05,LJA,印度（India）,10.51,2.0,0.0,,#DIV/0!,#DIV/0!,郑州团队
2024-11-06 01:14:39.591000,2024-11-05,啊闲,印度（India）,852.3,98.0,22.0,,38.74090909,38.74090909,深圳团队
2024-11-06 01:25:28.242000,2024-11-05,云迪,土耳其(Turkey),1235.57,77.0,32.0,,38.6115625,38.6115625,深圳团队
2024-11-06 01:26:41.364000,2024-11-05,小赵,土耳其(Turkey),21.18,2.0,0.0,,#DIV/0!,#DIV/0!,深圳团队
2024-11-06 01:27:36.224000,2024-11-05,小赵,印度（India）,183.47,31.0,15.0,,12.23133333,12.23133333,深圳团队
2024-11-06 02:31:30.479000,2024-11-05,阿北,土耳其(Turkey),349.42,19.0,9.0,,38.82444444,38.82444444,深圳团队
2024-11-06 02:32:39.266000,2024-11-05,阿北,印度（India）,149.32,12.0,3.0,,49.77333333,49.77333333,深圳团队
2024-11-06 10:08:08.983000,2024-11-05,老郭,印度（India）,228.61,39.0,22.0,,10.39136364,10.39136364,深圳团队
2024-11-06 11:34:02.684000,2024-11-05,善光,土耳其(Turkey),235.94,7.0,4.0,,58.985,58.985,深圳团队
2024-11-06 14:25:39.367000,2024-11-05,AK,印度（India）,6669.31,1020.0,539.0,,12.37348794,12.37348794,深圳团队
2024-11-06 21:22:21.149000,2024-11-06,HF,意大利（Italy),0.0,0.0,0.0,,#DIV/0!,#DIV/0!,郑州团队
2024-11-06 22:31:24.329000,2024-11-06,WD,印度（India）,60.9,23.0,3.0,,20.3,20.3,郑州团队
2024-11-06 22:45:55.024000,2024-11-06,YJ,印度（India）,473.35,70.0,18.0,,26.29722222,26.29722222,郑州团队
2024-11-06 22:49:47.327000,2024-11-06,Mar,土耳其(Turkey),656.14,34.0,14.0,,46.86714286,46.86714286,郑州团队
2024-11-06 22:55:08.244000,2024-11-06,Vat,意大利（Italy),99.96,3.0,0.0,,#DIV/0!,#DIV/0!,金边团队
2024-11-06 22:55:50.157000,2024-11-06,YK,土耳其(Turkey),275.27,13.0,3.0,,91.75666667,91.75666667,金边团队
2024-11-06 22:56:50.401000,2024-11-06,Vat,土耳其(Turkey),37.1,2.0,0.0,,#DIV/0!,#DIV/0!,金边团队
2024-11-06 23:00:54.398000,2024-11-06,ZJ,土耳其(Turkey),360.34,23.0,6.0,,60.05666667,60.05666667,郑州团队
2024-11-06 23:04:55.086000,2024-11-06,YK,印度（India）,1648.54,234.0,31.0,,53.17870968,53.17870968,金边团队
2024-11-06 23:05:13.765000,2024-11-06,LJA,土耳其(Turkey),179.09,7.0,0.0,,#DIV/0!,#DIV/0!,郑州团队
2024-11-06 23:05:41.347000,2024-11-06,LJA,意大利（Italy),0.0,0.0,0.0,,#DIV/0!,#DIV/0!,郑州团队
2024-11-06 23:07:12.176000,2024-11-06,HF,土耳其(Turkey),152.97,7.0,0.0,,#DIV/0!,#DIV/0!,郑州团队
2024-11-06 23:11:26.970000,2024-11-06,MY,印度（India）,8265.48,1302.0,552.0,,14.97369565,14.97369565,金边团队
2024-11-06 23:19:04.225000,2024-11-06,SG,印度（India）,681.77,124.0,34.0,,20.05205882,20.05205882,郑州团队
2024-11-06 23:20:42.998000,2024-11-06,LJA,印度（India）,56.85,7.0,5.0,,11.37,11.37,郑州团队
2024-11-06 23:22:29.047000,2024-11-06,HY,土耳其(Turkey),790.09,29.0,18.0,,43.89388889,43.89388889,郑州团队
2024-11-06 23:23:02.639000,2024-11-06,HF,印度（India）,280.93,58.0,42.0,,6.688809524,6.688809524,郑州团队
2024-11-06 23:23:38.810000,2024-11-06,HW,印度（India）,4973.2,1014.0,366.0,,13.58797814,13.58797814,金边团队
2024-11-06 23:26:12.226000,2024-11-06,LYD,土耳其(Turkey),531.99,9.0,3.0,,177.33,177.33,金边团队
2024-11-07 01:55:52.023000,2024-11-06,紫光,土耳其(Turkey),216.23,16.0,8.0,,27.02875,27.02875,深圳团队
2024-11-07 02:26:37.780000,2024-11-06,啊闲,印度（India）,469.11,218.0,54.0,,8.687222222,8.687222222,深圳团队
2024-11-07 03:06:32.253000,2024-11-06,小赵,印度（India）,2663.3,402.0,146.0,,18.24178082,18.24178082,深圳团队
2024-11-07 03:08:32.130000,2024-11-06,云迪,印度（India）,893.6,113.0,47.0,,19.01276596,19.01276596,深圳团队
2024-11-07 03:09:39.939000,2024-11-06,云迪,土耳其(Turkey),1287.6,88.0,51.0,,25.24705882,25.24705882,深圳团队
2024-11-07 06:10:07.715000,2024-11-06,老郭,印度（India）,802.65,160.0,54.0,,14.86388889,14.86388889,深圳团队
2024-11-07 09:41:59.367000,2024-11-06,AK,印度（India）,26243.39,5134.0,1929.0,,13.60466045,13.60466045,深圳团队
2024-11-07 21:30:08.972000,2024-11-07,HF,意大利（Italy),0.0,0.0,0.0,,#DIV/0!,#DIV/0!,郑州团队
2024-11-07 21:51:29.513000,2024-11-07,LJA,土耳其(Turkey),576.14,23.0,0.0,,#DIV/0!,#DIV/0!,郑州团队
2024-11-07 22:38:11.796000,2024-11-07,Mar,土耳其(Turkey),486.68,30.0,12.0,,40.55666667,40.55666667,郑州团队
2024-11-07 22:52:05.542000,2024-11-07,WD,印度（India）,1565.93,171.0,107.0,,14.63485981,14.63485981,郑州团队
2024-11-07 22:54:36.498000,2024-11-07,HF,土耳其(Turkey),287.34,20.0,0.0,,#DIV/0!,#DIV/0!,郑州团队
2024-11-07 22:55:35.592000,2024-11-07,ZJ,土耳其(Turkey),444.88,18.0,0.0,,#DIV/0!,#DIV/0!,郑州团队
2024-11-07 23:02:26.814000,2024-11-07,Vat,土耳其(Turkey),43.17,0.0,0.0,,#DIV/0!,#DIV/0!,金边团队
2024-11-07 23:05:52.214000,2024-11-07,SG,印度（India）,2768.44,496.0,164.0,,16.88073171,16.88073171,郑州团队
2024-11-07 23:08:20.968000,2024-11-07,MY,印度（India）,413.65,52.0,15.0,,27.57666667,27.57666667,金边团队
2024-11-07 23:11:46.480000,2024-11-07,LJA,印度（India）,288.64,27.0,12.0,,24.05333333,24.05333333,郑州团队
2024-11-07 23:14:25.329000,2024-11-07,HF,印度（India）,1370.85,214.0,92.0,,14.90054348,14.90054348,郑州团队
2024-11-07 23:15:10.088000,2024-11-07,LYD,土耳其(Turkey),16.31,0.0,0.0,,#DIV/0!,#DIV/0!,金边团队
2024-11-07 23:17:03.301000,2024-11-07,YK,土耳其(Turkey),60.09,2.0,0.0,,#DIV/0!,#DIV/0!,金边团队
2024-11-07 23:19:56.858000,2024-11-07,YK,印度（India）,2085.72,267.0,56.0,,37.245,37.245,金边团队
2024-11-07 23:26:47.179000,2024-11-07,HW,印度（India）,1180.07,206.0,100.0,,11.8007,11.8007,金边团队
2024-11-07 23:39:02.320000,2024-11-07,YJ,印度（India）,670.55,99.0,45.0,,14.90111111,14.90111111,郑州团队
2024-11-07 23:40:38.847000,2024-11-07,HY,土耳其(Turkey),392.73,16.0,0.0,,#DIV/0!,#DIV/0!,郑州团队
2024-11-08 01:59:59.103000,2024-11-08,阿北,印度（India）,339.08,58.0,17.0,,19.94588235,19.94588235,深圳团队
2024-11-08 02:15:59.006000,2024-11-07,啊闲,印度（India）,674.73,128.0,30.0,,22.491,22.491,深圳团队
2024-11-08 02:39:23.588000,2024-11-07,云迪,印度（India）,526.47,98.0,37.0,,14.22891892,14.22891892,深圳团队
2024-11-08 02:40:32.418000,2024-11-07,云迪,土耳其(Turkey),1871.37,112.0,65.0,,28.79030769,28.79030769,深圳团队
2024-11-08 03:32:35.922000,2024-11-07,善光,土耳其(Turkey),104.96,15.0,7.0,,14.99428571,14.99428571,深圳团队
2024-11-08 03:34:52.681000,2024-11-07,善光,印度（India）,499.49,58.0,13.0,,38.42230769,38.42230769,深圳团队
2024-11-08 06:02:30.007000,2024-11-07,老郭,印度（India）,642.04,51.0,0.0,,#DIV/0!,#DIV/0!,深圳团队
2024-11-08 12:31:00.027000,2024-11-07,LYD,印度（India）,7.12,1.0,1.0,,7.12,7.12,金边团队
2024-11-08 13:26:43.858000,2024-11-07,紫光,土耳其(Turkey),673.61,44.0,22.0,,30.61863636,30.61863636,深圳团队
2024-11-08 14:18:56.257000,2024-11-07,AK,印度（India）,441.4,520.0,244.0,,1.809016393,1.809016393,深圳团队
2024-11-08 22:04:47.977000,2024-11-08,LJA,土耳其(Turkey),505.35,18.0,0.0,,#DIV/0!,#DIV/0!,郑州团队
2024-11-08 22:35:30.145000,2024-11-08,HF,意大利（Italy),0.0,0.0,0.0,,#DIV/0!,#DIV/0!,郑州团队
2024-11-08 22:42:43.732000,2024-11-08,HF,土耳其(Turkey),454.41,28.0,0.0,,#DIV/0!,#DIV/0!,郑州团队
2024-11-08 23:03:54.824000,2024-11-08,Vat,土耳其(Turkey),164.42,14.0,0.0,,#DIV/0!,#DIV/0!,金边团队
2024-11-08 23:04:27.922000,2024-11-08,WD,印度（India）,745.31,74.0,14.0,,53.23642857,53.23642857,郑州团队
2024-11-08 23:07:05.898000,2024-11-08,LYD,印度（India）,611.21,194.0,70.0,,8.731571429,8.731571429,金边团队
2024-11-08 23:13:04.815000,2024-11-08,SG,印度（India）,2234.97,343.0,134.0,,16.6788806,16.6788806,郑州团队
2024-11-08 23:14:07.760000,2024-11-08,YK,土耳其(Turkey),328.5,8.0,2.0,,164.25,164.25,金边团队
2024-11-08 23:16:59.722000,2024-11-08,YK,印度（India）,1714.28,216.0,84.0,,20.40809524,20.40809524,金边团队
2024-11-08 23:17:29.628000,2024-11-08,LJA,印度（India）,547.25,84.0,31.0,,17.65322581,17.65322581,郑州团队
2024-11-08 23:18:20.456000,2024-11-08,MY,印度（India）,1727.8,208.0,85.0,,20.32705882,20.32705882,金边团队
2024-11-08 23:19:33.079000,2024-11-08,LYD,土耳其(Turkey),109.61,7.0,3.0,,36.53666667,36.53666667,金边团队
2024-11-08 23:19:33.198000,2024-11-08,MY,土耳其(Turkey),650.33,39.0,17.0,,38.25470588,38.25470588,金边团队
2024-11-08 23:22:36.192000,2024-11-08,HW,印度（India）,7145.17,1194.0,414.0,,17.25886473,17.25886473,金边团队
2024-11-08 23:26:48.647000,2024-11-08,YJ,印度（India）,2835.44,420.0,160.0,,17.7215,17.7215,郑州团队
2024-11-08 23:35:55.223000,2024-11-08,ZJ,土耳其(Turkey),587.1,36.0,26.0,,22.58076923,22.58076923,郑州团队
2024-11-09 00:27:47.212000,2024-11-08,HY,土耳其(Turkey),1023.31,38.0,23.0,,44.49173913,44.49173913,郑州团队
2024-11-09 00:30:09.123000,2024-11-08,HF,印度（India）,1052.21,137.0,51.0,,20.63156863,20.63156863,郑州团队
2024-11-09 01:11:55.541000,2024-11-08,Mar,土耳其(Turkey),653.87,37.0,20.0,,32.6935,32.6935,郑州团队
2024-11-09 03:58:15.393000,2024-11-08,小赵,印度（India）,16302.38,3052.0,1361.0,,11.97823659,11.97823659,深圳团队
2024-11-09 05:15:19.804000,2024-11-08,善光,土耳其(Turkey),8541.2,434.0,331.0,,25.80422961,25.80422961,深圳团队
2024-11-09 05:25:33.484000,2024-11-08,云迪,印度（India）,6161.25,945.0,417.0,,14.77517986,14.77517986,深圳团队
2024-11-09 05:27:17.319000,2024-11-08,云迪,土耳其(Turkey),7771.88,542.0,256.0,,30.35890625,30.35890625,深圳团队
2024-11-09 05:27:23.070000,2024-11-08,紫光,土耳其(Turkey),2231.61,122.0,67.0,,33.30761194,33.30761194,深圳团队
2024-11-09 07:34:33.152000,2024-11-08,老郭,印度（India）,1079.77,72.0,36.0,,29.99361111,29.99361111,深圳团队
2024-11-09 10:52:52.594000,2024-11-08,啊闲,印度（India）,8526.81,2548.0,621.0,,13.73077295,13.73077295,深圳团队
2024-11-09 10:55:07.403000,2024-11-08,AK,印度（India）,37624.41,6868.0,3352.0,,11.22446599,11.22446599,深圳团队
2024-11-09 17:02:40.259000,2024-11-08,阿杜,土耳其(Turkey),198.76,12.0,8.0,,24.845,24.845,深圳团队
2024-11-09 22:53:17.230000,2024-11-09,SG,印度（India）,3823.42,894.0,194.0,,19.70835052,19.70835052,郑州团队
2024-11-09 22:57:56.513000,2024-11-09,WD,印度（India）,5.46,0.0,0.0,,#DIV/0!,#DIV/0!,郑州团队
2024-11-09 22:59:49.938000,2024-11-09,Vat,土耳其(Turkey),420.86,17.0,0.0,,#DIV/0!,#DIV/0!,金边团队
2024-11-09 23:01:48.091000,2024-11-09,HY,土耳其(Turkey),1140.75,55.0,26.0,,43.875,43.875,郑州团队
2024-11-09 23:06:28.930000,2024-11-09,YK,土耳其(Turkey),113.82,4.0,2.0,,56.91,56.91,金边团队
2024-11-09 23:07:33.815000,2024-11-09,HW,印度（India）,1846.38,294.0,108.0,,17.09611111,17.09611111,金边团队
2024-11-09 23:11:49.271000,2024-11-09,HF,土耳其(Turkey),350.04,15.0,0.0,,#DIV/0!,#DIV/0!,郑州团队
2024-11-09 23:12:52.229000,2024-11-09,MY,印度（India）,191.45,46.0,38.0,,5.038157895,5.038157895,金边团队
2024-11-09 23:18:26.962000,2024-11-09,LYD,印度（India）,671.21,128.0,21.0,,31.96238095,31.96238095,金边团队
2024-11-09 23:18:30.375000,2024-11-09,MY,土耳其(Turkey),917.0,51.0,36.0,,25.47222222,25.47222222,金边团队
2024-11-09 23:30:41.091000,2024-11-09,HF,印度（India）,1706.43,287.0,94.0,,18.15351064,18.15351064,郑州团队
2024-11-09 23:33:34.134000,2024-11-09,ZJ,土耳其(Turkey),1321.33,66.0,0.0,,#DIV/0!,#DIV/0!,郑州团队
2024-11-09 23:33:44.851000,2024-11-09,LJA,印度（India）,1098.29,217.0,70.0,,15.68985714,15.68985714,郑州团队
2024-11-09 23:40:30.393000,2024-11-09,LYD,土耳其(Turkey),19.04,1.0,1.0,,19.04,19.04,金边团队
2024-11-09 23:55:31.933000,2024-11-09,YJ,印度（India）,5120.7,865.0,385.0,,13.30051948,13.30051948,郑州团队
2024-11-10 00:29:32.360000,2024-11-09,YK,印度（India）,2202.14,305.0,75.0,,29.36186667,29.36186667,金边团队
2024-11-10 00:57:12.458000,2024-11-09,Mar,土耳其(Turkey),722.61,67.0,29.0,,24.91758621,24.91758621,郑州团队
2024-11-10 02:28:14.278000,2024-11-09,云迪,印度（India）,680.02,86.0,37.0,,18.37891892,18.37891892,深圳团队
2024-11-10 02:29:07.334000,2024-11-09,云迪,土耳其(Turkey),1087.07,76.0,31.0,,35.06677419,35.06677419,深圳团队
2024-11-10 02:32:02.576000,2024-11-09,啊闲,印度（India）,367.72,94.0,37.0,,9.938378378,9.938378378,深圳团队
2024-11-10 03:12:55.966000,2024-11-09,老郭,印度（India）,1305.32,59.0,33.0,,39.55515152,39.55515152,深圳团队
2024-11-10 04:38:41.270000,2024-11-09,阿杜,土耳其(Turkey),170.44,12.0,6.0,,28.40666667,28.40666667,深圳团队
2024-11-10 05:31:20.117000,2024-11-09,小赵,印度（India）,872.6,114.0,51.0,,17.10980392,17.10980392,深圳团队
2024-11-10 08:06:51.179000,2024-11-09,善光,土耳其(Turkey),750.78,58.0,28.0,,26.81357143,26.81357143,深圳团队
2024-11-10 08:45:20.489000,2024-11-09,AK,印度（India）,4639.48,820.0,314.0,,14.77541401,14.77541401,深圳团队
2024-11-10 13:18:28.431000,2024-11-09,LJA,土耳其(Turkey),285.03,12.0,0.0,,#DIV/0!,#DIV/0!,郑州团队
2024-11-10 22:14:50.426000,2024-11-10,HF,印度（India）,1994.84,290.0,99.0,,20.14989899,20.14989899,郑州团队
2024-11-10 22:15:45.598000,2024-11-10,LJA,印度（India）,1395.81,252.0,86.0,,16.23034884,16.23034884,郑州团队
2024-11-10 22:17:23.637000,2024-11-10,LJA,土耳其(Turkey),0.0,0.0,0.0,,#DIV/0!,#DIV/0!,郑州团队
2024-11-10 22:17:33.484000,2024-11-10,HF,土耳其(Turkey),0.0,0.0,0.0,,#DIV/0!,#DIV/0!,郑州团队
2024-11-10 22:55:51.232000,2024-11-10,WD,印度（India）,133.32,18.0,12.0,,11.11,11.11,郑州团队
2024-11-10 22:56:23.139000,2024-11-10,Vat,土耳其(Turkey),5.1,1.0,0.0,,#DIV/0!,#DIV/0!,金边团队
2024-11-10 23:05:20.793000,2024-11-10,LYD,印度（India）,1364.85,374.0,141.0,,9.679787234,9.679787234,金边团队
2024-11-10 23:06:20.051000,2024-11-10,YK,印度（India）,1331.85,261.0,100.0,,13.3185,13.3185,金边团队
2024-11-10 23:09:46.627000,2024-11-10,MY,印度（India）,21.87,7.0,2.0,,10.935,10.935,金边团队
2024-11-10 23:12:30.835000,2024-11-10,LYD,土耳其(Turkey),68.11,2.0,1.0,,68.11,68.11,金边团队
2024-11-10 23:12:50.784000,2024-11-10,SG,印度（India）,3003.34,572.0,196.0,,15.32316327,15.32316327,郑州团队
2024-11-10 23:20:25.202000,2024-11-10,ZJ,土耳其(Turkey),119.86,6.0,6.0,,19.97666667,19.97666667,郑州团队
2024-11-10 23:26:00.001000,2024-11-10,HW,印度（India）,10025.04,2230.0,809.0,,12.39189122,12.39189122,金边团队
2024-11-10 23:55:40,2024-11-10,YJ,印度（India）,6896.17,1002.0,390.0,,17.68248718,17.68248718,郑州团队
2024-11-11 00:48:41.784000,2024-11-10,HY,印度（India）,45.62,9.0,3.0,,15.20666667,15.20666667,郑州团队
2024-11-11 00:49:14.806000,2024-11-10,HY,土耳其(Turkey),47.22,2.0,0.0,,#DIV/0!,#DIV/0!,郑州团队
2024-11-11 08:18:01.143000,2024-11-10,老郭,印度（India）,257.25,61.0,20.0,,12.8625,12.8625,深圳团队
2024-11-11 12:20:51.001000,2024-11-10,YK,意大利（Italy),86.45,0.0,0.0,,#DIV/0!,#DIV/0!,金边团队
2024-11-11 13:13:34.719000,2024-11-10,啊闲,印度（India）,1380.9,236.0,55.0,,25.10727273,25.10727273,深圳团队
2024-11-11 20:41:53.256000,2024-11-11,ZJ,土耳其(Turkey),598.14,40.0,0.0,,#DIV/0!,#DIV/0!,郑州团队
2024-11-11 21:17:28.346000,2024-11-11,LJA,土耳其(Turkey),0.0,0.0,0.0,,#DIV/0!,#DIV/0!,郑州团队
2024-11-11 21:18:50.007000,2024-11-11,LJA,印度（India）,0.0,0.0,0.0,,#DIV/0!,#DIV/0!,郑州团队
2024-11-11 22:37:28.569000,2024-11-11,HY,印度（India）,161.94,9.0,4.0,,40.485,40.485,郑州团队
2024-11-11 22:38:00.552000,2024-11-11,SG,印度（India）,4818.58,897.0,316.0,,15.24867089,15.24867089,郑州团队
2024-11-11 22:44:53.435000,2024-11-11,HF,印度（India）,282.94,38.0,9.0,,31.43777778,31.43777778,郑州团队
2024-11-11 22:45:48.456000,2024-11-11,HF,土耳其(Turkey),0.0,0.0,0.0,,#DIV/0!,#DIV/0!,郑州团队
2024-11-11 22:48:16.123000,2024-11-11,HY,土耳其(Turkey),78.88,11.0,0.0,,#DIV/0!,#DIV/0!,郑州团队
2024-11-11 22:50:46.742000,2024-11-11,Vat,土耳其(Turkey),0.15,0.0,0.0,,#DIV/0!,#DIV/0!,金边团队
2024-11-11 22:53:57.090000,2024-11-11,LYD,印度（India）,790.75,67.0,18.0,,43.93055556,43.93055556,金边团队
2024-11-11 23:05:29.490000,2024-11-11,YJ,印度（India）,2827.24,392.0,142.0,,19.91014085,19.91014085,郑州团队
2024-11-11 23:08:03.425000,2024-11-11,YK,意大利（Italy),231.14,2.0,0.0,,#DIV/0!,#DIV/0!,金边团队
2024-11-11 23:09:24.744000,2024-11-11,YK,印度（India）,2060.79,220.0,56.0,,36.79982143,36.79982143,金边团队
2024-11-11 23:09:34.004000,2024-11-11,WQ,印度（India）,15.93,0.0,0.0,,#DIV/0!,#DIV/0!,
2024-11-11 23:13:07.608000,2024-11-11,MY,印度（India）,894.05,98.0,52.0,,17.19326923,17.19326923,金边团队
2024-11-11 23:15:51.589000,2024-11-11,WD,印度（India）,975.72,147.0,49.0,,19.91265306,19.91265306,郑州团队
2024-11-12 00:03:15.879000,2024-11-11,HW,印度（India）,13125.4,1980.0,693.0,,18.93997114,18.93997114,金边团队
2024-11-12 01:33:07.274000,2024-11-11,云迪,印度（India）,390.32,73.0,0.0,,#DIV/0!,#DIV/0!,深圳团队
2024-11-12 01:34:15.411000,2024-11-11,云迪,土耳其(Turkey),946.36,65.0,40.0,,23.659,23.659,深圳团队
2024-11-12 01:36:04.721000,2024-11-11,啊闲,印度（India）,513.93,69.0,18.0,,28.55166667,28.55166667,深圳团队
2024-11-12 02:49:31.604000,2024-11-11,老郭,印度（India）,395.61,72.0,32.0,,12.3628125,12.3628125,深圳团队
2024-11-12 09:42:13.788000,2024-11-12,阿北,印度（India）,838.68,86.0,49.0,,17.11591837,17.11591837,深圳团队
2024-11-12 20:35:04.256000,2024-11-12,LJA,土耳其(Turkey),0.98,0.0,0.0,,#DIV/0!,#DIV/0!,郑州团队
2024-11-12 22:27:35.586000,2024-11-12,HY,印度（India）,239.02,20.0,7.0,,34.14571429,34.14571429,郑州团队
2024-11-12 22:39:30.425000,2024-11-12,HF,土耳其(Turkey),0.0,0.0,0.0,,#DIV/0!,#DIV/0!,郑州团队
2024-11-12 22:40:28.898000,2024-11-12,WD,印度（India）,1201.22,161.0,52.0,,23.10038462,23.10038462,郑州团队
2024-11-12 22:49:10.922000,2024-11-12,HF,印度（India）,647.81,70.0,21.0,,30.84809524,30.84809524,郑州团队
2024-11-12 22:59:12.964000,2024-11-12,Vat,土耳其(Turkey),0.0,0.0,0.0,,#DIV/0!,#DIV/0!,金边团队
2024-11-12 23:07:31.312000,2024-11-12,MY,印度（India）,222.36,26.0,8.0,,27.795,27.795,金边团队
2024-11-12 23:13:42.073000,2024-11-12,MY,土耳其(Turkey),200.83,8.0,3.0,,66.94333333,66.94333333,金边团队
2024-11-12 23:15:51.357000,2024-11-12,LYD,印度期权,397.14,187.0,117.0,,3.394358974,3.394358974,金边团队
2024-11-12 23:16:02.731000,2024-11-12,SG,印度（India）,3261.75,512.0,169.0,,19.30029586,19.30029586,郑州团队
2024-11-12 23:25:11.150000,2024-11-12,YJ,印度（India）,3747.29,552.0,211.0,,17.75966825,17.75966825,郑州团队
,2024-11-12,LY,印度（India）,0.24,0.0,0.0,,#DIV/0!,#DIV/0!,
2024-11-12 23:37:00.201000,2024-11-12,LYD,印度（India）,396.35,52.0,18.0,,22.01944444,22.01944444,金边团队
2024-11-12 23:41:04.596000,2024-11-12,YK,意大利（Italy),928.13,9.0,3.0,,309.3766667,309.3766667,金边团队
2024-11-12 23:44:23.051000,2024-11-12,HW,印度（India）,3660.73,831.0,271.0,,13.50822878,13.50822878,金边团队
2024-11-13 00:17:09.722000,2024-11-12,ZJ,土耳其(Turkey),574.99,21.0,14.0,,41.07071429,41.07071429,郑州团队
2024-11-13 02:18:05.711000,2024-11-12,云迪,土耳其(Turkey),735.31,67.0,35.0,,21.00885714,21.00885714,深圳团队
2024-11-13 04:37:39.402000,2024-11-12,老郭,印度（India）,79.91,31.0,23.0,,3.474347826,3.474347826,深圳团队
2024-11-13 12:16:49.732000,2024-11-12,LJA,印度（India）,13.53,0.0,0.0,,#DIV/0!,#DIV/0!,郑州团队
2024-11-13 12:32:49.045000,2024-11-12,AK,印度（India）,1148.12,220.0,107.0,,10.73009346,10.73009346,深圳团队
2024-11-13 12:43:29.170000,2024-11-12,紫光,印度（India）,10.15,6.0,4.0,,2.5375,2.5375,深圳团队
2024-11-13 17:28:44.991000,2024-11-13,HF,土耳其(Turkey),1.43,0.0,0.0,,#DIV/0!,#DIV/0!,郑州团队
2024-11-13 21:58:05.245000,2024-11-13,HF,印度（India）,360.56,51.0,49.0,,7.358367347,7.358367347,郑州团队
2024-11-13 22:02:22.668000,2024-11-13,LJA,土耳其(Turkey),0.0,0.0,0.0,,#DIV/0!,#DIV/0!,郑州团队
2024-11-13 22:03:00.861000,2024-11-13,LJA,印度（India）,0.0,0.0,0.0,,#DIV/0!,#DIV/0!,郑州团队
2024-11-13 22:24:53.078000,2024-11-13,WD,印度（India）,0.0,0.0,0.0,,#DIV/0!,#DIV/0!,郑州团队
2024-11-13 22:26:15.724000,2024-11-12,啊闲,印度（India）,353.8,73.0,22.0,,16.08181818,16.08181818,深圳团队
2024-11-13 22:56:46.029000,2024-11-13,YJ,印度（India）,1766.65,235.0,51.0,,34.64019608,34.64019608,郑州团队
2024-11-13 22:59:40.946000,2024-11-13,SG,印度（India）,8896.75,1424.0,497.0,,17.90090543,17.90090543,郑州团队
2024-11-13 23:14:56.063000,2024-11-13,ZJ,土耳其(Turkey),1923.45,60.0,28.0,,68.69464286,68.69464286,郑州团队
2024-11-13 23:17:20.114000,2024-11-13,LYD,印度（India）,6781.29,1116.0,465.0,,14.58341935,14.58341935,金边团队
2024-11-13 23:19:13.297000,2024-11-13,HY,印度（India）,1096.04,147.0,64.0,,17.125625,17.125625,郑州团队
2024-11-13 23:21:57.686000,2024-11-13,LYD,印度期权,1065.21,967.0,326.0,,3.267515337,3.267515337,金边团队
2024-11-13 23:52:48.105000,2024-11-13,YK,印度（India）,2055.21,199.0,52.0,,39.52326923,39.52326923,金边团队
2024-11-14 00:13:31.133000,2024-11-13,MY,土耳其(Turkey),1460.26,67.0,43.0,,33.95953488,33.95953488,金边团队
2024-11-14 00:16:42.194000,2024-11-13,HW,印度（India）,7194.48,1094.0,353.0,,20.38096317,20.38096317,金边团队
2024-11-14 00:21:58.349000,2024-11-13,YK,土耳其(Turkey),666.02,18.0,8.0,,83.2525,83.2525,金边团队
2024-11-14 00:50:46.481000,2024-11-13,啊闲,印度（India）,2560.39,592.0,183.0,,13.99120219,13.99120219,深圳团队
2024-11-14 01:10:11.936000,2024-11-13,紫光,土耳其(Turkey),309.47,15.0,10.0,,30.947,30.947,深圳团队
2024-11-14 01:19:53.875000,2024-11-13,云迪,土耳其(Turkey),2739.95,259.0,148.0,,18.51317568,18.51317568,深圳团队
2024-11-14 01:30:08.877000,2024-11-14,阿北,印度（India）,878.71,120.0,40.0,,21.96775,21.96775,深圳团队
2024-11-14 02:30:33.542000,2024-11-13,紫光,土耳其(Turkey),309.47,29.0,18.0,,17.19277778,17.19277778,深圳团队
2024-11-14 03:09:51.495000,2024-11-13,老郭,印度（India）,282.37,19.0,0.0,,#DIV/0!,#DIV/0!,深圳团队
2024-11-14 11:30:43.532000,2024-11-13,AK,印度（India）,1962.08,200.0,48.0,,40.87666667,40.87666667,深圳团队
2024-11-14 12:12:54.785000,2024-11-13,MY,印度（India）,430.64,62.0,16.0,,26.915,26.915,金边团队
2024-11-14 20:56:25.235000,2024-11-14,LJA,土耳其(Turkey),0.0,0.0,0.0,,#DIV/0!,#DIV/0!,郑州团队
2024-11-14 20:57:04.686000,2024-11-14,LJA,印度（India）,0.0,0.0,0.0,,#DIV/0!,#DIV/0!,郑州团队
2024-11-14 21:59:59.382000,2024-11-14,LYD,印度期权,453.8,530.0,205.0,,2.213658537,2.213658537,金边团队
2024-11-14 22:40:54.060000,2024-11-14,HF,印度（India）,0.0,0.0,0.0,,#DIV/0!,#DIV/0!,郑州团队
2024-11-14 22:41:34.076000,2024-11-14,HF,土耳其(Turkey),0.0,0.0,0.0,,#DIV/0!,#DIV/0!,郑州团队
2024-11-14 23:04:28.008000,2024-11-14,SG,印度（India）,3536.98,678.0,172.0,,20.56383721,20.56383721,郑州团队
2024-11-14 23:05:02.619000,2024-11-14,Vat,土耳其(Turkey),117.66,3.0,0.0,,#DIV/0!,#DIV/0!,金边团队
2024-11-14 23:08:19.747000,2024-11-14,YK,土耳其(Turkey),1343.81,50.0,20.0,,67.1905,67.1905,金边团队
2024-11-14 23:11:06.453000,2024-11-14,ZJ,土耳其(Turkey),1377.86,64.0,38.0,,36.25947368,36.25947368,郑州团队
2024-11-14 23:12:10.422000,2024-11-14,LYD,土耳其(Turkey),275.74,9.0,9.0,,30.63777778,30.63777778,金边团队
2024-11-14 23:12:42.728000,2024-11-14,YJ,印度（India）,0.0,0.0,0.0,,#DIV/0!,#DIV/0!,郑州团队
2024-11-14 23:16:26.182000,2024-11-14,HW,印度（India）,6285.33,1141.0,485.0,,12.9594433,12.9594433,金边团队
2024-11-14 23:18:06.357000,2024-11-14,HY,印度（India）,943.43,83.0,43.0,,21.94023256,21.94023256,郑州团队
2024-11-14 23:21:49.262000,2024-11-14,YK,印度（India）,32.26,3.0,2.0,,16.13,16.13,金边团队
2024-11-14 23:59:17.501000,2024-11-14,MY,土耳其(Turkey),646.46,16.0,10.0,,64.646,64.646,金边团队
,2024-11-14,HY,土耳其(Turkey),0.06,0.0,0.0,,#DIV/0!,#DIV/0!,郑州团队
2024-11-15 00:14:08.061000,2024-11-14,LYD,印度（India）,5772.53,951.0,344.0,,16.78061047,16.78061047,金边团队
2024-11-15 03:56:01.375000,2024-11-14,云迪,土耳其(Turkey),1048.93,108.0,63.0,,16.64968254,16.64968254,深圳团队
2024-11-15 08:25:21.838000,2024-11-14,WD,印度（India）,351.54,33.0,0.0,,#DIV/0!,#DIV/0!,郑州团队
2024-11-15 09:06:52.295000,2024-11-14,啊闲,印度（India）,1395.86,298.0,86.0,,16.23093023,16.23093023,深圳团队
2024-11-15 09:36:49.264000,2024-11-14,紫光,土耳其(Turkey),1687.54,88.0,71.0,,23.76816901,23.76816901,深圳团队
2024-11-15 10:08:35.874000,2024-11-14,阿北,土耳其(Turkey),441.86,32.0,10.0,,44.186,44.186,深圳团队
2024-11-15 10:09:44.806000,2024-11-14,阿北,印度（India）,174.06,15.0,5.0,,34.812,34.812,深圳团队
2024-11-15 10:19:28.153000,2024-11-14,老郭,印度（India）,624.22,151.0,28.0,,22.29357143,22.29357143,深圳团队
2024-11-15 12:41:12.410000,2024-11-14,MY,印度（India）,5.48,0.0,0.0,,#DIV/0!,#DIV/0!,金边团队
2024-11-15 13:42:02.562000,2024-11-14,LY,印度（India）,34.88,1.0,1.0,,34.88,34.88,
2024-11-15 18:04:20.191000,2024-11-15,HF,土耳其(Turkey),0.0,0.0,0.0,,#DIV/0!,#DIV/0!,郑州团队
2024-11-15 18:04:50.064000,2024-11-15,HF,印度（India）,0.0,0.0,0.0,,#DIV/0!,#DIV/0!,郑州团队
2024-11-15 18:09:44.414000,2024-11-15,HY,印度（India）,0.0,0.0,0.0,,#DIV/0!,#DIV/0!,郑州团队
2024-11-15 18:16:25.059000,2024-11-15,LJA,土耳其(Turkey),0.0,0.0,0.0,,#DIV/0!,#DIV/0!,郑州团队
2024-11-15 18:16:50.096000,2024-11-15,LJA,印度（India）,0.0,0.0,0.0,,#DIV/0!,#DIV/0!,郑州团队
2024-11-15 21:38:54.796000,2024-11-14,WQ,印度（India）,4.71,0.0,0.0,,#DIV/0!,#DIV/0!,
2024-11-15 22:08:11.912000,2024-11-15,YJ,印度（India）,0.0,0.0,0.0,,#DIV/0!,#DIV/0!,郑州团队
2024-11-15 22:19:17.951000,2024-11-15,WD,印度（India）,0.0,0.0,0.0,,#DIV/0!,#DIV/0!,郑州团队
2024-11-15 22:22:11.920000,2024-11-15,SG,印度（India）,33.12,6.0,0.0,,#DIV/0!,#DIV/0!,郑州团队
2024-11-16 01:08:26.933000,2024-11-15,YK,土耳其(Turkey),781.22,22.0,15.0,,52.08133333,52.08133333,金边团队
2024-11-16 01:17:19.227000,2024-11-15,Vat,土耳其(Turkey),1355.83,54.0,0.0,,#DIV/0!,#DIV/0!,金边团队
2024-11-16 01:18:25.005000,2024-11-15,HW,印度（India）,7654.73,1208.0,403.0,,18.99436725,18.99436725,金边团队
2024-11-16 04:47:29.480000,2024-11-15,云迪,土耳其(Turkey),174.54,15.0,0.0,,#DIV/0!,#DIV/0!,深圳团队
2024-11-16 09:56:33.576000,2024-11-15,LYD,土耳其(Turkey),1608.69,62.0,47.0,,34.22744681,34.22744681,金边团队
2024-11-16 10:26:28.853000,2024-11-15,LYD,印度期权,93.77,131.0,30.0,,3.125666667,3.125666667,金边团队
2024-11-16 10:34:40.674000,2024-11-15,LYD,印度（India）,5703.56,753.0,213.0,,26.777277,26.777277,金边团队
2024-11-16 11:36:32.022000,2024-11-15,紫光,土耳其(Turkey),2326.27,122.0,89.0,,26.13786517,26.13786517,深圳团队
2024-11-16 12:27:39.950000,2024-11-15,AK,印度（India）,120.78,25.0,14.0,,8.627142857,8.627142857,深圳团队
2024-11-16 12:28:07.850000,2024-11-15,啊闲,印度（India）,2787.7,673.0,199.0,,14.00854271,14.00854271,深圳团队
2024-11-16 13:46:48.078000,2024-11-15,WD,印度（India）,0.76,0.0,0.0,,#DIV/0!,#DIV/0!,郑州团队
2024-11-16 14:17:17.153000,2024-11-15,MY,土耳其(Turkey),1792.83,84.0,43.0,,41.69372093,41.69372093,金边团队
2024-11-16 14:20:57.045000,2024-11-15,MY,印度（India）,536.73,48.0,22.0,,24.39681818,24.39681818,金边团队
2024-11-16 20:39:43.481000,2024-11-16,YJ,印度（India）,0.0,0.0,0.0,,#DIV/0!,#DIV/0!,郑州团队
2024-11-16 23:11:05.038000,2024-11-16,HW,印度（India）,3238.96,700.0,40.0,,80.974,80.974,金边团队
2024-11-16 23:37:56.981000,2024-11-16,YK,土耳其(Turkey),373.17,8.0,4.0,,93.2925,93.2925,金边团队
2024-11-17 00:00:34.797000,2024-11-16,LYD,印度（India）,310.99,0.0,0.0,,#DIV/0!,#DIV/0!,金边团队
2024-11-17 00:04:04.768000,2024-11-16,LYD,土耳其(Turkey),131.9,10.0,8.0,,16.4875,16.4875,金边团队
2024-11-17 00:07:35.489000,2024-11-16,LYD,印度期权,477.9,226.0,122.0,,3.917213115,3.917213115,金边团队
2024-11-17 00:24:07.001000,2024-11-16,SG,印度（India）,0.0,0.0,0.0,,#DIV/0!,#DIV/0!,郑州团队
2024-11-17 02:52:55.347000,2024-11-16,紫光,土耳其(Turkey),2379.59,128.0,95.0,,25.04831579,25.04831579,深圳团队
2024-11-17 09:35:38.342000,2024-11-16,WD,印度（India）,0.0,0.0,0.0,,#DIV/0!,#DIV/0!,郑州团队
2024-11-17 12:45:59.552000,2024-11-16,云迪,土耳其(Turkey),1192.8,112.0,72.0,,16.56666667,16.56666667,深圳团队
2024-11-17 13:12:02.201000,2024-11-16,紫光,土耳其(Turkey),2379.59,133.0,95.0,,25.04831579,25.04831579,深圳团队
2024-11-17 22:47:05.877000,2024-11-17,HF,印度（India）,1128.39,78.0,34.0,,33.18794118,33.18794118,郑州团队
2024-11-17 22:49:11.510000,2024-11-16,HY,印度（India）,0.0,0.0,0.0,,#DIV/0!,#DIV/0!,郑州团队
2024-11-17 22:49:28.551000,2024-11-17,HY,印度（India）,0.0,0.0,0.0,,#DIV/0!,#DIV/0!,郑州团队
2024-11-17 23:08:45.260000,2024-11-17,SG,印度（India）,5004.17,1134.0,537.0,,9.318752328,9.318752328,郑州团队
2024-11-17 23:12:02.403000,2024-11-17,WD,印度（India）,88.21,33.0,37.0,,2.384054054,2.384054054,郑州团队
2024-11-17 23:13:19.850000,2024-11-17,YK,印度（India）,942.55,140.0,86.0,,10.95988372,10.95988372,金边团队
2024-11-17 23:14:40.020000,2024-11-17,YK,土耳其(Turkey),536.75,20.0,11.0,,48.79545455,48.79545455,金边团队
2024-11-17 23:16:41.647000,2024-11-17,YJ,印度（India）,2646.61,510.0,356.0,,7.434297753,7.434297753,郑州团队
2024-11-17 23:20:00.253000,2024-11-17,LYD,印度期权,338.34,265.0,85.0,,3.980470588,3.980470588,金边团队
2024-11-17 23:23:59.538000,2024-11-17,LYD,印度（India）,1397.99,301.0,131.0,,10.67167939,10.67167939,金边团队
2024-11-18 00:14:10.997000,2024-11-17,HW,印度（India）,7128.51,1200.0,734.0,,9.711866485,9.711866485,金边团队
2024-11-18 01:18:01.308000,2024-11-17,LJA,印度（India）,159.18,28.0,13.0,,12.24461538,12.24461538,郑州团队
2024-11-18 04:38:14.452000,2024-11-17,MY,印度（India）,5165.81,756.0,522.0,,9.896187739,9.896187739,金边团队
2024-11-18 04:38:36.053000,2024-11-17,云迪,土耳其(Turkey),1254.89,167.0,96.0,,13.07177083,13.07177083,深圳团队
2024-11-18 04:40:23.864000,2024-11-17,云迪,印度（India）,116.42,19.0,11.0,,10.58363636,10.58363636,深圳团队
2024-11-18 13:45:10.632000,2024-11-18,紫光,土耳其(Turkey),2445.85,188.0,123.0,,19.88495935,19.88495935,深圳团队
2024-11-18 17:46:42.833000,2024-11-17,AK,印度（India）,484.33,50.0,19.0,,25.49105263,25.49105263,深圳团队
2024-11-18 19:31:17.686000,2024-11-18,YK,印度（India）,1643.72,120.0,50.0,,32.8744,32.8744,金边团队
2024-11-18 22:13:11.539000,2024-11-18,HY,印度（India）,0.0,0.0,0.0,,#DIV/0!,#DIV/0!,郑州团队
2024-11-18 22:38:14.543000,2024-11-18,YJ,印度（India）,4215.06,601.0,312.0,,13.50980769,13.50980769,郑州团队
2024-11-18 22:59:43.957000,2024-11-18,SG,印度（India）,6460.83,973.0,534.0,,12.09893258,12.09893258,郑州团队
2024-11-18 23:02:11.257000,2024-11-18,WD,印度（India）,1548.15,207.0,197.0,,7.858629442,7.858629442,郑州团队
2024-11-18 23:07:10.809000,2024-11-18,HF,印度（India）,557.01,58.0,40.0,,13.92525,13.92525,郑州团队
2024-11-18 23:20:20.612000,2024-11-18,LJA,印度（India）,191.58,21.0,14.0,,13.68428571,13.68428571,郑州团队
2024-11-18 23:27:46.979000,2024-11-18,LYD,印度期权,1181.05,1411.0,487.0,,2.425154004,2.425154004,金边团队
2024-11-18 23:29:17.278000,2024-11-18,MY,印度（India）,6329.76,873.0,548.0,,11.55065693,11.55065693,金边团队
2024-11-18 23:39:50.272000,2024-11-18,MY,土耳其(Turkey),834.96,58.0,24.0,,34.79,34.79,金边团队
2024-11-18 23:40:00.092000,2024-11-18,LYD,印度（India）,3282.05,470.0,194.0,,16.91778351,16.91778351,金边团队
2024-11-18 23:57:44.050000,2024-11-18,HW,印度（India）,7236.55,1053.0,553.0,,13.08598553,13.08598553,金边团队
2024-11-19 00:10:13.436000,2024-11-18,LYD,土耳其(Turkey),1226.8,55.0,42.0,,29.20952381,29.20952381,金边团队
2024-11-19 02:51:57.261000,2024-11-18,云迪,土耳其(Turkey),541.43,67.0,42.0,,12.89119048,12.89119048,深圳团队
2024-11-19 11:02:07.567000,2024-11-19,阿北,印度（India）,743.6,125.0,41.0,,18.13658537,18.13658537,深圳团队
2024-11-19 12:41:25.218000,2024-11-18,啊闲,印度（India）,1674.67,452.0,123.0,,13.61520325,13.61520325,深圳团队
2024-11-19 14:15:27.803000,2024-11-18,紫光,印度（India）,1093.57,50.0,25.0,,43.7428,43.7428,深圳团队
2024-11-19 21:22:20.969000,2024-11-19,HF,印度（India）,181.61,15.0,0.0,,#DIV/0!,#DIV/0!,郑州团队
2024-11-19 21:55:32.286000,2024-11-19,YJ,印度（India）,0.0,0.0,0.0,,#DIV/0!,#DIV/0!,郑州团队
2024-11-19 21:56:00.360000,2024-11-19,HY,印度（India）,0.0,0.0,0.0,,#DIV/0!,#DIV/0!,郑州团队
2024-11-19 23:05:19.611000,2024-11-19,WD,印度（India）,1955.37,248.0,167.0,,11.7088024,11.7088024,郑州团队
2024-11-19 23:06:04.688000,2024-11-19,LYD,印度（India）,3591.46,534.0,258.0,,13.9203876,13.9203876,金边团队
2024-11-19 23:12:40.728000,2024-11-19,LYD,印度期权,767.55,403.0,265.0,,2.896415094,2.896415094,金边团队
2024-11-19 23:33:32.162000,2024-11-19,YK,印度（India）,0.0,0.0,0.0,,#DIV/0!,#DIV/0!,金边团队
2024-11-20 00:26:58.661000,2024-11-19,SG,印度（India）,0.0,0.0,68.0,,0,0,郑州团队
2024-11-20 00:34:39.466000,2024-11-19,LJA,印度（India）,237.25,20.0,0.0,,#DIV/0!,#DIV/0!,郑州团队
2024-11-20 02:17:49.639000,2024-11-19,ZJ,土耳其(Turkey),10.32,0.0,0.0,,#DIV/0!,#DIV/0!,郑州团队
2024-11-20 10:28:26.560000,2024-11-19,啊闲,印度（India）,3022.59,712.0,197.0,,15.34309645,15.34309645,深圳团队
2024-11-20 13:06:33.688000,2024-11-19,HW,印度（India）,934.43,259.0,208.0,,4.492451923,4.492451923,金边团队
2024-11-20 14:11:15.839000,2024-11-19,MY,印度（India）,3744.6,398.0,165.0,,22.69454545,22.69454545,金边团队
2024-11-20 14:16:40.279000,2024-11-19,MY,土耳其(Turkey),437.79,15.0,8.0,,54.72375,54.72375,金边团队
2024-11-20 20:01:06.501000,2024-11-20,YK,印度（India）,162.24,40.0,25.0,,6.4896,6.4896,金边团队
2024-11-20 20:48:27.551000,2024-11-20,HY,印度（India）,0.0,0.0,0.0,,#DIV/0!,#DIV/0!,郑州团队
2024-11-20 22:07:43.653000,2024-11-20,LJA,印度（India）,626.63,66.0,15.0,,41.77533333,41.77533333,郑州团队
2024-11-20 22:27:19.725000,2024-11-20,MY,印度（India）,0.0,0.0,0.0,,#DIV/0!,#DIV/0!,金边团队
2024-11-20 22:29:00.203000,2024-11-20,ZJ,土耳其(Turkey),1.17,2.0,0.0,,#DIV/0!,#DIV/0!,郑州团队
2024-11-20 23:05:23.388000,2024-11-20,WD,印度（India）,5232.19,570.0,316.0,,16.55756329,16.55756329,郑州团队
2024-11-20 23:17:08.221000,2024-11-20,HW,印度（India）,1001.0,330.0,151.0,,6.629139073,6.629139073,金边团队
2024-11-20 23:26:25.694000,2024-11-20,SG,印度（India）,23.51,0.0,0.0,,#DIV/0!,#DIV/0!,郑州团队
2024-11-20 23:32:34.222000,2024-11-20,LYD,印度期权,850.05,820.0,290.0,,2.931206897,2.931206897,金边团队
2024-11-20 23:50:36.706000,2024-11-20,YJ,印度（India）,1093.19,287.0,160.0,,6.8324375,6.8324375,郑州团队
2024-11-21 02:24:04.283000,2024-11-20,啊闲,印度（India）,433.31,121.0,36.0,,12.03638889,12.03638889,深圳团队
2024-11-21 21:27:21.806000,2024-11-21,MY,印度（India）,501.0,70.0,52.0,,9.634615385,9.634615385,金边团队
2024-11-21 22:19:01.068000,2024-11-21,ZJ,土耳其(Turkey),0.0,0.0,0.0,,#DIV/0!,#DIV/0!,郑州团队
2024-11-21 22:33:41.394000,2024-11-21,LJA,印度（India）,293.69,37.0,6.0,,48.94833333,48.94833333,郑州团队
2024-11-21 23:05:46.703000,2024-11-21,YK,印度（India）,74.26,20.0,11.0,,6.750909091,6.750909091,金边团队
2024-11-21 23:15:51.249000,2024-11-21,YJ,印度（India）,1160.08,271.0,138.0,,8.406376812,8.406376812,郑州团队
2024-11-21 23:17:39.256000,2024-11-21,LYD,印度期权,1061.13,879.0,518.0,,2.048513514,2.048513514,金边团队
2024-11-21 23:19:21.228000,2024-11-21,LYD,印度（India）,104.15,16.0,10.0,,10.415,10.415,金边团队
2024-11-21 23:35:25.439000,2024-11-21,HW,印度（India）,2100.46,481.0,194.0,,10.8271134,10.8271134,金边团队
2024-11-22 00:20:01.204000,2024-11-21,SG,印度（India）,428.49,87.0,45.0,,9.522,9.522,郑州团队
2024-11-22 09:16:23.747000,2024-11-21,云迪,印度（India）,1474.3,203.0,95.0,,15.51894737,15.51894737,深圳团队
2024-11-22 09:53:40.544000,2024-11-21,WD,印度（India）,2536.65,274.0,143.0,,17.73881119,17.73881119,郑州团队
2024-11-22 13:38:45.753000,2024-11-21,啊闲,印度（India）,2173.96,410.0,128.0,,16.9840625,16.9840625,深圳团队
2024-11-22 14:04:37.233000,2024-11-22,阿北,印度（India）,339.99,51.0,2.0,,169.995,169.995,深圳团队
2024-11-22 18:11:58.056000,2024-11-21,AK,印度（India）,841.45,100.0,29.0,,29.01551724,29.01551724,深圳团队
2024-11-22 21:23:50.200000,2024-11-22,LYD,印度（India）,0.0,0.0,32.0,,0,0,金边团队
2024-11-22 22:51:26.989000,2024-11-22,WD,印度（India）,503.62,82.0,11.0,,45.78363636,45.78363636,郑州团队
2024-11-22 23:10:24.376000,2024-11-22,YK,印度（India）,2641.24,540.0,310.0,,8.520129032,8.520129032,金边团队
2024-11-22 23:14:01.043000,2024-11-22,MY,印度（India）,1760.15,272.0,111.0,,15.85720721,15.85720721,金边团队
2024-11-22 23:17:23.881000,2024-11-21,HY,印度（India）,0.0,0.0,0.0,,#DIV/0!,#DIV/0!,郑州团队
2024-11-22 23:17:38.375000,2024-11-22,HY,印度（India）,0.0,0.0,0.0,,#DIV/0!,#DIV/0!,郑州团队
2024-11-22 23:20:15.883000,2024-11-22,SG,印度（India）,1804.03,352.0,217.0,,8.313502304,8.313502304,郑州团队
2024-11-22 23:35:54.900000,2024-11-22,HW,印度（India）,3522.89,1000.0,356.0,,9.895758427,9.895758427,金边团队
2024-11-23 00:01:40.284000,2024-11-22,YJ,印度（India）,10254.7,1738.0,989.0,,10.36875632,10.36875632,郑州团队
2024-11-23 00:21:25.025000,2024-11-22,ZJ,印度（India）,0.0,0.0,0.0,,#DIV/0!,#DIV/0!,郑州团队
2024-11-23 01:08:34.603000,2024-11-22,啊闲,印度（India）,2287.05,573.0,168.0,,13.61339286,13.61339286,深圳团队
2024-11-23 01:58:21.145000,2024-11-22,紫光,印度（India）,1782.04,158.0,113.0,,15.77026549,15.77026549,深圳团队
2024-11-23 03:44:09.605000,2024-11-22,云迪,印度（India）,4156.29,588.0,332.0,,12.51894578,12.51894578,深圳团队
2024-11-23 10:06:57.644000,2024-11-22,AK,印度（India）,1417.07,200.0,71.0,,19.95873239,19.95873239,深圳团队
2024-11-23 11:39:30.050000,2024-11-23,阿北,印度（India）,1049.74,186.0,84.0,,12.49690476,12.49690476,深圳团队
2024-11-23 22:01:54.624000,2024-11-23,SG,印度（India）,2181.96,387.0,239.0,,9.129539749,9.129539749,郑州团队
2024-11-23 23:05:12.330000,2024-11-23,YK,印度（India）,2654.15,400.0,42.0,,63.19404762,63.19404762,金边团队
2024-11-23 23:05:17.071000,2024-11-23,MY,印度（India）,722.91,118.0,63.0,,11.4747619,11.4747619,金边团队
2024-11-23 23:05:25.644000,2024-11-23,WD,印度（India）,3654.25,523.0,199.0,,18.36306533,18.36306533,郑州团队
2024-11-23 23:12:12.177000,2024-11-23,HW,印度（India）,2371.75,411.0,287.0,,8.263937282,8.263937282,金边团队
2024-11-24 00:23:45.943000,2024-11-23,YJ,印度（India）,8077.47,1468.0,827.0,,9.76719468,9.76719468,郑州团队
2024-11-24 03:14:00.021000,2024-11-23,啊闲,印度（India）,473.4,32.0,7.0,,67.62857143,67.62857143,深圳团队
2024-11-24 10:21:04.163000,2024-11-23,云迪,印度（India）,1422.1,311.0,146.0,,9.740410959,9.740410959,深圳团队
2024-11-24 12:28:51.978000,2024-11-23,紫光,印度（India）,2053.86,253.0,153.0,,13.42392157,13.42392157,深圳团队
2024-11-24 22:04:29.998000,2024-11-24,WD,印度（India）,3418.96,538.0,162.0,,21.10469136,21.10469136,郑州团队
2024-11-24 23:05:20.352000,2024-11-24,HW,印度（India）,2527.52,505.0,154.0,,16.41246753,16.41246753,金边团队
2024-11-24 23:13:33.881000,2024-11-24,SG,印度（India）,1605.63,312.0,173.0,,9.281098266,9.281098266,郑州团队
2024-11-25 00:22:33.706000,2024-11-24,云迪,印度（India）,489.79,97.0,58.0,,8.444655172,8.444655172,深圳团队
2024-11-25 00:28:07.823000,2024-11-24,Mar,土耳其(Turkey),13.09,0.0,0.0,,#DIV/0!,#DIV/0!,郑州团队
2024-11-25 02:19:26.183000,2024-11-24,YJ,印度（India）,15172.65,2183.0,1374.0,,11.04268559,11.04268559,郑州团队
2024-11-25 18:44:25.967000,2024-11-25,LYD,印度（India）,1571.34,271.0,176.0,,8.928068182,8.928068182,金边团队
2024-11-25 22:42:57.558000,2024-11-25,ZJ,印度（India）,0.0,0.0,0.0,,#DIV/0!,#DIV/0!,郑州团队
2024-11-25 22:48:53.704000,2024-11-25,WD,印度（India）,345.38,23.0,35.0,,9.868,9.868,郑州团队
2024-11-25 23:01:50.695000,2024-11-25,MY,土耳其(Turkey),0.37,0.0,0.0,,#DIV/0!,#DIV/0!,金边团队
2024-11-25 23:05:17.598000,2024-11-25,YK,印度（India）,1752.91,238.0,61.0,,28.73622951,28.73622951,金边团队
2024-11-25 23:07:10.817000,2024-11-25,SG,印度（India）,3997.71,821.0,452.0,,8.84449115,8.84449115,郑州团队
2024-11-25 23:26:31.117000,2024-11-25,HW,印度（India）,1285.01,206.0,101.0,,12.72287129,12.72287129,金边团队
2024-11-26 00:34:38.962000,2024-11-25,YJ,印度（India）,8260.86,1116.0,558.0,,14.8044086,14.8044086,郑州团队
2024-11-26 01:53:59.253000,2024-11-25,小赵,土耳其(Turkey),106.38,4.0,2.0,,53.19,53.19,深圳团队
2024-11-26 09:33:27.888000,2024-11-25,云迪,土耳其(Turkey),167.46,9.0,1.0,,167.46,167.46,深圳团队
2024-11-26 13:00:03.394000,2024-11-25,阿北,印度（India）,451.59,89.0,43.0,,10.50209302,10.50209302,深圳团队
2024-11-26 13:48:38.801000,2024-11-25,云迪,印度（India）,259.66,40.0,19.0,,13.66631579,13.66631579,深圳团队
2024-11-26 20:43:48.058000,2024-11-25,紫光,印度（India）,2343.41,158.0,96.0,,24.41052083,24.41052083,深圳团队
2024-11-26 22:07:28.239000,2024-11-26,LYD,印度（India）,243.23,39.0,30.0,,8.107666667,8.107666667,金边团队
2024-11-26 22:52:31.514000,2024-11-26,SG,印度（India）,10142.62,1824.0,863.0,,11.75274623,11.75274623,郑州团队
2024-11-26 22:56:03.733000,2024-11-26,HW,印度（India）,0.0,0.0,1.0,,0,0,金边团队
2024-11-26 23:04:19.389000,2024-11-26,YK,印度（India）,742.77,75.0,10.0,,74.277,74.277,金边团队
2024-11-26 23:04:24.945000,2024-11-26,MY,土耳其(Turkey),0.67,0.0,0.0,,#DIV/0!,#DIV/0!,金边团队
2024-11-26 23:06:23.671000,2024-11-26,YK,土耳其(Turkey),181.18,2.0,0.0,,#DIV/0!,#DIV/0!,金边团队
2024-11-26 23:11:14.888000,2024-11-26,WD,印度（India）,1921.19,334.0,93.0,,20.65795699,20.65795699,郑州团队
2024-11-26 23:28:31.249000,2024-11-26,YJ,印度（India）,15592.69,2269.0,893.0,,17.46101904,17.46101904,郑州团队
2024-11-26 23:30:21.915000,2024-11-26,ZJ,印度（India）,28.88,7.0,0.0,,#DIV/0!,#DIV/0!,郑州团队
2024-11-26 23:48:07.038000,2024-11-25,AK,印度（India）,1923.57,260.0,95.0,,20.24810526,20.24810526,深圳团队
2024-11-27 02:01:53.662000,2024-11-26,云迪,印度（India）,708.17,105.0,48.0,,14.75354167,14.75354167,深圳团队
2024-11-27 02:22:34.859000,2024-11-26,云迪,土耳其(Turkey),426.0,42.0,19.0,,22.42105263,22.42105263,深圳团队
2024-11-27 08:29:16.223000,2024-11-26,啊闲,印度（India）,1463.46,211.0,71.0,,20.61211268,20.61211268,深圳团队
2024-11-27 09:22:11.867000,2024-11-26,AK,印度（India）,1482.36,200.0,73.0,,20.30630137,20.30630137,深圳团队
2024-11-27 11:47:57.540000,2024-11-26,阿北,印度（India）,1805.79,450.0,189.0,,9.554444444,9.554444444,深圳团队
2024-11-27 17:41:24.531000,2024-11-26,紫光,印度（India）,1751.07,99.0,70.0,,25.01528571,25.01528571,深圳团队
2024-11-27 22:50:43.547000,2024-11-27,MY,印度（India）,726.06,0.0,0.0,,#DIV/0!,#DIV/0!,金边团队
2024-11-27 23:02:04.371000,2024-11-27,WD,印度（India）,1560.69,269.0,110.0,,14.18809091,14.18809091,郑州团队
2024-11-27 23:06:51.680000,2024-11-27,LYD,印度（India）,1013.9,130.0,85.0,,11.92823529,11.92823529,金边团队
2024-11-27 23:06:58.203000,2024-11-27,YJ,印度（India）,4433.37,642.0,249.0,,17.8046988,17.8046988,郑州团队
2024-11-27 23:07:09.421000,2024-11-27,YK,印度（India）,83.2,9.0,4.0,,20.8,20.8,金边团队
2024-11-27 23:08:01.007000,2024-11-27,ZJ,印度（India）,63.81,12.0,19.0,,3.358421053,3.358421053,郑州团队
2024-11-27 23:13:29.116000,2024-11-27,SG,印度（India）,8128.7,1325.0,563.0,,14.43818828,14.43818828,郑州团队
2024-11-27 23:16:47.440000,2024-11-27,HW,印度（India）,1393.34,370.0,109.0,,12.78293578,12.78293578,金边团队
2024-11-28 01:48:22.116000,2024-11-27,啊闲,印度（India）,1271.0,324.0,127.0,,10.00787402,10.00787402,深圳团队
2024-11-28 06:24:25.654000,2024-11-27,紫光,印度（India）,3235.31,256.0,164.0,,19.7275,19.7275,深圳团队
2024-11-28 09:33:27.712000,2024-11-27,云迪,土耳其(Turkey),545.99,38.0,15.0,,36.39933333,36.39933333,深圳团队
2024-11-28 09:34:36.947000,2024-11-27,云迪,印度（India）,4145.16,467.0,181.0,,22.90143646,22.90143646,深圳团队
2024-11-28 12:14:24.852000,2024-11-27,阿北,印度（India）,781.32,189.0,84.0,,9.301428571,9.301428571,深圳团队
2024-11-28 15:46:55.781000,2024-11-27,老郭,印度（India）,122.99,23.0,4.0,,30.7475,30.7475,深圳团队
2024-11-28 15:48:06.240000,2024-11-27,老郭,土耳其(Turkey),11.38,0.0,0.0,,#DIV/0!,#DIV/0!,深圳团队
2024-11-28 20:02:55.561000,2024-11-28,YK,土耳其(Turkey),35.16,3.0,1.0,,35.16,35.16,金边团队
2024-11-28 22:31:27.175000,2024-11-28,WD,印度（India）,3532.9,493.0,269.0,,13.13345725,13.13345725,郑州团队
2024-11-28 22:36:18.223000,2024-11-28,SG,印度（India）,8046.94,1247.0,542.0,,14.84675277,14.84675277,郑州团队
2024-11-28 23:10:57.106000,2024-11-28,HW,印度（India）,2509.41,407.0,211.0,,11.89293839,11.89293839,金边团队
2024-11-28 23:19:09.437000,2024-11-28,YJ,印度（India）,15396.55,2654.0,1106.0,,13.92093128,13.92093128,郑州团队
2024-11-28 23:35:15.020000,2024-11-28,MY,印度（India）,2.79,1.0,0.0,,#DIV/0!,#DIV/0!,金边团队
2024-11-28 23:52:33.366000,2024-11-28,LYD,土耳其(Turkey),262.34,3.0,1.0,,262.34,262.34,金边团队
2024-11-29 01:31:36.182000,2024-11-28,ZJ,印度（India）,347.22,24.0,5.0,,69.444,69.444,郑州团队
2024-11-29 06:24:29.955000,2024-11-29,老郭,印度（India）,125.11,24.0,2.0,,62.555,62.555,深圳团队
2024-11-29 07:54:52.836000,2024-11-28,云迪,印度（India）,1287.34,155.0,77.0,,16.7187013,16.7187013,深圳团队
2024-11-29 07:55:56.215000,2024-11-28,云迪,土耳其(Turkey),1299.18,85.0,35.0,,37.11942857,37.11942857,深圳团队
2024-11-29 08:48:47.516000,2024-11-28,啊闲,印度（India）,3716.13,863.0,303.0,,12.26445545,12.26445545,深圳团队
2024-11-29 16:23:24.619000,2024-11-27,紫光,土耳其(Turkey),157.25,4.0,3.0,,52.41666667,52.41666667,深圳团队
2024-11-29 16:23:54.778000,2024-11-28,紫光,土耳其(Turkey),57.07,3.0,3.0,,19.02333333,19.02333333,深圳团队
2024-11-29 16:24:07.417000,2024-11-29,阿北,印度（India）,3604.96,1420.0,359.0,,10.04167131,10.04167131,深圳团队
2024-11-29 22:58:27.519000,2024-11-29,YJ,印度（India）,12615.11,1855.0,849.0,,14.85878681,14.85878681,郑州团队
2024-11-29 23:09:01.290000,2024-11-29,WD,印度（India）,2699.12,368.0,145.0,,18.61462069,18.61462069,郑州团队
2024-11-29 23:10:17.442000,2024-11-29,YK,印度（India）,5177.93,820.0,444.0,,11.6620045,11.6620045,金边团队
2024-11-29 23:29:44.174000,2024-11-29,MY,印度（India）,2508.96,403.0,122.0,,20.5652459,20.5652459,金边团队
2024-11-30 00:43:54.598000,2024-11-29,SG,印度（India）,143.42,27.0,43.0,,3.335348837,3.335348837,郑州团队
2024-11-30 01:42:51.126000,2024-11-29,啊闲,印度（India）,3467.52,731.0,261.0,,13.28551724,13.28551724,深圳团队
2024-11-30 01:44:37.969000,2024-11-29,云迪,土耳其(Turkey),808.9,48.0,27.0,,29.95925926,29.95925926,深圳团队
2024-11-30 01:47:13.073000,2024-11-29,云迪,印度（India）,4655.03,518.0,170.0,,27.38252941,27.38252941,深圳团队
2024-11-30 07:29:35.233000,2024-11-29,HW,印度（India）,4783.1,628.0,270.0,,17.71518519,17.71518519,金边团队
2024-11-30 11:21:46.576000,2024-11-29,紫光,印度（India）,987.71,60.0,30.0,,32.92366667,32.92366667,深圳团队
2024-11-30 11:22:21.065000,2024-11-29,紫光,土耳其(Turkey),271.36,11.0,10.0,,27.136,27.136,深圳团队
2024-11-30 20:52:00.087000,2024-11-30,YK,印度（India）,250.67,40.0,20.0,,12.5335,12.5335,金边团队
2024-11-30 22:48:37.751000,2024-11-30,HY,印度（India）,2321.65,242.0,134.0,,17.32574627,17.32574627,郑州团队
2024-11-30 23:01:52.462000,2024-11-30,ZJ,印度（India）,19.74,0.0,0.0,,#DIV/0!,#DIV/0!,郑州团队
2024-11-30 23:02:05.537000,2024-11-30,YJ,印度（India）,10582.39,1628.0,709.0,,14.9257969,14.9257969,郑州团队
2024-11-30 23:07:04.007000,2024-11-30,MY,印度（India）,604.26,121.0,43.0,,14.05255814,14.05255814,金边团队
2024-11-30 23:07:47.874000,2024-11-30,WD,印度（India）,2872.01,442.0,148.0,,19.40547297,19.40547297,郑州团队
2024-11-30 23:20:58.242000,2024-11-30,HW,印度（India）,6634.08,1033.0,518.0,,12.80710425,12.80710425,金边团队
2024-11-30 23:25:41.139000,2024-11-30,SG,印度（India）,553.62,63.0,14.0,,39.54428571,39.54428571,郑州团队
2024-12-01 08:29:08.773000,2024-11-30,云迪,土耳其(Turkey),1735.62,113.0,66.0,,26.29727273,26.29727273,深圳团队
2024-12-01 10:07:41.530000,2024-11-30,啊闲,印度（India）,1743.19,261.0,81.0,,21.5208642,21.5208642,深圳团队
2024-12-01 12:38:54.604000,2024-12-01,阿北,印度（India）,2155.63,530.0,195.0,,11.05451282,11.05451282,深圳团队
2024-12-01 20:29:50.396000,2024-12-01,MY,印度（India）,4921.58,767.0,347.0,,14.18322767,14.18322767,金边团队
2024-12-01 20:53:14.765000,2024-12-01,YK,印度（India）,6571.41,1320.0,653.0,,10.06341501,10.06341501,金边团队
2024-12-01 22:08:47.353000,2024-12-01,YJ,印度（India）,5464.44,671.0,274.0,,19.94321168,19.94321168,郑州团队
2024-12-01 22:11:24.860000,2024-12-01,WD,印度（India）,3495.16,453.0,196.0,,17.83244898,17.83244898,郑州团队
2024-12-01 22:31:01.938000,2024-12-01,HW,印度（India）,7213.19,1114.0,419.0,,17.2152506,17.2152506,金边团队
2024-12-01 22:49:52.305000,2024-12-01,SG,印度（India）,1854.25,347.0,164.0,,11.30640244,11.30640244,郑州团队
2024-12-01 23:52:28.666000,2024-12-01,Mar,土耳其(Turkey),322.31,3.0,0.0,,#DIV/0!,#DIV/0!,郑州团队
2024-12-02 02:52:29.349000,2024-12-01,啊闲,印度（India）,1446.25,364.0,110.0,,13.14772727,13.14772727,深圳团队
2024-12-02 08:03:51.704000,2024-12-01,云迪,土耳其(Turkey),1745.96,129.0,74.0,,23.59405405,23.59405405,深圳团队
2024-12-02 12:23:30.583000,2024-11-30,紫光,土耳其(Turkey),586.97,30.0,27.0,,21.73962963,21.73962963,深圳团队
2024-12-02 22:08:22.530000,2024-12-02,WD,印度（India）,1635.48,278.0,92.0,,17.77695652,17.77695652,郑州团队
2024-12-02 23:05:31.140000,2024-12-02,YK,印度（India）,6264.68,914.0,384.0,,16.31427083,16.31427083,金边团队
2024-12-02 23:06:12.458000,2024-12-02,YJ,印度（India）,1333.71,140.0,74.0,,18.02310811,18.02310811,郑州团队
2024-12-02 23:09:37.915000,2024-12-02,MY,印度（India）,1588.84,244.0,105.0,,15.13180952,15.13180952,金边团队
2024-12-02 23:09:46.180000,2024-12-02,ZJ,印度（India）,5.7,0.0,0.0,,#DIV/0!,#DIV/0!,郑州团队
2024-12-02 23:11:52.133000,2024-12-02,HW,印度（India）,4667.06,740.0,291.0,,16.03800687,16.03800687,金边团队
2024-12-02 23:32:20.249000,2024-12-02,SG,印度（India）,6074.62,1075.0,408.0,,14.88877451,14.88877451,郑州团队
2024-12-02 23:39:24.266000,2024-12-02,HY,土耳其(Turkey),8.22,0.0,0.0,,#DIV/0!,#DIV/0!,郑州团队
2024-12-03 08:04:48.929000,2024-12-02,云迪,土耳其(Turkey),1126.76,75.0,34.0,,33.14,33.14,深圳团队
2024-12-03 08:05:49.061000,2024-12-02,啊闲,印度（India）,3834.04,842.0,316.0,,12.13303797,12.13303797,深圳团队
2024-12-03 14:27:55.097000,2024-12-02,紫光,土耳其(Turkey),468.02,9.0,7.0,,66.86,66.86,深圳团队
2024-12-03 16:40:21.936000,2024-12-02,小赵,印度（India）,97.56,18.0,6.0,,16.26,16.26,深圳团队
2024-12-03 22:33:17.968000,2024-12-03,WD,印度（India）,701.51,75.0,50.0,,14.0302,14.0302,郑州团队
2024-12-03 23:03:48.212000,2024-12-03,YJ,印度（India）,3280.42,401.0,205.0,,16.00204878,16.00204878,郑州团队
2024-12-03 23:24:09.980000,2024-12-03,HW,印度（India）,13232.31,2163.0,709.0,,18.66334274,18.66334274,金边团队
2024-12-03 23:45:10.518000,2024-12-03,SG,印度（India）,1777.55,321.0,154.0,,11.54253247,11.54253247,郑州团队
2024-12-03 23:49:22.116000,2024-12-03,ZJ,印度（India）,15.52,0.0,0.0,,#DIV/0!,#DIV/0!,郑州团队
2024-12-04 01:05:56.307000,2024-12-03,LYD,印度（India）,666.45,90.0,60.0,,11.1075,11.1075,金边团队
2024-12-04 01:45:31.975000,2024-12-03,YK,印度（India）,8735.32,880.0,355.0,,24.60653521,24.60653521,金边团队
2024-12-04 03:53:00.746000,2024-12-03,老郭,土耳其(Turkey),99.35,1.0,0.0,,#DIV/0!,#DIV/0!,深圳团队
2024-12-04 08:23:48.824000,2024-12-03,云迪,土耳其(Turkey),1170.07,98.0,50.0,,23.4014,23.4014,深圳团队
2024-12-04 10:56:38.885000,2024-12-03,MY,印度（India）,7496.59,1036.0,360.0,,20.82386111,20.82386111,金边团队
2024-12-04 11:16:23.713000,2024-12-03,HY,印度（India）,104.84,16.0,8.0,,13.105,13.105,郑州团队
2024-12-04 11:34:11.142000,2024-12-03,紫光,土耳其(Turkey),801.14,22.0,18.0,,44.50777778,44.50777778,深圳团队
2024-12-04 13:48:28.616000,2024-12-03,啊闲,印度（India）,2410.0,659.0,188.0,,12.81914894,12.81914894,深圳团队
2024-12-04 19:13:31.668000,2024-12-04,LYD,印度（India）,541.18,100.0,14.0,,38.65571429,38.65571429,金边团队
2024-12-04 21:34:36.928000,2024-12-04,YJ,印度（India）,1069.44,136.0,66.0,,16.20363636,16.20363636,郑州团队
2024-12-04 21:43:20.040000,2024-12-04,HW,印度（India）,1365.33,248.0,66.0,,20.68681818,20.68681818,金边团队
2024-12-04 21:46:36.723000,2024-12-04,HY,印度（India）,0.0,0.0,0.0,,#DIV/0!,#DIV/0!,郑州团队
2024-12-04 21:46:37.814000,2024-12-04,YK,印度（India）,0.0,0.0,0.0,,#DIV/0!,#DIV/0!,金边团队
2024-12-04 22:07:46.651000,2024-12-04,ZJ,印度（India）,24.45,8.0,0.0,,#DIV/0!,#DIV/0!,郑州团队
2024-12-04 22:49:18.416000,2024-12-04,SG,印度（India）,4048.2,579.0,209.0,,19.36937799,19.36937799,郑州团队
2024-12-04 22:55:29.121000,2024-12-04,WD,印度（India）,0.0,0.0,0.0,,#DIV/0!,#DIV/0!,郑州团队
2024-12-05 02:17:31.150000,2024-12-04,云迪,土耳其(Turkey),1518.93,92.0,51.0,,29.78294118,29.78294118,深圳团队
2024-12-05 03:01:41.676000,2024-12-04,老郭,土耳其(Turkey),62.3,2.0,0.0,,#DIV/0!,#DIV/0!,深圳团队
2024-12-05 09:24:34.868000,2024-12-04,MY,印度（India）,0.0,0.0,0.0,,#DIV/0!,#DIV/0!,金边团队
2024-12-05 12:48:53.915000,2024-12-05,HY,土耳其(Turkey),25.56,0.0,0.0,,#DIV/0!,#DIV/0!,郑州团队
2024-12-05 13:10:39.777000,2024-12-04,紫光,土耳其(Turkey),717.98,30.0,25.0,,28.7192,28.7192,深圳团队
2024-12-05 20:17:41.932000,2024-12-05,HW,印度（India）,0.0,0.0,0.0,,#DIV/0!,#DIV/0!,金边团队
2024-12-05 20:48:30.951000,2024-12-05,WD,印度（India）,0.0,0.0,0.0,,#DIV/0!,#DIV/0!,郑州团队
2024-12-05 20:48:54.783000,2024-12-05,YK,印度（India）,0.0,0.0,0.0,,#DIV/0!,#DIV/0!,金边团队
2024-12-05 20:52:35.774000,2024-12-05,YJ,印度（India）,0.0,0.0,0.0,,#DIV/0!,#DIV/0!,郑州团队
2024-12-05 21:00:07.841000,2024-12-05,MY,印度（India）,0.0,0.0,0.0,,#DIV/0!,#DIV/0!,金边团队
2024-12-06 01:27:37.786000,2024-12-05,HY,印度（India）,0.0,0.0,0.0,,#DIV/0!,#DIV/0!,郑州团队
2024-12-06 01:30:00.258000,2024-12-05,ZJ,印度（India）,0.0,0.0,0.0,,#DIV/0!,#DIV/0!,郑州团队
2024-12-06 01:49:53.953000,2024-12-05,云迪,土耳其(Turkey),2059.75,102.0,55.0,,37.45,37.45,深圳团队
2024-12-06 13:10:39.733000,2024-12-05,紫光,土耳其(Turkey),816.51,23.0,21.0,,38.88142857,38.88142857,深圳团队
2024-12-06 13:43:47.492000,2024-12-05,啊闲,土耳其(Turkey),247.75,9.0,1.0,,247.75,247.75,深圳团队
2024-12-06 18:40:29.740000,2024-12-06,HY,印度（India）,0.0,0.0,0.0,,#DIV/0!,#DIV/0!,郑州团队
2024-12-06 19:13:02.743000,2024-12-06,WD,印度（India）,0.0,0.0,0.0,,#DIV/0!,#DIV/0!,郑州团队
2024-12-06 19:17:44.175000,2024-12-06,HW,印度（India）,0.0,0.0,0.0,,#DIV/0!,#DIV/0!,金边团队
2024-12-06 19:48:51.259000,2024-12-06,YJ,印度（India）,0.0,0.0,0.0,,#DIV/0!,#DIV/0!,郑州团队
2024-12-06 20:10:27.140000,2024-12-06,MY,印度（India）,0.0,0.0,0.0,,#DIV/0!,#DIV/0!,金边团队
2024-12-06 20:30:24.059000,2024-12-06,YK,印度（India）,0.0,0.0,0.0,,#DIV/0!,#DIV/0!,金边团队
2024-12-07 02:25:22.701000,2024-12-06,云迪,土耳其(Turkey),1781.98,97.0,45.0,,39.59955556,39.59955556,深圳团队
2024-12-07 09:06:12.109000,2024-12-06,啊闲,印度（India）,1828.31,237.0,98.0,,18.65622449,18.65622449,深圳团队
2024-12-07 09:13:03.003000,2024-12-07,啊闲,土耳其(Turkey),652.45,21.0,12.0,,54.37083333,54.37083333,深圳团队
2024-12-07 22:05:06.522000,2024-12-07,WD,印度（India）,0.0,0.0,0.0,,#DIV/0!,#DIV/0!,郑州团队
2024-12-07 22:28:04.740000,2024-12-07,HW,印度（India）,0.0,0.0,0.0,,#DIV/0!,#DIV/0!,金边团队
2024-12-07 23:04:06.562000,2024-12-07,MY,印度（India）,0.0,0.0,0.0,,#DIV/0!,#DIV/0!,金边团队
2024-12-07 23:05:55.073000,2024-12-07,HY,印度（India）,0.0,0.0,0.0,,#DIV/0!,#DIV/0!,郑州团队
2024-12-08 02:59:54.612000,2024-12-07,啊闲,印度（India）,1558.11,208.0,89.0,,17.50685393,17.50685393,深圳团队
2024-12-08 03:21:11.501000,2024-12-07,云迪,土耳其(Turkey),578.92,41.0,22.0,,26.31454545,26.31454545,深圳团队
2024-12-08 10:39:29.476000,2024-12-07,YJ,印度（India）,0.0,0.0,0.0,,#DIV/0!,#DIV/0!,郑州团队
2024-12-08 12:26:52.516000,2024-12-07,紫光,土耳其(Turkey),526.51,33.0,22.0,,23.93227273,23.93227273,深圳团队
2024-12-08 21:31:52.517000,2024-12-08,YK,印度（India）,0.0,0.0,0.0,,#DIV/0!,#DIV/0!,金边团队
2024-12-08 23:49:29.468000,2024-12-08,HY,印度（India）,0.0,0.0,0.0,,#DIV/0!,#DIV/0!,郑州团队
2024-12-09 00:43:54.388000,2024-12-08,MY,印度（India）,0.0,0.0,0.0,,#DIV/0!,#DIV/0!,金边团队
2024-12-09 09:55:01.658000,2024-12-08,WD,印度（India）,0.0,0.0,0.0,,#DIV/0!,#DIV/0!,郑州团队
2024-12-09 10:03:05.115000,2024-12-08,YJ,印度（India）,0.0,0.0,0.0,,#DIV/0!,#DIV/0!,郑州团队
2024-12-09 22:25:39.027000,2024-12-09,YJ,印度（India）,2178.85,333.0,171.0,,12.74181287,12.74181287,郑州团队
2024-12-09 22:35:07.438000,2024-12-09,HY,印度（India）,2185.15,170.0,65.0,,33.61769231,33.61769231,郑州团队
2024-12-09 22:36:29.995000,2024-12-09,WD,印度（India）,1220.63,150.0,33.0,,36.98878788,36.98878788,郑州团队
2024-12-09 22:42:25.187000,2024-12-09,SG,印度（India）,8446.96,1345.0,498.0,,16.96176707,16.96176707,郑州团队
2024-12-09 22:44:24.276000,2024-12-09,HW,印度（India）,7987.74,1170.0,388.0,,20.58695876,20.58695876,金边团队
2024-12-09 22:59:13.502000,2024-12-09,ZJ,德国（Germany）,24.63,1.0,1.0,,24.63,24.63,郑州团队
2024-12-09 23:09:45.147000,2024-12-09,LYD,德国（Germany）,74.83,3.0,2.0,,37.415,37.415,金边团队
2024-12-09 23:16:35.940000,2024-12-09,MY,印度（India）,6482.24,758.0,271.0,,23.9197048,23.9197048,金边团队
2024-12-10 00:35:53.378000,2024-12-09,LYD,印度（India）,821.44,180.0,57.0,,14.41122807,14.41122807,金边团队
2024-12-10 02:49:25.628000,2024-12-09,啊闲,印度（India）,1504.42,213.0,104.0,,14.46557692,14.46557692,深圳团队
2024-12-10 12:14:04.196000,2024-12-09,Mar,印度（India）,70.1,0.0,0.0,,#DIV/0!,#DIV/0!,郑州团队
2024-12-10 12:36:06.359000,2024-12-09,YK,印度（India）,3487.98,290.0,104.0,,33.53826923,33.53826923,金边团队
2024-12-10 20:27:12.763000,2024-12-10,HY,印度（India）,3489.81,476.0,141.0,,24.75042553,24.75042553,郑州团队
2024-12-10 21:54:00.491000,2024-12-10,YK,印度（India）,831.5,120.0,22.0,,37.79545455,37.79545455,金边团队
2024-12-10 22:00:54.607000,2024-12-10,SG,印度（India）,3385.91,578.0,187.0,,18.10647059,18.10647059,郑州团队
2024-12-10 22:08:24.164000,2024-12-10,WD,印度（India）,1554.1,206.0,52.0,,29.88653846,29.88653846,郑州团队
2024-12-10 22:22:02.457000,2024-12-10,LYD,印度（India）,2805.43,386.0,111.0,,25.27414414,25.27414414,金边团队
2024-12-10 22:35:38.145000,2024-12-10,YJ,印度（India）,2769.99,485.0,179.0,,15.47480447,15.47480447,郑州团队
2024-12-10 23:13:05.906000,2024-12-10,LYD,德国（Germany）,882.02,11.0,1.0,,882.02,882.02,金边团队
2024-12-10 23:44:54.715000,2024-12-10,HW,印度（India）,10055.69,2281.0,831.0,,12.10070999,12.10070999,金边团队
2024-12-11 01:26:51.216000,2024-12-10,ZJ,德国（Germany）,145.14,1.0,0.0,,#DIV/0!,#DIV/0!,郑州团队
2024-12-11 03:08:36.287000,2024-12-10,MY,印度（India）,2912.3,486.0,192.0,,15.16822917,15.16822917,金边团队
2024-12-11 09:07:33.353000,2024-12-10,云迪,印度（India）,507.92,52.0,25.0,,20.3168,20.3168,深圳团队
2024-12-11 09:47:49.490000,2024-12-10,老郭,印度（India）,447.39,50.0,22.0,,20.33590909,20.33590909,深圳团队
2024-12-11 09:59:46.829000,2024-12-10,啊闲,印度（India）,3382.55,351.0,172.0,,19.66598837,19.66598837,深圳团队
2024-12-11 20:09:47.129000,2024-12-11,HW,印度（India）,6179.65,1282.0,387.0,,15.96808786,15.96808786,金边团队
2024-12-11 21:03:59.378000,2024-12-11,WD,印度（India）,673.25,90.0,35.0,,19.23571429,19.23571429,郑州团队
2024-12-11 21:22:38.236000,2024-12-11,LYD,德国（Germany）,112.57,3.0,1.0,,112.57,112.57,金边团队
2024-12-11 21:53:56.798000,2024-12-11,YK,印度（India）,322.37,50.0,2.0,,161.185,161.185,金边团队
2024-12-11 22:07:13.613000,2024-12-11,HY,印度（India）,0.0,0.0,0.0,,#DIV/0!,#DIV/0!,郑州团队
2024-12-11 22:37:55.296000,2024-12-11,YJ,印度（India）,8218.71,1428.0,576.0,,14.26859375,14.26859375,郑州团队
2024-12-11 23:02:42.867000,2024-12-11,MY,印度（India）,6033.55,737.0,342.0,,17.64195906,17.64195906,金边团队
2024-12-11 23:23:30.289000,2024-12-11,YK,德国（Germany）,210.79,6.0,1.0,,210.79,210.79,金边团队
2024-12-11 23:30:48.724000,2024-12-11,ZJ,德国（Germany）,46.63,1.0,0.0,,#DIV/0!,#DIV/0!,郑州团队
2024-12-11 23:38:18.871000,2024-12-11,SG,印度（India）,10079.36,1826.0,779.0,,12.93884467,12.93884467,郑州团队
2024-12-12 06:37:28.279000,2024-12-11,老郭,印度（India）,563.63,91.0,29.0,,19.43551724,19.43551724,深圳团队
2024-12-12 08:39:58.853000,2024-12-11,啊闲,印度（India）,2168.02,293.0,129.0,,16.80635659,16.80635659,深圳团队
2024-12-12 18:17:17.755000,2024-12-12,Mar,印度（India）,336.85,23.0,0.0,,#DIV/0!,#DIV/0!,郑州团队
2024-12-12 19:41:14.307000,2024-12-12,HY,印度（India）,2552.08,397.0,136.0,,18.76529412,18.76529412,郑州团队
2024-12-12 21:58:10.525000,2024-12-12,WD,印度（India）,886.92,87.0,31.0,,28.61032258,28.61032258,郑州团队
2024-12-12 22:11:46.987000,2024-12-12,YJ,印度（India）,5281.24,788.0,300.0,,17.60413333,17.60413333,郑州团队
2024-12-12 22:48:45.389000,2024-12-12,LYD,印度（India）,1365.92,305.0,115.0,,11.87756522,11.87756522,金边团队
2024-12-12 23:05:12.554000,2024-12-12,YK,印度（India）,1313.66,159.0,48.0,,27.36791667,27.36791667,金边团队
2024-12-12 23:10:53.429000,2024-12-12,MY,印度（India）,6179.43,906.0,471.0,,13.11980892,13.11980892,金边团队
2024-12-12 23:14:10.749000,2024-12-12,YK,德国（Germany）,1016.97,21.0,12.0,,84.7475,84.7475,金边团队
2024-12-12 23:14:54.509000,2024-12-12,ZJ,德国（Germany）,189.07,3.0,1.0,,189.07,189.07,郑州团队
2024-12-12 23:27:16.576000,2024-12-12,HW,印度（India）,9096.25,1838.0,604.0,,15.06001656,15.06001656,金边团队
2024-12-12 23:57:07.780000,2024-12-12,SG,印度（India）,10462.6,1987.0,747.0,,14.00615797,14.00615797,郑州团队
2024-12-13 12:34:18.059000,2024-12-12,啊闲,印度（India）,2088.03,213.0,88.0,,23.72761364,23.72761364,深圳团队
2024-12-13 13:18:36.585000,2024-12-12,善光,印度（India）,572.36,51.0,17.0,,33.66823529,33.66823529,深圳团队
2024-12-13 15:08:38.331000,2024-12-12,老郭,印度（India）,390.61,51.0,15.0,,26.04066667,26.04066667,深圳团队
2024-12-13 17:57:23.220000,2024-12-13,SG,印度（India）,16686.88,2891.0,1216.0,,13.72276316,13.72276316,郑州团队
2024-12-13 18:32:53.155000,2024-12-13,HW,印度（India）,5435.93,1257.0,403.0,,13.48866005,13.48866005,金边团队
2024-12-13 22:07:08.077000,2024-12-13,WD,印度（India）,1718.02,183.0,72.0,,23.86138889,23.86138889,郑州团队
2024-12-13 22:09:23.038000,2024-12-13,HY,印度（India）,0.0,0.0,0.0,,#DIV/0!,#DIV/0!,郑州团队
2024-12-13 22:36:00.302000,2024-12-13,LYD,印度（India）,3630.44,563.0,235.0,,15.44868085,15.44868085,金边团队
2024-12-13 22:38:08.949000,2024-12-13,YJ,印度（India）,3570.45,430.0,161.0,,22.17670807,22.17670807,郑州团队
2024-12-13 23:00:26.832000,2024-12-13,MY,印度（India）,3452.87,603.0,347.0,,9.950634006,9.950634006,金边团队
2024-12-14 00:59:23.227000,2024-12-13,云迪,土耳其(Turkey),1056.95,93.0,52.0,,20.32596154,20.32596154,深圳团队
2024-12-14 07:42:12.621000,2024-12-13,老郭,印度（India）,378.67,50.0,16.0,,23.666875,23.666875,深圳团队
2024-12-14 07:46:11.921000,2024-12-13,善光,印度（India）,1025.15,135.0,38.0,,26.97763158,26.97763158,深圳团队
2024-12-14 12:44:51.269000,2024-12-13,LYD,德国（Germany）,20.08,0.0,0.0,,#DIV/0!,#DIV/0!,金边团队
2024-12-14 13:39:21.414000,2024-12-13,YK,德国（Germany）,1868.29,41.0,22.0,,84.92227273,84.92227273,金边团队
2024-12-14 14:28:57.451000,2024-12-13,ZJ,德国（Germany）,669.1600000000001,14.0,8.0,,83.645,83.645,郑州团队
2024-12-14 20:57:12.033000,2024-12-14,MY,印度（India）,1570.1,309.0,158.0,,9.937341772,9.937341772,金边团队
2024-12-14 21:08:21.535000,2024-12-14,WD,印度（India）,167.07,41.0,15.0,,11.138,11.138,郑州团队
2024-12-14 21:14:41.219000,2024-12-14,HW,印度（India）,6035.12,1200.0,499.0,,12.09442886,12.09442886,金边团队
2024-12-14 21:32:53.012000,2024-12-14,TT,印度（India）,154.1,19.0,8.0,,19.2625,19.2625,
2024-12-14 21:34:45.094000,2024-12-14,HY,印度（India）,2231.3,388.0,138.0,,16.16884058,16.16884058,郑州团队
2024-12-14 22:09:23.197000,2024-12-14,YJ,印度（India）,6973.43,1235.0,455.0,,15.32621978,15.32621978,郑州团队
2024-12-14 22:37:32.033000,2024-12-14,SG,印度（India）,3160.78,867.0,343.0,,9.215102041,9.215102041,郑州团队
2024-12-14 23:30:32.614000,2024-12-14,ZJ,德国（Germany）,440.28,4.0,2.0,,220.14,220.14,郑州团队
2024-12-15 13:27:27.396000,2024-12-14,YK,德国（Germany）,896.56,8.0,3.0,,298.8533333,298.8533333,金边团队
2024-12-15 17:13:26.391000,2024-12-15,HY,印度（India）,2809.26,435.0,152.0,,18.48197368,18.48197368,郑州团队
2024-12-15 20:41:56.395000,2024-12-15,YJ,印度（India）,2788.33,442.0,148.0,,18.84006757,18.84006757,郑州团队
2024-12-15 20:53:00.576000,2024-12-15,WD,印度（India）,1789.88,402.0,143.0,,12.51664336,12.51664336,郑州团队
2024-12-15 21:23:24.190000,2024-12-15,LYD,印度（India）,2361.7,450.0,155.0,,15.23677419,15.23677419,金边团队
2024-12-15 22:26:31.892000,2024-12-15,MY,印度（India）,88.87,0.0,0.0,,#DIV/0!,#DIV/0!,金边团队
2024-12-15 23:35:42.870000,2024-12-15,SG,印度（India）,1189.0,215.0,51.0,,23.31372549,23.31372549,郑州团队
2024-12-16 03:28:37.742000,2024-12-15,HW,印度（India）,1043.22,220.0,85.0,,12.27317647,12.27317647,金边团队
2024-12-16 21:20:58.772000,2024-12-16,WD,印度（India）,1840.06,322.0,114.0,,16.14087719,16.14087719,郑州团队
2024-12-16 21:28:16.290000,2024-12-16,HY,印度（India）,0.0,0.0,0.0,,#DIV/0!,#DIV/0!,郑州团队
2024-12-16 22:13:09.815000,2024-12-16,SG,印度（India）,8045.39,1647.0,624.0,,12.89325321,12.89325321,郑州团队
2024-12-16 22:16:02.881000,2024-12-16,YK,印度（India）,904.58,150.0,42.0,,21.53761905,21.53761905,金边团队
2024-12-16 22:17:13.886000,2024-12-16,HW,印度（India）,1186.25,200.0,83.0,,14.29216867,14.29216867,金边团队
2024-12-16 22:44:04.880000,2024-12-16,MY,印度（India）,1246.83,197.0,111.0,,11.2327027,11.2327027,金边团队
2024-12-16 22:52:37.883000,2024-12-16,ZJ,德国（Germany）,298.17,3.0,2.0,,149.085,149.085,郑州团队
2024-12-16 22:53:54.602000,2024-12-16,YK,德国（Germany）,626.16,10.0,5.0,,125.232,125.232,金边团队
2024-12-17 02:00:15.298000,2024-12-16,LYD,印度（India）,879.04,145.0,55.0,,15.98254545,15.98254545,金边团队
2024-12-17 10:51:43.374000,2024-12-16,YJ,印度（India）,3408.08,536.0,166.0,,20.53060241,20.53060241,郑州团队
2024-12-17 19:04:29.229000,2024-12-17,MY,印度（India）,1894.49,276.0,154.0,,12.30188312,12.30188312,金边团队
2024-12-17 20:19:52.389000,2024-12-17,WD,印度（India）,2668.54,454.0,141.0,,18.9258156,18.9258156,郑州团队
2024-12-17 20:53:18.888000,2024-12-17,HW,印度（India）,2241.65,340.0,158.0,,14.18765823,14.18765823,金边团队
2024-12-17 21:18:50.989000,2024-12-17,SG,印度（India）,8624.62,1587.0,670.0,,12.87256716,12.87256716,郑州团队
2024-12-17 21:38:06.803000,2024-12-17,HY,印度（India）,3587.79,444.0,148.0,,24.24182432,24.24182432,郑州团队
2024-12-17 22:02:46.968000,2024-12-17,YJ,印度（India）,759.07,90.0,26.0,,29.195,29.195,郑州团队
2024-12-17 22:03:47.551000,2024-12-17,ZJ,德国（Germany）,466.44,13.0,5.0,,93.288,93.288,郑州团队
2024-12-17 22:04:32.679000,2024-12-17,TT,印度（India）,800.4,33.0,12.0,,66.7,66.7,
2024-12-17 22:36:14.861000,2024-12-17,YK,德国（Germany）,946.97,13.0,6.0,,157.8283333,157.8283333,金边团队
2024-12-18 00:16:12.006000,2024-12-17,LYD,印度（India）,2427.29,316.0,162.0,,14.9832716,14.9832716,金边团队
2024-12-18 00:18:34.942000,2024-12-17,LYD,印度期权,369.24,411.0,131.0,,2.818625954,2.818625954,金边团队
2024-12-18 11:47:18.677000,2024-12-17,LYD,德国（Germany）,42.63,0.0,0.0,,#DIV/0!,#DIV/0!,金边团队
2024-12-18 21:18:39.340000,2024-12-18,MY,印度（India）,1649.63,227.0,155.0,,10.64277419,10.64277419,金边团队
2024-12-18 21:29:51.403000,2024-12-18,YJ,印度（India）,1586.93,206.0,43.0,,36.90534884,36.90534884,郑州团队
2024-12-18 21:33:54.453000,2024-12-18,WD,印度（India）,2095.93,360.0,160.0,,13.0995625,13.0995625,郑州团队
2024-12-18 22:13:22.197000,2024-12-13,啊闲,印度（India）,1822.99,196.0,75.0,,24.30653333,24.30653333,深圳团队
2024-12-18 22:36:24.637000,2024-12-18,HY,印度（India）,554.18,67.0,21.0,,26.38952381,26.38952381,郑州团队
2024-12-18 23:04:29.579000,2024-12-18,HW,印度（India）,419.25,80.0,29.0,,14.45689655,14.45689655,金边团队
2024-12-18 23:16:33.390000,2024-12-18,SG,印度（India）,1064.53,137.0,55.0,,19.35509091,19.35509091,郑州团队
2024-12-19 01:30:52.038000,2024-12-18,LYD,印度期权,379.18,447.0,177.0,,2.142259887,2.142259887,金边团队
2024-12-19 11:34:12.662000,2024-12-18,LYD,印度（India）,23.55,0.0,0.0,,#DIV/0!,#DIV/0!,金边团队
2024-12-19 11:34:57.062000,2024-12-18,LYD,德国（Germany）,0.55,0.0,0.0,,#DIV/0!,#DIV/0!,金边团队
2024-12-19 14:15:07.167000,2024-12-18,啊闲,印度（India）,1243.95,223.0,97.0,,12.8242268,12.8242268,深圳团队
2024-12-19 22:13:37.415000,2024-12-19,SG,印度（India）,3505.3,517.0,236.0,,14.8529661,14.8529661,郑州团队
2024-12-19 22:16:16.967000,2024-12-19,HY,印度（India）,0.0,0.0,0.0,,#DIV/0!,#DIV/0!,郑州团队
2024-12-19 22:30:48.650000,2024-12-19,LYD,印度期权,0.45,0.0,0.0,,#DIV/0!,#DIV/0!,金边团队
2024-12-19 22:32:51.960000,2024-12-19,LYD,印度（India）,315.48,62.0,18.0,,17.52666667,17.52666667,金边团队
2024-12-19 22:32:54.017000,2024-12-19,YJ,印度（India）,2153.33,349.0,105.0,,20.50790476,20.50790476,郑州团队
2024-12-19 22:38:34.806000,2024-12-19,WD,印度（India）,451.43,69.0,29.0,,15.56655172,15.56655172,郑州团队
2024-12-19 22:43:25.386000,2024-12-19,YK,印度（India）,929.63,125.0,22.0,,42.25590909,42.25590909,金边团队
2024-12-19 23:55:55.168000,2024-12-19,HW,印度（India）,376.04,66.0,22.0,,17.09272727,17.09272727,金边团队
2024-12-20 05:46:16.007000,2024-12-19,MY,印度（India）,7498.96,1901.0,214.0,,35.04186916,35.04186916,金边团队
2024-12-20 14:03:17.067000,2024-12-19,啊闲,印度（India）,2033.9,286.0,92.0,,22.1076087,22.1076087,深圳团队
2024-12-20 20:30:34.878000,2024-12-20,HY,印度（India）,546.46,60.0,28.0,,19.51642857,19.51642857,郑州团队
2024-12-20 22:23:06.338000,2024-12-20,YJ,印度（India）,1769.46,335.0,83.0,,21.31879518,21.31879518,郑州团队
2024-12-20 22:27:59.948000,2024-12-20,MY,印度（India）,1437.77,218.0,76.0,,18.91802632,18.91802632,金边团队
2024-12-20 22:32:02.051000,2024-12-20,WD,印度（India）,4053.24,573.0,161.0,,25.17540373,25.17540373,郑州团队
2024-12-20 23:02:57.301000,2024-12-20,HW,印度（India）,2157.66,350.0,119.0,,18.13159664,18.13159664,金边团队
2024-12-20 23:36:53.922000,2024-12-20,SG,印度（India）,1930.17,372.0,117.0,,16.49717949,16.49717949,郑州团队
2024-12-21 01:36:08.353000,2024-12-20,YK,印度（India）,1129.09,130.0,12.0,,94.09083333,94.09083333,金边团队
2024-12-21 12:47:57.989000,2024-12-20,LYD,印度（India）,1423.18,245.0,47.0,,30.28042553,30.28042553,金边团队
2024-12-21 17:02:07.224000,2024-12-21,SG,印度（India）,0.0,0.0,0.0,,#DIV/0!,#DIV/0!,郑州团队
2024-12-21 17:02:23.782000,2024-12-21,HY,印度（India）,0.0,0.0,0.0,,#DIV/0!,#DIV/0!,郑州团队
2024-12-21 21:38:13.963000,2024-12-21,YJ,印度（India）,13.76,12.0,5.0,,2.752,2.752,郑州团队
2024-12-21 21:51:21.669000,2024-12-21,WD,印度（India）,873.3,155.0,28.0,,31.18928571,31.18928571,郑州团队
2024-12-22 01:25:56.716000,2024-12-21,MY,印度（India）,8313.16,1151.0,572.0,,14.5334965,14.5334965,金边团队
2024-12-22 04:21:58.572000,2024-12-21,HW,印度（India）,0.0,0.0,0.0,,#DIV/0!,#DIV/0!,金边团队
2024-12-22 17:41:27.536000,2024-12-21,YK,印度（India）,2595.4,315.0,85.0,,30.53411765,30.53411765,金边团队
2024-12-22 20:27:25.096000,2024-12-22,WD,印度（India）,0.0,0.0,0.0,,#DIV/0!,#DIV/0!,郑州团队
2024-12-22 21:04:14.621000,2024-12-22,MY,印度（India）,4189.7,466.0,209.0,,20.04641148,20.04641148,金边团队
2024-12-22 21:16:22.371000,2024-12-22,YK,印度（India）,978.88,155.0,35.0,,27.968,27.968,金边团队
2024-12-22 23:07:34.672000,2024-12-22,SG,印度（India）,504.36,91.0,39.0,,12.93230769,12.93230769,郑州团队
2024-12-22 23:07:59.638000,2024-12-22,HW,印度（India）,0.0,0.0,0.0,,#DIV/0!,#DIV/0!,金边团队
2024-12-22 23:14:21.773000,2024-12-22,HW,印度（India）,0.0,0.0,0.0,,#DIV/0!,#DIV/0!,金边团队
2024-12-23 00:51:30.131000,2024-12-22,啊闲,印度（India）,976.18,221.0,83.0,,11.76120482,11.76120482,深圳团队
2024-12-23 10:16:31.021000,2024-12-22,YJ,印度（India）,0.0,0.0,0.0,,#DIV/0!,#DIV/0!,郑州团队
2024-12-23 20:35:25.120000,2024-12-23,SG,印度（India）,0.0,0.0,0.0,,#DIV/0!,#DIV/0!,郑州团队
2024-12-23 20:35:33.237000,2024-12-23,YJ,印度（India）,0.0,0.0,0.0,,#DIV/0!,#DIV/0!,郑州团队
2024-12-23 22:50:41.733000,2024-12-23,WD,印度（India）,3820.84,622.0,191.0,,20.00439791,20.00439791,郑州团队
2024-12-23 23:12:41.558000,2024-12-23,YK,印度（India）,2243.45,224.0,90.0,,24.92722222,24.92722222,金边团队
2024-12-23 23:27:01.752000,2024-12-23,MY,印度（India）,4601.06,542.0,238.0,,19.33218487,19.33218487,金边团队
2024-12-24 02:02:38.609000,2024-12-23,HW,印度（India）,0.0,0.0,0.0,,#DIV/0!,#DIV/0!,金边团队
2024-12-24 10:39:00.866000,2024-12-23,HY,印度（India）,0.0,0.0,0.0,,#DIV/0!,#DIV/0!,郑州团队
2024-12-24 17:34:15.504000,2024-12-23,啊闲,印度（India）,4531.16,356.0,148.0,,30.61594595,30.61594595,深圳团队
2024-12-24 22:35:54.219000,2024-12-24,WD,印度（India）,8884.99,1556.0,446.0,,19.92150224,19.92150224,郑州团队
2024-12-24 22:47:07.319000,2024-12-24,LYD,印度（India）,20.19,10.0,9.0,,2.243333333,2.243333333,金边团队
2024-12-24 23:19:15.323000,2024-12-24,HY,印度（India）,0.0,0.0,0.0,,#DIV/0!,#DIV/0!,郑州团队
2024-12-24 23:49:54.677000,2024-12-24,YJ,印度（India）,208.63,51.0,28.0,,7.451071429,7.451071429,郑州团队
2024-12-24 23:53:57.177000,2024-12-24,HW,印度（India）,0.0,0.0,0.0,,#DIV/0!,#DIV/0!,金边团队
2024-12-25 00:04:35.182000,2024-12-24,SG,印度（India）,1973.85,327.0,145.0,,13.61275862,13.61275862,郑州团队
2024-12-25 00:18:37.367000,2024-12-24,YK,印度（India）,2029.33,230.0,88.0,,23.06056818,23.06056818,金边团队
2024-12-25 00:36:51.343000,2024-12-24,MY,印度（India）,6836.29,928.0,371.0,,18.42665768,18.42665768,金边团队
2024-12-25 13:31:49.704000,2024-12-24,啊闲,印度（India）,3332.2,461.0,179.0,,18.61564246,18.61564246,深圳团队
2024-12-25 22:50:00.182000,2024-12-25,YK,印度（India）,329.32,78.0,19.0,,17.33263158,17.33263158,金边团队
2024-12-25 22:58:26.587000,2024-12-25,HW,印度（India）,2746.08,597.0,315.0,,8.717714286,8.717714286,金边团队
2024-12-25 23:08:04.124000,2024-12-25,LYD,印度（India）,1550.37,174.0,125.0,,12.40296,12.40296,金边团队
2024-12-25 23:20:26.156000,2024-12-25,SG,印度（India）,730.3,167.0,99.0,,7.376767677,7.376767677,郑州团队
2024-12-26 00:19:12.551000,2024-12-25,YJ,印度（India）,6036.45,890.0,480.0,,12.5759375,12.5759375,郑州团队
2024-12-26 00:38:29.094000,2024-12-25,HY,印度（India）,15202.43,2228.0,1154.0,,13.17368284,13.17368284,郑州团队
2024-12-26 00:52:51.815000,2024-12-25,MY,印度（India）,4619.39,817.0,477.0,,9.684255765,9.684255765,金边团队
2024-12-26 01:09:16.139000,2024-12-25,WD,印度（India）,8539.27,1401.0,581.0,,14.69753873,14.69753873,郑州团队
2024-12-26 01:15:37.542000,2024-12-25,云迪,印度（India）,1027.48,155.0,84.0,,12.23190476,12.23190476,深圳团队
2024-12-26 02:31:38.462000,2024-12-25,小赵,印度（India）,799.39,135.0,72.0,,11.10263889,11.10263889,深圳团队
2024-12-26 06:43:12.054000,2024-12-25,善光,印度（India）,536.16,127.0,73.0,,7.344657534,7.344657534,深圳团队
2024-12-26 16:58:59.673000,2024-12-25,紫光,印度（India）,725.08,144.0,95.0,,7.632421053,7.632421053,深圳团队
2024-12-26 23:01:52.966000,2024-12-26,TT,印度（India）,577.21,41.0,16.0,,36.075625,36.075625,
2024-12-26 23:01:53.288000,2024-12-26,MY,印度（India）,7436.02,1012.0,411.0,,18.09250608,18.09250608,金边团队
2024-12-26 23:03:21.093000,2024-12-26,LYD,印度（India）,3203.57,504.0,150.0,,21.35713333,21.35713333,金边团队
2024-12-27 00:00:45.750000,2024-12-26,WD,印度（India）,7947.69,1325.0,415.0,,19.15106024,19.15106024,郑州团队
2024-12-27 00:09:12.299000,2024-12-26,HW,印度（India）,3071.39,700.0,354.0,,8.676242938,8.676242938,金边团队
2024-12-27 00:35:40.191000,2024-12-26,SG,印度（India）,8320.26,1528.0,557.0,,14.93763016,14.93763016,郑州团队
2024-12-27 00:43:15.633000,2024-12-26,ZJ,印度（India）,984.46,89.0,38.0,,25.90684211,25.90684211,郑州团队
2024-12-27 00:45:59.299000,2024-12-26,HY,印度（India）,1590.29,265.0,119.0,,13.36378151,13.36378151,郑州团队
2024-12-27 01:06:31.073000,2024-12-26,YJ,印度（India）,4461.29,723.0,313.0,,14.25332268,14.25332268,郑州团队
2024-12-27 06:54:40.399000,2024-12-26,善光,印度（India）,2963.84,260.0,48.0,,61.74666667,61.74666667,深圳团队
2024-12-27 07:47:25.182000,2024-12-26,云迪,印度（India）,751.32,179.0,88.0,,8.537727273,8.537727273,深圳团队
2024-12-27 11:20:48.950000,2024-12-26,YK,印度（India）,3425.83,465.0,197.0,,17.39,17.39,金边团队
2024-12-27 13:09:44.773000,2024-12-26,紫光,印度（India）,458.17,66.0,22.0,,20.82590909,20.82590909,深圳团队
2024-12-27 14:44:30.433000,2024-12-26,老郭,印度（India）,247.61,28.0,2.0,,123.805,123.805,深圳团队
2024-12-27 21:37:59.389000,2024-12-27,WD,印度（India）,2653.44,415.0,142.0,,18.68619718,18.68619718,郑州团队
2024-12-27 22:05:37.474000,2024-12-27,MY,印度（India）,2575.66,343.0,125.0,,20.60528,20.60528,金边团队
2024-12-27 23:15:49.097000,2024-12-27,LYD,印度（India）,3475.06,547.0,167.0,,20.80874251,20.80874251,金边团队
2024-12-27 23:20:08.381000,2024-12-27,YJ,印度（India）,8959.81,1156.0,513.0,,17.46551657,17.46551657,郑州团队
2024-12-27 23:20:46.896000,2024-12-27,TT,印度（India）,748.82,51.0,10.0,,74.882,74.882,
2024-12-27 23:56:18.460000,2024-12-27,HW,印度（India）,3435.75,628.0,335.0,,10.25597015,10.25597015,金边团队
2024-12-28 00:05:30.401000,2024-12-27,ZJ,印度（India）,2221.29,296.0,61.0,,36.41459016,36.41459016,郑州团队
2024-12-28 00:06:59.635000,2024-12-27,SG,印度（India）,6546.54,1021.0,411.0,,15.92832117,15.92832117,郑州团队
2024-12-28 00:11:55.874000,2024-12-27,HY,印度（India）,3305.81,505.0,249.0,,13.27634538,13.27634538,郑州团队
2024-12-28 01:04:28.145000,2024-12-27,YK,印度（India）,2793.06,437.0,190.0,,14.70031579,14.70031579,金边团队
2024-12-28 04:42:09.133000,2024-12-27,善光,印度（India）,419.98,36.0,0.0,,#DIV/0!,#DIV/0!,深圳团队
2024-12-28 07:55:16.723000,2024-12-27,云迪,印度（India）,275.6,35.0,0.0,,#DIV/0!,#DIV/0!,深圳团队
2024-12-28 20:02:22.666000,2024-12-27,紫光,印度（India）,1234.81,265.0,122.0,,10.12139344,10.12139344,深圳团队
2024-12-28 22:00:10.790000,2024-12-28,WD,印度（India）,0.0,0.0,0.0,,#DIV/0!,#DIV/0!,郑州团队
2024-12-28 23:35:51.756000,2024-12-28,MY,印度（India）,1621.98,183.0,46.0,,35.26043478,35.26043478,金边团队
2024-12-28 23:57:52.135000,2024-12-28,HY,印度（India）,5146.64,777.0,349.0,,14.74681948,14.74681948,郑州团队
2024-12-29 00:09:44.518000,2024-12-28,YK,印度（India）,3538.98,402.0,191.0,,18.5286911,18.5286911,金边团队
2024-12-29 01:03:10.751000,2024-12-28,LYD,印度（India）,6117.53,789.0,397.0,,15.40939547,15.40939547,金边团队
2024-12-29 01:03:50.857000,2024-12-28,TT,印度（India）,1284.25,98.0,10.0,,128.425,128.425,
2024-12-29 01:40:47.712000,2024-12-28,YJ,印度（India）,6456.26,1107.0,492.0,,13.12247967,13.12247967,郑州团队
2024-12-29 01:54:44.856000,2024-12-28,SG,印度（India）,11808.23,2177.0,982.0,,12.02467413,12.02467413,郑州团队
2024-12-29 02:20:02.944000,2024-12-28,ZJ,印度（India）,8051.8,1093.0,540.0,,14.91074074,14.91074074,郑州团队
2024-12-29 03:19:43.805000,2024-12-28,HW,印度（India）,6152.5,1100.0,501.0,,12.28043912,12.28043912,金边团队
2024-12-29 13:32:41.175000,2024-12-28,老郭,印度（India）,936.49,65.0,14.0,,66.89214286,66.89214286,深圳团队
2024-12-29 13:47:38.252000,2024-12-28,紫光,印度（India）,1905.14,265.0,132.0,,14.43287879,14.43287879,深圳团队
2024-12-29 22:05:57.051000,2024-12-29,WD,印度（India）,20.04,0.0,0.0,,#DIV/0!,#DIV/0!,郑州团队
2024-12-29 22:47:38.558000,2024-12-29,YK,印度（India）,2482.22,310.0,119.0,,20.8589916,20.8589916,金边团队
2024-12-29 22:57:24.395000,2024-12-29,MY,印度（India）,1446.77,176.0,44.0,,32.88113636,32.88113636,金边团队
2024-12-29 22:57:55.373000,2024-12-29,LYD,印度（India）,1545.71,268.0,68.0,,22.73102941,22.73102941,金边团队
2024-12-29 23:06:13.816000,2024-12-29,TT,印度（India）,320.67,16.0,4.0,,80.1675,80.1675,
2024-12-29 23:14:35.319000,2024-12-29,YJ,印度（India）,6139.76,840.0,414.0,,14.83033816,14.83033816,郑州团队
2024-12-29 23:26:52.122000,2024-12-29,SG,印度（India）,23392.63,3857.0,1639.0,,14.27250153,14.27250153,郑州团队
2024-12-30 00:11:54.506000,2024-12-29,HW,印度（India）,4999.05,900.0,414.0,,12.075,12.075,金边团队
2024-12-30 00:21:36.035000,2024-12-29,HY,印度（India）,8075.11,1290.0,539.0,,14.98165121,14.98165121,郑州团队
2024-12-30 00:28:25.229000,2024-12-29,ZJ,印度（India）,2093.46,328.0,137.0,,15.28072993,15.28072993,郑州团队
2024-12-30 01:41:19.317000,2024-12-29,云迪,印度（India）,50.32,10.0,0.0,,#DIV/0!,#DIV/0!,深圳团队
2024-12-30 01:44:34.321000,2024-12-29,紫光,印度（India）,1852.24,222.0,100.0,,18.5224,18.5224,深圳团队
2024-12-30 13:33:41.464000,2024-12-29,老郭,印度（India）,504.19,50.0,18.0,,28.01055556,28.01055556,深圳团队
2024-12-30 20:14:57.702000,2024-12-30,MY,印度（India）,0.0,0.0,0.0,,#DIV/0!,#DIV/0!,金边团队
2024-12-30 21:00:44.509000,2024-12-30,SG,印度（India）,10096.89,1597.0,678.0,,14.89216814,14.89216814,郑州团队
2024-12-30 21:11:47.537000,2024-12-30,HY,印度（India）,1341.63,171.0,39.0,,34.40076923,34.40076923,郑州团队
2024-12-30 21:17:48.424000,2024-12-30,YJ,印度（India）,1217.71,149.0,46.0,,26.47195652,26.47195652,郑州团队
2024-12-30 22:31:20.728000,2024-12-30,HW,印度（India）,4600.43,750.0,304.0,,15.13299342,15.13299342,金边团队
2024-12-30 22:35:22.906000,2024-12-30,WD,印度（India）,496.1,101.0,17.0,,29.18235294,29.18235294,郑州团队
2024-12-30 22:35:40.805000,2024-12-30,ZJ,印度（India）,770.72,113.0,43.0,,17.92372093,17.92372093,郑州团队
2024-12-30 22:38:26.041000,2024-12-30,YK,印度（India）,451.72,58.0,10.0,,45.172,45.172,金边团队
2024-12-30 22:47:38.131000,2024-12-30,LYD,印度（India）,1049.69,170.0,49.0,,21.4222449,21.4222449,金边团队
2024-12-30 22:50:44.025000,2024-12-30,TT,印度（India）,1186.83,86.0,13.0,,91.29461538,91.29461538,
2024-12-31 15:48:27.949000,2024-12-30,云迪,印度（India）,30.25,8.0,4.0,,7.5625,7.5625,深圳团队
2024-12-31 16:14:24.317000,2024-12-30,老郭,印度（India）,130.65,10.0,5.0,,26.13,26.13,深圳团队
2024-12-31 17:11:40.325000,2024-12-31,YJ,印度（India）,0.0,0.0,0.0,,#DIV/0!,#DIV/0!,郑州团队
2024-12-31 17:39:02.134000,2024-12-31,MY,印度（India）,1370.73,152.0,43.0,,31.87744186,31.87744186,金边团队
2024-12-31 17:50:03.607000,2024-12-31,ZJ,印度（India）,776.5,91.0,7.0,,110.9285714,110.9285714,郑州团队
2024-12-31 18:03:01.325000,2024-12-31,HY,印度（India）,1488.05,263.0,122.0,,12.19713115,12.19713115,郑州团队
2024-12-31 19:11:06.194000,2024-12-31,LYD,印度（India）,1206.7,193.0,43.0,,28.0627907,28.0627907,金边团队
2024-12-31 21:04:36.537000,2024-12-31,WD,印度（India）,308.02,72.0,14.0,,22.00142857,22.00142857,郑州团队
2024-12-31 22:00:31.452000,2024-12-31,HW,印度（India）,2479.87,520.0,117.0,,21.19547009,21.19547009,金边团队
2024-12-31 23:18:37.849000,2024-12-31,SG,印度（India）,6851.25,1024.0,410.0,,16.71036585,16.71036585,郑州团队
2025-01-01 13:44:52.173000,2025-01-31,老郭,印度（India）,242.24,28.0,5.0,,48.448,48.448,深圳团队
2025-01-01 15:14:47.491000,2025-01-30,紫光,印度（India）,270.35,33.0,16.0,,16.896875,16.896875,深圳团队
2025-01-01 21:38:20.466000,2025-01-01,WD,印度（India）,0.0,0.0,0.0,,#DIV/0!,#DIV/0!,郑州团队
2025-01-01 21:53:29.622000,2025-01-01,MY,印度（India）,0.0,0.0,0.0,,#DIV/0!,#DIV/0!,金边团队
2025-01-01 22:03:17.764000,2025-01-01,YJ,印度（India）,0.0,0.0,0.0,,#DIV/0!,#DIV/0!,郑州团队
2025-01-01 23:06:24.126000,2025-01-01,HY,印度（India）,539.41,52.0,20.0,,26.9705,26.9705,郑州团队
2025-01-01 23:07:25.446000,2025-01-01,SG,印度（India）,3575.1,623.0,276.0,,12.95326087,12.95326087,郑州团队
2025-01-01 23:15:10.030000,2025-01-01,ZJ,印度（India）,0.0,0.0,0.0,,#DIV/0!,#DIV/0!,郑州团队
2025-01-02 22:14:16.627000,2025-01-02,WD,印度（India）,2633.87,460.0,118.0,,22.3209322,22.3209322,郑州团队
2025-01-02 22:25:58.337000,2025-01-02,LYD,印度（India）,827.4,108.0,28.0,,29.55,29.55,金边团队
2025-01-02 22:36:21.817000,2025-01-02,HY,印度（India）,864.02,160.0,72.0,,12.00027778,12.00027778,郑州团队
2025-01-02 22:53:06.858000,2025-01-02,MY,印度（India）,2819.37,414.0,125.0,,22.55496,22.55496,金边团队
2025-01-02 23:01:54.104000,2025-01-02,YJ,印度（India）,4635.72,585.0,259.0,,17.89853282,17.89853282,郑州团队
2025-01-02 23:06:04.051000,2025-01-02,YK,印度（India）,3037.44,447.0,174.0,,17.45655172,17.45655172,金边团队
2025-01-02 23:08:34.023000,2025-01-02,ZJ,印度（India）,1193.17,112.0,32.0,,37.2865625,37.2865625,郑州团队
2025-01-02 23:46:20.004000,2025-01-02,HW,印度（India）,1626.6,290.0,78.0,,20.85384615,20.85384615,金边团队
2025-01-03 00:09:57.683000,2025-01-02,SG,印度（India）,3862.25,612.0,273.0,,14.1474359,14.1474359,郑州团队
2025-01-03 19:33:31.163000,2025-01-03,LYD,印度（India）,64.23,6.0,3.0,,21.41,21.41,金边团队
2025-01-03 21:39:19.868000,2025-01-03,WD,印度（India）,0.0,0.0,1.0,,0,0,郑州团队
2025-01-03 22:35:14.404000,2025-01-03,YJ,印度（India）,4671.81,712.0,260.0,,17.9685,17.9685,郑州团队
2025-01-03 22:49:29.130000,2025-01-03,HW,印度（India）,919.23,220.0,38.0,,24.19026316,24.19026316,金边团队
2025-01-03 23:07:42.109000,2025-01-03,YK,印度（India）,866.68,136.0,27.0,,32.09925926,32.09925926,金边团队
2025-01-03 23:10:58.305000,2025-01-03,SG,印度（India）,3167.06,431.0,77.0,,41.13064935,41.13064935,郑州团队
2025-01-03 23:24:31.081000,2025-01-03,HY,印度（India）,7680.58,1110.0,401.0,,19.15356608,19.15356608,郑州团队
2025-01-03 23:45:27.793000,2025-01-03,MY,印度（India）,3587.82,455.0,117.0,,30.66512821,30.66512821,金边团队
2025-01-03 23:52:01.898000,2025-01-03,ZJ,印度（India）,1062.99,225.0,56.0,,18.98196429,18.98196429,郑州团队
2025-01-04 21:59:52.121000,2025-01-04,SG,印度（India）,5195.54,685.0,201.0,,25.84845771,25.84845771,郑州团队
2025-01-04 22:05:19.951000,2025-01-04,HY,印度（India）,5529.78,1125.0,391.0,,14.14265985,14.14265985,郑州团队
2025-01-04 22:07:33.292000,2025-01-04,YK,印度（India）,2498.23,220.0,89.0,,28.07,28.07,金边团队
2025-01-04 22:23:10.082000,2025-01-04,YJ,印度（India）,4777.2,881.0,386.0,,12.3761658,12.3761658,郑州团队
2025-01-04 22:37:34.656000,2025-01-04,WD,印度（India）,1646.78,358.0,106.0,,15.53566038,15.53566038,郑州团队
2025-01-04 22:41:10.938000,2025-01-04,MY,印度（India）,3359.7,446.0,152.0,,22.10328947,22.10328947,金边团队
2025-01-04 23:08:21.230000,2025-01-04,ZJ,印度（India）,2818.35,624.0,179.0,,15.74497207,15.74497207,郑州团队
2025-01-05 00:50:28.344000,2025-01-04,HW,印度（India）,4538.31,700.0,265.0,,17.12569811,17.12569811,金边团队
2025-01-05 22:05:38.665000,2025-01-05,YJ,印度（India）,1283.1,166.0,60.0,,21.385,21.385,郑州团队
2025-01-05 22:05:55.729000,2025-01-05,HY,印度（India）,3940.67,669.0,260.0,,15.15642308,15.15642308,郑州团队
2025-01-05 22:18:00.835000,2025-01-05,WD,印度（India）,3217.71,602.0,185.0,,17.39302703,17.39302703,郑州团队
2025-01-05 22:30:21.815000,2025-01-05,MY,印度（India）,6218.37,1033.0,406.0,,15.31618227,15.31618227,金边团队
2025-01-05 22:31:01.471000,2025-01-05,HW,印度（India）,7128.21,1000.0,529.0,,13.47487713,13.47487713,金边团队
2025-01-05 23:05:52.946000,2025-01-05,SG,印度（India）,999.3,175.0,68.0,,14.69558824,14.69558824,郑州团队
2025-01-05 23:12:20.962000,2025-01-05,ZJ,印度（India）,1725.2,394.0,152.0,,11.35,11.35,郑州团队
2025-01-06 22:14:30.155000,2025-01-06,MY,印度（India）,5672.84,633.0,162.0,,35.01753086,35.01753086,金边团队
2025-01-06 22:20:28.121000,2025-01-06,YK,印度（India）,2061.06,186.0,77.0,,26.76701299,26.76701299,金边团队
2025-01-06 22:45:25.448000,2025-01-06,WD,印度（India）,2527.93,420.0,125.0,,20.22344,20.22344,郑州团队
2025-01-06 22:53:59.396000,2025-01-06,SG,印度（India）,3167.16,489.0,185.0,,17.11978378,17.11978378,郑州团队
2025-01-06 23:07:23.864000,2025-01-06,HY,印度（India）,3345.6,680.0,161.0,,20.78012422,20.78012422,郑州团队
2025-01-06 23:12:02.791000,2025-01-06,ZJ,印度（India）,832.99,146.0,44.0,,18.93159091,18.93159091,郑州团队
2025-01-06 23:24:01.209000,2025-01-06,YJ,印度（India）,5202.59,896.0,264.0,,19.7067803,19.7067803,郑州团队
2025-01-06 23:49:56.789000,2025-01-06,HW,印度（India）,2855.09,541.0,121.0,,23.59578512,23.59578512,金边团队
2025-01-07 19:58:36.404000,2025-01-07,NN,印度（India）,128.19,18.0,0.0,,#DIV/0!,#DIV/0!,金边团队
2025-01-07 21:06:44.678000,2025-01-07,SG,印度（India）,1005.37,143.0,54.0,,18.61796296,18.61796296,郑州团队
2025-01-07 21:19:06.671000,2025-01-07,YK,印度（India）,2199.06,199.0,70.0,,31.41514286,31.41514286,金边团队
2025-01-07 21:25:16.445000,2025-01-07,HY,印度（India）,8586.74,1312.0,418.0,,20.54244019,20.54244019,郑州团队
2025-01-07 21:58:21.618000,2025-01-07,WD,印度（India）,2926.44,483.0,159.0,,18.40528302,18.40528302,郑州团队
2025-01-07 22:28:00.144000,2025-01-07,MY,印度（India）,2429.21,316.0,61.0,,39.82311475,39.82311475,金边团队
2025-01-07 23:17:04.889000,2025-01-07,ZJ,印度（India）,1528.03,184.0,41.0,,37.26902439,37.26902439,郑州团队
2025-01-07 23:26:54.926000,2025-01-07,YJ,印度（India）,8003.8,1490.0,543.0,,14.73996317,14.73996317,郑州团队
2025-01-07 23:41:16.219000,2025-01-07,HW,印度（India）,3437.5,600.0,216.0,,15.91435185,15.91435185,金边团队
2025-01-08 20:47:22.082000,2025-01-08,MY,印度（India）,877.19,129.0,16.0,,54.824375,54.824375,金边团队
2025-01-08 22:05:21.767000,2025-01-08,WD,印度（India）,3892.51,630.0,239.0,,16.28665272,16.28665272,郑州团队
2025-01-08 22:12:23.364000,2025-01-08,HW,印度（India）,3604.67,586.0,143.0,,25.20748252,25.20748252,金边团队
2025-01-08 22:15:10.384000,2025-01-08,YJ,印度（India）,8862.1,1406.0,550.0,,16.11290909,16.11290909,郑州团队
2025-01-08 22:39:23.770000,2025-01-08,SG,印度（India）,3134.82,473.0,183.0,,17.13016393,17.13016393,郑州团队
2025-01-08 23:02:20.845000,2025-01-08,HY,印度（India）,692.51,243.0,76.0,,9.111973684,9.111973684,郑州团队
2025-01-08 23:16:18.464000,2025-01-08,ZJ,印度（India）,320.0,60.0,20.0,,16,16,郑州团队
2025-01-08 23:30:56.456000,2025-01-08,YK,印度（India）,3216.66,470.0,192.0,,16.7534375,16.7534375,金边团队
2025-01-09 21:53:56.866000,2025-01-09,WD,印度（India）,2425.58,343.0,143.0,,16.9620979,16.9620979,郑州团队
2025-01-09 22:29:26.744000,2025-01-09,HY,印度（India）,0.0,0.0,0.0,,#DIV/0!,#DIV/0!,郑州团队
2025-01-09 22:44:06.998000,2025-01-09,HW,印度（India）,1145.0,280.0,63.0,,18.17460317,18.17460317,金边团队
2025-01-09 22:48:44.657000,2025-01-09,MY,印度（India）,1492.69,240.0,74.0,,20.17148649,20.17148649,金边团队
2025-01-09 22:59:35.586000,2025-01-09,SG,印度（India）,3455.17,589.0,232.0,,14.89297414,14.89297414,郑州团队
2025-01-09 23:04:57.264000,2025-01-09,LYD,印度（India）,65.49,10.0,2.0,,32.745,32.745,金边团队
2025-01-09 23:05:10.104000,2025-01-09,NN,印度（India）,5.19,2.0,0.0,,#DIV/0!,#DIV/0!,金边团队
2025-01-09 23:05:49.412000,2025-01-09,LYD,意大利（Italy),0.0,0.0,0.0,,#DIV/0!,#DIV/0!,金边团队
2025-01-09 23:12:18.159000,2025-01-09,YK,印度（India）,3290.88,445.0,181.0,,18.18165746,18.18165746,金边团队
2025-01-09 23:27:23.643000,2025-01-09,YJ,印度（India）,9200.39,1437.0,523.0,,17.59156788,17.59156788,郑州团队
2025-01-10 20:19:46.484000,2025-01-10,NN,印度（India）,159.59,26.0,0.0,,#DIV/0!,#DIV/0!,金边团队
2025-01-10 21:49:59.647000,2025-01-10,HW,印度（India）,226.15,50.0,23.0,,9.832608696,9.832608696,金边团队
2025-01-10 21:53:49.618000,2025-01-10,WD,印度（India）,674.8,91.0,22.0,,30.67272727,30.67272727,郑州团队
2025-01-10 22:11:37.064000,2025-01-10,MY,印度（India）,2024.05,282.0,79.0,,25.62088608,25.62088608,金边团队
2025-01-10 22:29:49.048000,2025-01-10,SG,印度（India）,5011.82,741.0,273.0,,18.35831502,18.35831502,郑州团队
2025-01-10 22:30:16.238000,2025-01-10,HY,印度（India）,0.0,0.0,0.0,,#DIV/0!,#DIV/0!,郑州团队
2025-01-10 23:11:06.111000,2025-01-10,YK,印度（India）,2808.47,386.0,174.0,,16.14063218,16.14063218,金边团队
2025-01-10 23:14:52.198000,2025-01-10,YJ,印度（India）,5996.92,811.0,337.0,,17.79501484,17.79501484,郑州团队
2025-01-11 00:21:17.723000,2025-01-10,LYD,印度（India）,58.37,7.0,1.0,,58.37,58.37,金边团队
2025-01-11 00:46:06.824000,2025-01-10,YK,德国（Germany）,489.28,10.0,4.0,,122.32,122.32,金边团队
2025-01-11 09:16:30.869000,2025-01-10,LYD,意大利（Italy),59.17,0.0,0.0,,#DIV/0!,#DIV/0!,金边团队
2025-01-11 20:03:00.781000,2025-01-11,YJ,印度（India）,1632.05,216.0,58.0,,28.1387931,28.1387931,郑州团队
2025-01-11 21:39:02.715000,2025-01-11,WD,印度（India）,0.0,0.0,0.0,,#DIV/0!,#DIV/0!,郑州团队
2025-01-11 22:05:40.018000,2025-01-11,NN,印度（India）,32.71,11.0,0.0,,#DIV/0!,#DIV/0!,金边团队
2025-01-11 22:24:47.399000,2025-01-11,YK,印度（India）,2999.79,365.0,162.0,,18.51722222,18.51722222,金边团队
2025-01-11 22:25:16.527000,2025-01-11,MY,印度（India）,4431.15,683.0,309.0,,14.34029126,14.34029126,金边团队
2025-01-11 23:23:29.766000,2025-01-11,HY,印度（India）,3565.88,566.0,207.0,,17.22647343,17.22647343,郑州团队
2025-01-11 23:35:17.298000,2025-01-11,SG,印度（India）,2156.17,379.0,101.0,,21.34821782,21.34821782,郑州团队
2025-01-12 00:15:40.295000,2025-01-11,HW,印度（India）,4689.2,1000.0,440.0,,10.65727273,10.65727273,金边团队
2025-01-12 20:47:38.889000,2025-01-12,YJ,印度（India）,0.0,0.0,0.0,,#DIV/0!,#DIV/0!,郑州团队
2025-01-12 20:51:47.542000,2025-01-12,WD,印度（India）,0.0,0.0,0.0,,#DIV/0!,#DIV/0!,郑州团队
2025-01-12 21:38:04.502000,2025-01-12,HY,印度（India）,1447.91,237.0,160.0,,9.0494375,9.0494375,郑州团队
2025-01-12 22:44:20.897000,2025-01-12,HW,印度（India）,8041.85,1700.0,884.0,,9.097115385,9.097115385,金边团队
2025-01-12 23:18:55.893000,2025-01-12,MY,印度（India）,5140.5,764.0,355.0,,14.48028169,14.48028169,金边团队
2025-01-13 21:42:22.432000,2025-01-13,SG,印度（India）,2068.24,345.0,120.0,,17.23533333,17.23533333,郑州团队
2025-01-13 21:51:36.694000,2025-01-13,WD,印度（India）,0.0,0.0,0.0,,#DIV/0!,#DIV/0!,郑州团队
2025-01-13 22:20:34.315000,2025-01-13,YJ,印度（India）,772.82,102.0,34.0,,22.73,22.73,郑州团队
2025-01-13 23:01:13.122000,2025-01-13,MY,印度（India）,4980.94,726.0,326.0,,15.27895706,15.27895706,金边团队
2025-01-13 23:11:12.710000,2025-01-13,NN,印度（India）,154.41,18.0,0.0,,#DIV/0!,#DIV/0!,金边团队
2025-01-14 01:03:35.516000,2025-01-13,HY,印度（India）,4103.94,554.0,185.0,,22.18345946,22.18345946,郑州团队
2025-01-14 10:02:44.714000,2025-01-13,HW,印度（India）,6678.49,1100.0,347.0,,19.24636888,19.24636888,金边团队
2025-01-14 21:26:17.148000,2025-01-14,SG,印度（India）,2257.87,342.0,103.0,,21.92106796,21.92106796,郑州团队
2025-01-14 21:42:29.616000,2025-01-14,YK,印度（India）,583.66,59.0,23.0,,25.37652174,25.37652174,金边团队
2025-01-14 21:50:56.456000,2025-01-14,LYD,印度（India）,248.54,32.0,26.0,,9.559230769,9.559230769,金边团队
2025-01-14 22:03:09.884000,2025-01-14,WD,印度（India）,193.35,19.0,10.0,,19.335,19.335,郑州团队
2025-01-14 22:12:08.143000,2025-01-14,YJ,印度（India）,3861.72,508.0,161.0,,23.98583851,23.98583851,郑州团队
2025-01-14 22:15:07.617000,2025-01-14,HW,印度（India）,4683.58,1000.0,410.0,,11.42336585,11.42336585,金边团队
2025-01-14 22:36:41.251000,2025-01-14,HY,印度（India）,3374.78,384.0,100.0,,33.7478,33.7478,郑州团队
2025-01-14 22:49:01.621000,2025-01-14,ZJ,印度（India）,38.32,2.0,2.0,,19.16,19.16,郑州团队
2025-01-14 22:53:28.591000,2025-01-14,MY,印度（India）,4777.24,680.0,289.0,,16.53024221,16.53024221,金边团队
2025-01-15 21:48:24.179000,2025-01-15,HY,印度（India）,3426.74,353.0,142.0,,24.13197183,24.13197183,郑州团队
2025-01-15 22:03:38.381000,2025-01-15,WD,印度（India）,0.0,0.0,0.0,,#DIV/0!,#DIV/0!,郑州团队
2025-01-15 22:08:14.968000,2025-01-15,YK,印度（India）,1113.83,80.0,36.0,,30.93972222,30.93972222,金边团队
2025-01-15 22:14:09.252000,2025-01-15,YJ,印度（India）,2987.04,445.0,125.0,,23.89632,23.89632,郑州团队
2025-01-15 22:15:26.602000,2025-01-15,TT,印度（India）,3.72,0.0,0.0,,#DIV/0!,#DIV/0!,
2025-01-15 22:17:15.278000,2025-01-15,MY,印度（India）,3020.05,471.0,156.0,,19.35929487,19.35929487,金边团队
2025-01-15 22:19:44.889000,2025-01-15,LYD,印度（India）,241.5,20.0,5.0,,48.3,48.3,金边团队
2025-01-15 22:38:08.220000,2025-01-15,ZJ,印度（India）,478.82,87.0,22.0,,21.76454545,21.76454545,郑州团队
2025-01-15 22:41:52.263000,2025-01-15,NN,印度（India）,23.08,5.0,0.0,,#DIV/0!,#DIV/0!,金边团队
2025-01-15 22:49:05.141000,2025-01-15,SG,印度（India）,5581.21,894.0,330.0,,16.91275758,16.91275758,郑州团队
2025-01-15 23:28:35.264000,2025-01-15,HW,印度（India）,8568.8,1545.0,608.0,,14.09342105,14.09342105,金边团队
2025-01-16 10:54:45.255000,2025-01-15,LYD,意大利（Italy),240.46,7.0,4.0,,60.115,60.115,金边团队
2025-01-16 21:07:43.885000,2025-01-16,WD,印度（India）,11.53,1.0,0.0,,#DIV/0!,#DIV/0!,郑州团队
2025-01-16 21:35:49.011000,2025-01-16,NN,印度（India）,33.28,10.0,0.0,,#DIV/0!,#DIV/0!,金边团队
2025-01-16 21:45:58.319000,2025-01-16,TT,印度（India）,1.41,0.0,0.0,,#DIV/0!,#DIV/0!,
2025-01-16 22:34:13.672000,2025-01-16,YK,印度（India）,350.1984999999986,40.0,3.0,,116.7328333,116.7328333,金边团队
2025-01-16 22:41:22.331000,2025-01-16,MY,印度（India）,3914.21,567.0,197.0,,19.86908629,19.86908629,金边团队
2025-01-16 22:42:07.162000,2025-01-16,YJ,印度（India）,1528.86,210.0,34.0,,44.96647059,44.96647059,郑州团队
2025-01-16 23:04:25.536000,2025-01-16,HW,印度（India）,6183.85,800.0,320.0,,19.32453125,19.32453125,金边团队
2025-01-16 23:16:38.262000,2025-01-16,ZJ,印度（India）,198.4,30.0,5.0,,39.68,39.68,郑州团队
2025-01-16 23:36:03.153000,2025-01-16,HY,印度（India）,2927.21,449.0,149.0,,19.6457047,19.6457047,郑州团队
2025-01-17 00:32:04.296000,2025-01-16,SG,印度（India）,680.0,0.0,60.0,,11.33333333,11.33333333,郑州团队
2025-01-17 11:09:56.127000,2025-01-16,LYD,意大利（Italy),122.59,3.0,15.0,,8.172666667,8.172666667,金边团队
2025-01-17 20:54:49.714000,2025-01-17,HY,印度（India）,2765.82,433.0,149.0,,18.56255034,18.56255034,郑州团队
2025-01-17 21:25:31.843000,2025-01-17,YJ,印度（India）,244.71,20.0,5.0,,48.942,48.942,郑州团队
2025-01-17 21:57:50.467000,2025-01-17,WD,印度（India）,4.11,2.0,0.0,,#DIV/0!,#DIV/0!,郑州团队
2025-01-17 22:15:15.449000,2025-01-17,MY,印度（India）,2644.8,350.0,137.0,,19.30510949,19.30510949,金边团队
2025-01-17 22:38:51.103000,2025-01-17,ZJ,印度（India）,2356.14,353.0,101.0,,23.32811881,23.32811881,郑州团队
2025-01-17 22:59:48.866000,2025-01-17,YK,印度（India）,129.12,15.0,2.0,,64.56,64.56,金边团队
2025-01-17 23:13:47.016000,2025-01-17,HW,印度（India）,4344.58,780.0,207.0,,20.98830918,20.98830918,金边团队
2025-01-18 00:11:19.138000,2025-01-17,SG,印度（India）,0.0,0.0,0.0,,#DIV/0!,#DIV/0!,郑州团队
2025-01-18 10:23:39.815000,2025-01-17,LYD,意大利（Italy),55.77,2.0,2.0,,27.885,27.885,金边团队
2025-01-18 11:27:20.696000,2025-01-17,NN,印度（India）,611.52,92.0,0.0,,#DIV/0!,#DIV/0!,金边团队
2025-01-18 19:47:12.196000,2025-01-18,HY,印度（India）,8208.79,1436.0,463.0,,17.72956803,17.72956803,郑州团队
2025-01-18 21:14:48.041000,2025-01-18,WD,印度（India）,48.75,9.0,0.0,,#DIV/0!,#DIV/0!,郑州团队
2025-01-18 22:34:33.662000,2025-01-18,SG,印度（India）,324.9,48.0,13.0,,24.99230769,24.99230769,郑州团队
2025-01-18 22:46:03.997000,2025-01-18,HW,印度（India）,4580.67,916.0,369.0,,12.41373984,12.41373984,金边团队
2025-01-18 22:59:07.744000,2025-01-18,NN,印度（India）,1414.87,237.0,0.0,,#DIV/0!,#DIV/0!,金边团队
2025-01-18 23:03:50.403000,2025-01-18,YJ,印度（India）,2954.65,510.0,177.0,,16.69293785,16.69293785,郑州团队
2025-01-18 23:36:35.675000,2025-01-18,MY,印度（India）,2941.34,461.0,97.0,,30.32309278,30.32309278,金边团队
2025-01-18 23:57:42.382000,2025-01-18,ZJ,印度（India）,5567.05,982.0,322.0,,17.28897516,17.28897516,郑州团队
2025-01-19 21:58:41.226000,2025-01-19,WD,印度（India）,48.85,8.0,0.0,,#DIV/0!,#DIV/0!,郑州团队
2025-01-19 22:56:10.772000,2025-01-19,MY,印度（India）,1096.37,209.0,64.0,,17.13078125,17.13078125,金边团队
2025-01-19 23:14:48.161000,2025-01-19,YJ,印度（India）,2361.67,322.0,103.0,,22.92883495,22.92883495,郑州团队
2025-01-19 23:41:28.736000,2025-01-19,NN,印度（India）,6073.35,914.0,0.0,,#DIV/0!,#DIV/0!,金边团队
2025-01-20 00:01:35.606000,2025-01-19,HW,印度（India）,3162.89,700.0,202.0,,15.65787129,15.65787129,金边团队
2025-01-20 00:24:43.092000,2025-01-19,ZJ,印度（India）,5594.41,1204.0,401.0,,13.95114713,13.95114713,郑州团队
2025-01-20 00:28:41.768000,2025-01-19,HY,印度（India）,2568.8,463.0,376.0,,6.831914894,6.831914894,郑州团队
2025-01-20 00:40:18.901000,2025-01-19,SG,印度（India）,4841.08,837.0,367.0,,13.19095368,13.19095368,郑州团队
2025-01-20 19:50:33.899000,2025-01-20,LYD,印度（India）,371.79,72.0,23.0,,16.16478261,16.16478261,金边团队
2025-01-20 20:48:23.048000,2025-01-20,YJ,印度（India）,0.0,0.0,0.0,,#DIV/0!,#DIV/0!,郑州团队
2025-01-20 21:14:09.375000,2025-01-20,MY,印度（India）,1905.43,349.0,115.0,,16.56895652,16.56895652,金边团队
2025-01-20 21:17:11.814000,2025-01-20,WD,印度（India）,0.0,0.0,0.0,,#DIV/0!,#DIV/0!,郑州团队
2025-01-20 21:40:00.587000,2025-01-20,HY,印度（India）,3806.18,651.0,219.0,,17.37981735,17.37981735,郑州团队
2025-01-20 22:07:31.199000,2025-01-20,NN,印度（India）,3571.16,520.0,150.0,,23.80773333,23.80773333,金边团队
2025-01-20 23:36:59.387000,2025-01-20,TT,印度（India）,0.82,0.0,0.0,,#DIV/0!,#DIV/0!,
2025-01-20 23:38:28.550000,2025-01-20,SG,印度（India）,2099.54,364.0,116.0,,18.09948276,18.09948276,郑州团队
2025-01-21 00:25:41.297000,2025-01-20,HW,印度（India）,6694.3,1300.0,330.0,,20.28575758,20.28575758,金边团队
2025-01-21 12:24:42.441000,2025-01-20,ZJ,印度（India）,4991.25,163.0,532.0,,9.382048872,9.382048872,郑州团队
2025-01-21 12:30:37.495000,2025-01-20,LYD,意大利（Italy),66.73,3.0,1.0,,66.73,66.73,金边团队
2025-01-21 12:31:09.917000,2025-01-20,YK,意大利（Italy),225.97,10.0,0.0,,#DIV/0!,#DIV/0!,金边团队
2025-01-21 21:54:53.510000,2025-01-21,SG,印度（India）,1024.16,184.0,82.0,,12.4897561,12.4897561,郑州团队
2025-01-21 22:02:17.412000,2025-01-21,WD,印度（India）,360.87,35.0,13.0,,27.75923077,27.75923077,郑州团队
2025-01-21 22:11:13.199000,2025-01-21,ZJ,印度（India）,3182.6,531.0,172.0,,18.50348837,18.50348837,郑州团队
2025-01-21 22:16:35.639000,2025-01-21,HY,印度（India）,2747.87,473.0,154.0,,17.84331169,17.84331169,郑州团队
2025-01-21 22:28:58.618000,2025-01-21,MY,印度（India）,3130.05,513.0,209.0,,14.97631579,14.97631579,金边团队
2025-01-21 22:29:19.188000,2025-01-21,NN,印度（India）,3731.72,591.0,170.0,,21.95129412,21.95129412,金边团队
2025-01-21 22:52:55.189000,2025-01-21,YJ,印度（India）,4105.65,574.0,186.0,,22.0733871,22.0733871,郑州团队
2025-01-21 23:37:42.972000,2025-01-21,YK,印度（India）,594.68,121.0,45.0,,13.21511111,13.21511111,金边团队
2025-01-21 23:37:51.253000,2025-01-21,TT,印度（India）,444.75,55.0,21.0,,21.17857143,21.17857143,
2025-01-21 23:39:10.401000,2025-01-21,LYD,印度（India）,954.09,143.0,53.0,,18.00169811,18.00169811,金边团队
2025-01-22 00:22:52.942000,2025-01-21,HW,印度（India）,4278.81,700.0,276.0,,15.50293478,15.50293478,金边团队
2025-01-22 02:59:08.862000,2025-01-21,YK,意大利（Italy),863.74,23.0,2.0,,431.87,431.87,金边团队
2025-01-22 11:39:18.270000,2025-01-21,LYD,意大利（Italy),334.69,11.0,2.0,,167.345,167.345,金边团队
2025-01-22 17:37:37.507000,2025-01-22,MY,印度（India）,863.67,128.0,46.0,,18.77543478,18.77543478,金边团队
2025-01-22 19:40:05.197000,2025-01-22,HY,印度（India）,3222.97,461.0,161.0,,20.0184472,20.0184472,郑州团队
2025-01-22 21:32:38.688000,2025-01-22,SG,印度（India）,1881.11,268.0,106.0,,17.74632075,17.74632075,郑州团队
2025-01-22 21:46:25.586000,2025-01-22,WD,印度（India）,1622.46,130.0,20.0,,81.123,81.123,郑州团队
2025-01-22 21:51:27.280000,2025-01-22,HW,印度（India）,3595.12,700.0,269.0,,13.36475836,13.36475836,金边团队
2025-01-22 22:00:03.520000,2025-01-22,YJ,印度（India）,148.85,30.0,11.0,,13.53181818,13.53181818,郑州团队
2025-01-22 22:04:44.054000,2025-01-22,YK,印度（India）,227.68,37.0,13.0,,17.51384615,17.51384615,金边团队
2025-01-22 22:45:57.878000,2025-01-22,NN,印度（India）,1281.76,124.0,55.0,,23.30472727,23.30472727,金边团队
2025-01-22 23:21:34.794000,2025-01-22,LYD,印度（India）,2143.05,336.0,85.0,,25.21235294,25.21235294,金边团队
2025-01-23 00:39:12.279000,2025-01-22,TT,印度（India）,751.17,97.0,25.0,,30.0468,30.0468,
2025-01-23 03:53:15.576000,2025-01-22,YK,意大利（Italy),540.5899999999999,16.0,1.0,,540.59,540.59,金边团队
2025-01-23 13:12:07.778000,2025-01-22,LYD,意大利（Italy),234.82,12.0,2.0,,117.41,117.41,金边团队
2025-01-23 13:28:54.487000,2025-01-22,ZJ,印度（India）,721.01,103.0,42.0,,17.16690476,17.16690476,郑州团队
2025-01-23 21:16:19.728000,2025-01-23,YJ,印度（India）,1682.23,285.0,90.0,,18.69144444,18.69144444,郑州团队
2025-01-23 22:05:40.140000,2025-01-23,WD,印度（India）,2903.4,354.0,133.0,,21.83007519,21.83007519,郑州团队
2025-01-23 22:20:36.028000,2025-01-23,SG,印度（India）,5535.03,1024.0,406.0,,13.63307882,13.63307882,郑州团队
2025-01-23 22:36:24.938000,2025-01-23,MY,印度（India）,2170.35,408.0,208.0,,10.434375,10.434375,金边团队
2025-01-23 23:34:12.197000,2025-01-23,NN,印度（India）,2548.54,369.0,55.0,,46.33709091,46.33709091,金边团队
2025-01-23 23:34:12.405000,2025-01-23,TT,印度（India）,1463.87,162.0,23.0,,63.64652174,63.64652174,
2025-01-23 23:36:14.774000,2025-01-23,ZJ,印度（India）,1509.47,293.0,101.0,,14.94524752,14.94524752,郑州团队
2025-01-23 23:50:38.357000,2025-01-23,LYD,印度（India）,1212.01,184.0,26.0,,46.61576923,46.61576923,金边团队
2025-01-23 23:52:30.013000,2025-01-23,HY,印度（India）,3869.7,571.0,308.0,,12.56396104,12.56396104,郑州团队
2025-01-24 10:19:26.447000,2025-01-23,HW,印度（India）,3991.54,700.0,274.0,,14.56766423,14.56766423,金边团队
2025-01-24 21:29:49.761000,2025-01-24,WD,印度（India）,1217.92,97.0,60.0,,20.29866667,20.29866667,郑州团队
2025-01-24 22:08:06.588000,2025-01-24,YJ,印度（India）,3281.48,526.0,188.0,,17.45468085,17.45468085,郑州团队
2025-01-24 22:13:26.452000,2025-01-24,LYD,印度（India）,1.98,0.0,0.0,,#DIV/0!,#DIV/0!,金边团队
2025-01-24 22:37:57.993000,2025-01-24,TT,印度（India）,621.3,50.0,14.0,,44.37857143,44.37857143,
2025-01-24 23:22:56.057000,2025-01-24,SG,印度（India）,3405.11,534.0,206.0,,16.52966019,16.52966019,郑州团队
2025-01-24 23:34:55.249000,2025-01-24,MY,印度（India）,3071.56,523.0,269.0,,11.41843866,11.41843866,金边团队
2025-01-24 23:37:35.888000,2025-01-24,HY,印度（India）,2377.12,322.0,140.0,,16.97942857,16.97942857,郑州团队
2025-01-24 23:38:28.237000,2025-01-24,NN,印度（India）,2316.42,410.0,94.0,,24.64276596,24.64276596,金边团队
2025-01-24 23:39:08.946000,2025-01-24,ZJ,印度（India）,1699.65,298.0,119.0,,14.28277311,14.28277311,郑州团队
2025-01-25 11:38:07.886000,2025-01-24,HW,印度（India）,5407.64,1000.0,402.0,,13.4518408,13.4518408,金边团队
2025-01-25 19:08:38.452000,2025-01-25,YJ,印度（India）,1139.03,235.0,79.0,,14.41810127,14.41810127,郑州团队
2025-01-25 21:29:57.534000,2025-01-25,WD,印度（India）,149.2,21.0,5.0,,29.84,29.84,郑州团队
2025-01-25 22:39:59.730000,2025-01-25,TT,印度（India）,2507.36,288.0,82.0,,30.57756098,30.57756098,
2025-01-26 04:07:18.211000,2025-01-25,MY,印度（India）,4155.16,945.0,598.0,,6.948428094,6.948428094,金边团队
2025-01-26 13:22:44.595000,2025-01-25,HW,印度（India）,3446.828499999999,700.0,281.0,,12.26629359,12.26629359,金边团队
2025-01-26 14:22:56.958000,2025-01-25,LYD,印度（India）,1465.69,182.0,44.0,,33.31113636,33.31113636,金边团队
2025-01-26 15:42:08.636000,2025-01-25,SG,印度（India）,4326.77,781.0,360.0,,12.01880556,12.01880556,郑州团队
2025-01-26 15:50:02.435000,2025-01-25,ZJ,印度（India）,4800.69,1031.0,301.0,,15.94913621,15.94913621,郑州团队
2025-01-26 15:55:21.567000,2025-01-25,HY,印度（India）,2158.97,396.0,175.0,,12.33697143,12.33697143,郑州团队
2025-01-26 15:57:17.254000,2025-01-25,NN,印度（India）,1114.92,248.0,61.0,,18.27737705,18.27737705,金边团队
2025-01-26 17:26:08.348000,2025-01-25,YK,印度（India）,11.18,2.0,1.0,,11.18,11.18,金边团队
2025-01-26 20:18:32.195000,2025-01-26,YJ,印度（India）,0.0,0.0,0.0,,#DIV/0!,#DIV/0!,郑州团队
2025-01-26 22:58:38.991000,2025-01-26,SG,印度（India）,4074.63,843.0,503.0,,8.100656064,8.100656064,郑州团队
2025-01-26 23:00:19.580000,2025-01-26,MY,印度（India）,5814.76,1003.0,674.0,,8.627240356,8.627240356,金边团队
2025-01-27 00:31:16.149000,2025-01-26,LYD,印度（India）,350.5100000000005,67.0,23.0,,15.23956522,15.23956522,金边团队
2025-01-27 00:34:36.007000,2025-01-26,TT,印度（India）,1682.27,227.0,79.0,,21.29455696,21.29455696,
2025-01-27 11:10:40.627000,2025-01-26,HW,印度（India）,3901.3142499999967,600.0,271.0,,14.39599354,14.39599354,金边团队
2025-01-27 19:52:52.279000,2025-01-27,TT,印度（India）,438.93,37.0,12.0,,36.5775,36.5775,
2025-01-27 21:03:20.975000,2025-01-27,YJ,印度（India）,0.0,0.0,0.0,,#DIV/0!,#DIV/0!,郑州团队
2025-01-27 22:05:04.208000,2025-01-27,YK,印度（India）,848.95,145.0,58.0,,14.63706897,14.63706897,金边团队
2025-01-27 22:12:54.433000,2025-01-27,WD,印度（India）,0.0,0.0,0.0,,#DIV/0!,#DIV/0!,郑州团队
2025-01-27 22:13:09.975000,2025-01-26,WD,印度（India）,0.0,0.0,0.0,,#DIV/0!,#DIV/0!,郑州团队
2025-01-27 22:38:18.945000,2025-01-27,SG,印度（India）,10957.37,2365.0,1036.0,,10.57661197,10.57661197,郑州团队
2025-01-28 00:32:58.712000,2025-01-26,ZJ,印度（India）,2942.74,522.0,180.0,,16.34855556,16.34855556,郑州团队
2025-01-28 00:40:57.887000,2025-01-27,HW,印度（India）,1123.88,300.0,61.0,,18.4242623,18.4242623,金边团队
2025-01-28 01:05:44.897000,2025-01-27,MY,印度（India）,5051.77,802.0,505.0,,10.00350495,10.00350495,金边团队
2025-01-28 05:12:41.790000,2025-01-27,HY,印度（India）,0.0,0.0,0.0,,#DIV/0!,#DIV/0!,郑州团队
2025-01-28 19:13:37.395000,2025-01-28,HY,印度（India）,5113.25,741.0,285.0,,17.94122807,17.94122807,郑州团队
2025-01-28 22:23:04.229000,2025-01-28,YJ,印度（India）,286.83,57.0,17.0,,16.87235294,16.87235294,郑州团队
2025-01-28 22:30:24.962000,2025-01-28,YK,印度（India）,2218.24,282.0,129.0,,17.19565891,17.19565891,金边团队
2025-01-28 22:32:50.288000,2025-01-28,SG,印度（India）,39511.33,6875.0,3089.0,,12.79097766,12.79097766,郑州团队
2025-01-28 22:40:24.377000,2025-01-28,MY,印度（India）,2057.84,321.0,181.0,,11.36928177,11.36928177,金边团队
2025-01-28 22:44:54.333000,2025-01-28,HW,印度（India）,3676.95,620.0,291.0,,12.63556701,12.63556701,金边团队
2025-01-28 23:00:45.028000,2025-01-28,WD,印度（India）,0.0,0.0,0.0,,#DIV/0!,#DIV/0!,郑州团队
2025-01-29 04:36:31.626000,2025-01-28,ZJ,印度（India）,3352.78,496.0,148.0,,22.65391892,22.65391892,郑州团队
2025-01-29 20:42:55.175000,2025-01-29,MY,印度（India）,2330.31,336.0,200.0,,11.65155,11.65155,金边团队
2025-01-29 21:44:19.775000,2025-01-29,NN,印度（India）,1691.34,202.0,0.0,,#DIV/0!,#DIV/0!,金边团队
2025-01-29 22:12:53.158000,2025-01-29,YJ,印度（India）,1825.44,283.0,108.0,,16.90222222,16.90222222,郑州团队
2025-01-29 22:22:32.529000,2025-01-29,WD,印度（India）,0.0,0.0,0.0,,#DIV/0!,#DIV/0!,郑州团队
2025-01-29 22:48:00.004000,2025-01-29,SG,印度（India）,15045.91,1784.0,389.0,,38.67843188,38.67843188,郑州团队
2025-01-29 22:49:08.204000,2025-01-29,YK,印度（India）,2997.2,368.0,214.0,,14.00560748,14.00560748,金边团队
2025-01-29 22:49:37.410000,2025-01-29,HW,印度（India）,4354.25,700.0,279.0,,15.60663082,15.60663082,金边团队
2025-01-29 23:53:31.146000,2025-01-29,ZJ,印度（India）,1536.55,213.0,66.0,,23.28106061,23.28106061,郑州团队
2025-01-30 02:10:56.967000,2025-01-29,HY,印度（India）,1425.85,292.0,103.0,,13.84320388,13.84320388,郑州团队
2025-01-30 19:20:50.925000,2025-01-30,YJ,印度（India）,472.13,80.0,20.0,,23.6065,23.6065,郑州团队
2025-01-30 20:54:28.585000,2025-01-30,YK,意大利（Italy),741.03,0.0,0.0,,#DIV/0!,#DIV/0!,金边团队
2025-01-30 22:01:44.337000,2025-01-30,MY,印度（India）,1055.3,153.0,65.0,,16.23538462,16.23538462,金边团队
2025-01-30 22:38:27.678000,2025-01-30,SG,印度（India）,4013.65,851.0,412.0,,9.741868932,9.741868932,郑州团队
2025-01-30 22:57:28.654000,2025-01-30,NN,印度（India）,1061.44,120.0,0.0,,#DIV/0!,#DIV/0!,金边团队
2025-01-30 22:59:00.203000,2025-01-30,WD,印度（India）,0.0,0.0,0.0,,#DIV/0!,#DIV/0!,郑州团队
2025-01-30 23:01:00.079000,2025-01-30,YK,印度（India）,1076.93,289.0,132.0,,8.158560606,8.158560606,金边团队
2025-01-30 23:15:20.143000,2025-01-30,LYD,印度（India）,704.9,76.0,10.0,,70.49,70.49,金边团队
2025-01-30 23:48:47.177000,2025-01-30,HW,印度（India）,6228.84,1130.0,411.0,,15.15532847,15.15532847,金边团队
2025-01-31 04:28:16.977000,2025-01-30,ZJ,印度（India）,221.6,58.0,10.0,,22.16,22.16,郑州团队
2025-01-31 10:26:59.252000,2025-01-30,HY,印度（India）,4747.89,712.0,271.0,,17.5198893,17.5198893,郑州团队
2025-01-31 18:52:35.216000,2025-01-31,HW,印度（India）,1791.22,298.0,95.0,,18.85494737,18.85494737,金边团队
2025-01-31 18:54:14.431000,2025-01-31,HY,印度（India）,12.37,0.0,0.0,,#DIV/0!,#DIV/0!,郑州团队
2025-01-31 19:04:04.336000,2025-01-31,SG,印度（India）,3670.98,584.0,226.0,,16.24327434,16.24327434,郑州团队
2025-01-31 20:03:53.370000,2025-01-31,YJ,印度（India）,0.0,0.0,0.0,,#DIV/0!,#DIV/0!,郑州团队
2025-01-31 21:10:12.156000,2025-01-31,YK,印度（India）,807.52,230.0,142.0,,5.686760563,5.686760563,金边团队
2025-01-31 21:19:48.798000,2025-01-31,NN,印度（India）,1409.0,220.0,0.0,,#DIV/0!,#DIV/0!,金边团队
2025-01-31 21:52:27.591000,2025-01-31,LYD,印度（India）,25.97,0.0,0.0,,#DIV/0!,#DIV/0!,金边团队
2025-01-31 22:13:44.693000,2025-01-31,LYD,意大利（Italy),12.04,0.0,0.0,,#DIV/0!,#DIV/0!,金边团队
2025-01-31 22:23:54.656000,2025-01-31,WD,印度（India）,241.47,30.0,19.0,,12.70894737,12.70894737,郑州团队
2025-01-31 23:02:53.474000,2025-01-31,YK,德国（Germany）,12.4,0.0,0.0,,#DIV/0!,#DIV/0!,金边团队
2025-02-01 21:51:23.638000,2025-02-01,WD,印度（India）,16.27,0.0,0.0,,#DIV/0!,#DIV/0!,郑州团队
2025-02-01 21:52:55.717000,2025-02-01,YK,印度（India）,5891.48,1068.0,411.0,,14.33450122,14.33450122,金边团队
2025-02-01 22:28:15.418000,2025-02-01,HY,印度（India）,0.0,0.0,0.0,,#DIV/0!,#DIV/0!,郑州团队
2025-02-01 22:33:32.687000,2025-02-01,YJ,印度（India）,793.43,170.0,80.0,,9.917875,9.917875,郑州团队
2025-02-01 22:52:40.918000,2025-02-01,HW,印度（India）,2182.34,360.0,170.0,,12.83729412,12.83729412,金边团队
2025-02-01 23:28:40.253000,2025-02-01,SG,印度（India）,3739.68,689.0,320.0,,11.6865,11.6865,郑州团队
2025-02-02 19:55:39.811000,2025-02-02,HY,印度（India）,3449.49,582.0,228.0,,15.12934211,15.12934211,郑州团队
2025-02-02 22:09:17.261000,2025-02-02,YK,印度（India）,4050.22,620.0,202.0,,20.05059406,20.05059406,金边团队
2025-02-02 22:17:20.762000,2025-02-02,YJ,印度（India）,2876.5207499999983,470.0,234.0,,12.29282372,12.29282372,郑州团队
2025-02-02 22:26:59.895000,2025-02-02,WD,印度（India）,0.0,0.0,0.0,,#DIV/0!,#DIV/0!,郑州团队
2025-02-02 22:27:50.526000,2025-02-02,SG,印度（India）,6773.07,1253.0,560.0,,12.09476786,12.09476786,郑州团队
2025-02-02 22:31:37.208000,2025-02-02,HW,印度（India）,2172.83,450.0,218.0,,9.967110092,9.967110092,金边团队
2025-02-02 22:32:48.565000,2025-02-02,LYD,印度（India）,191.22,57.0,10.0,,19.122,19.122,金边团队
2025-02-02 23:39:45.524000,2025-02-02,ZJ,印度（India）,3372.61,570.0,200.0,,16.86305,16.86305,郑州团队
2025-02-03 22:21:47.911000,2025-02-03,WD,印度（India）,557.76,52.0,16.0,,34.86,34.86,郑州团队
2025-02-03 22:35:09.537000,2025-02-03,SG,印度（India）,3370.97,575.0,266.0,,12.67281955,12.67281955,郑州团队
2025-02-03 22:46:34.967000,2025-02-03,YK,印度（India）,2000.38,388.0,122.0,,16.39655738,16.39655738,金边团队
2025-02-03 22:47:47.835000,2025-02-03,MY,印度（India）,1422.93,258.0,128.0,,11.11664063,11.11664063,金边团队
2025-02-03 22:57:23.806000,2025-02-03,ZJ,印度（India）,1873.54,232.0,80.0,,23.41925,23.41925,郑州团队
2025-02-03 22:59:29.074000,2025-02-03,LYD,印度（India）,534.72,120.0,28.0,,19.09714286,19.09714286,金边团队
2025-02-03 23:04:02.191000,2025-02-03,TT,印度（India）,986.3,112.0,27.0,,36.52962963,36.52962963,
2025-02-03 23:06:35.610000,2025-02-03,YJ,印度（India）,4403.55,767.0,278.0,,15.84010791,15.84010791,郑州团队
2025-02-03 23:16:41.702000,2025-02-03,HW,印度（India）,3571.26,570.0,227.0,,15.73242291,15.73242291,金边团队
2025-02-03 23:31:14.600000,2025-02-03,HY,印度（India）,4155.83,676.0,261.0,,15.92272031,15.92272031,郑州团队
2025-02-04 21:23:35.560000,2025-02-04,SG,印度（India）,1331.74,231.0,97.0,,13.72927835,13.72927835,郑州团队
2025-02-04 21:30:02.322000,2025-02-04,WD,印度（India）,98.13,19.0,0.0,,#DIV/0!,#DIV/0!,郑州团队
2025-02-04 22:11:12.133000,2025-02-04,YK,印度（India）,759.18,180.0,74.0,,10.25918919,10.25918919,金边团队
2025-02-04 22:54:09.282000,2025-02-04,TT,印度（India）,1270.4,135.0,38.0,,33.43157895,33.43157895,
2025-02-04 22:54:44.547000,2025-02-04,LYD,印度（India）,1748.45,257.0,78.0,,22.41602564,22.41602564,金边团队
2025-02-04 22:59:58.189000,2025-02-04,HW,印度（India）,1935.76,430.0,186.0,,10.40731183,10.40731183,金边团队
2025-02-04 23:09:17.512000,2025-02-04,YJ,印度（India）,4331.27,698.0,251.0,,17.25605578,17.25605578,郑州团队
2025-02-04 23:50:19.839000,2025-02-04,ZJ,印度（India）,2788.08,362.0,108.0,,25.81555556,25.81555556,郑州团队
2025-02-04 23:57:18.005000,2025-02-04,MY,印度（India）,2754.66,550.0,286.0,,9.631678322,9.631678322,金边团队
2025-02-05 00:21:52.030000,2025-02-04,HY,印度（India）,5487.98,1229.0,397.0,,13.8236272,13.8236272,郑州团队
2025-02-05 19:08:40.150000,2025-02-05,HY,印度（India）,1483.35,291.0,102.0,,14.54264706,14.54264706,郑州团队
2025-02-05 21:59:41.104000,2025-02-05,WD,印度（India）,0.0,0.0,0.0,,#DIV/0!,#DIV/0!,郑州团队
2025-02-05 22:07:57.829000,2025-02-05,YJ,印度（India）,5813.45,930.0,364.0,,15.97101648,15.97101648,郑州团队
2025-02-05 22:18:57.566000,2025-02-05,LYD,印度（India）,2550.76,475.0,152.0,,16.78131579,16.78131579,金边团队
2025-02-05 22:52:22.858000,2025-02-05,YK,印度（India）,3128.8,576.0,248.0,,12.61612903,12.61612903,金边团队
2025-02-05 23:00:56.725000,2025-02-05,HW,印度（India）,3122.24,620.0,220.0,,14.192,14.192,金边团队
2025-02-05 23:02:15.420000,2025-02-05,MY,印度（India）,4131.14,821.0,467.0,,8.846124197,8.846124197,金边团队
2025-02-05 23:28:28.077000,2025-02-05,TT,印度（India）,1837.2600000000007,187.0,58.0,,31.67689655,31.67689655,
2025-02-06 01:18:21.290000,2025-02-05,ZJ,印度（India）,779.35,101.0,20.0,,38.9675,38.9675,郑州团队
2025-02-06 10:29:39.129000,2025-02-05,SG,印度（India）,2045.9900000000007,389.0,180.0,,11.36661111,11.36661111,郑州团队
2025-02-06 21:54:53.697000,2025-02-06,WD,印度（India）,0.0,0.0,0.0,,#DIV/0!,#DIV/0!,郑州团队
2025-02-06 21:55:48.952000,2025-02-06,LYD,印度（India）,3036.48,523.0,170.0,,17.86164706,17.86164706,金边团队
2025-02-06 22:46:27.688000,2025-02-06,YK,印度（India）,3085.43,372.0,183.0,,16.86027322,16.86027322,金边团队
2025-02-06 22:54:01.721000,2025-02-06,HY,印度（India）,4400.89,681.0,284.0,,15.49609155,15.49609155,郑州团队
2025-02-06 22:57:49.406000,2025-02-06,MY,印度（India）,4433.87,791.0,478.0,,9.275878661,9.275878661,金边团队
2025-02-06 22:59:37.489000,2025-02-06,YJ,印度（India）,3965.26,646.0,228.0,,17.39149123,17.39149123,郑州团队
2025-02-06 23:32:53.052000,2025-02-06,HW,印度（India）,1131.19,226.0,54.0,,20.94796296,20.94796296,金边团队
2025-02-07 00:25:50.002000,2025-02-06,SG,印度（India）,558.83,103.0,57.0,,9.804035088,9.804035088,郑州团队
2025-02-07 01:37:20.175000,2025-02-06,ZJ,印度（India）,4371.46,357.0,179.0,,24.42156425,24.42156425,郑州团队
2025-02-07 20:34:22.603000,2025-02-07,TT,印度（India）,1350.41,149.0,41.0,,32.93682927,32.93682927,
2025-02-07 21:44:21.004000,2025-02-07,YJ,印度（India）,1641.9,244.0,93.0,,17.65483871,17.65483871,郑州团队
2025-02-07 21:48:15.202000,2025-02-07,YK,印度（India）,2080.26,264.0,83.0,,25.06337349,25.06337349,金边团队
2025-02-07 22:00:19.894000,2025-02-07,WD,印度（India）,3.81,0.0,0.0,,#DIV/0!,#DIV/0!,郑州团队
2025-02-07 22:13:11.540000,2025-02-07,LYD,印度（India）,1698.14,292.0,83.0,,20.45951807,20.45951807,金边团队
2025-02-07 22:21:30.044000,2025-02-07,HW,印度（India）,2184.84,350.0,85.0,,25.704,25.704,金边团队
2025-02-07 22:23:13.391000,2025-02-07,MY,印度（India）,2242.6,392.0,171.0,,13.11461988,13.11461988,金边团队
2025-02-07 22:43:50.359000,2025-02-07,ZJ,印度（India）,2913.59,545.0,212.0,,13.74334906,13.74334906,郑州团队
2025-02-07 23:02:26.007000,2025-02-07,SG,印度（India）,766.95,137.0,69.0,,11.11521739,11.11521739,郑州团队
2025-02-07 23:11:15.338000,2025-02-08,HY,印度（India）,0.0,0.0,0.0,,#DIV/0!,#DIV/0!,郑州团队
2025-02-08 21:05:40.646000,2025-02-08,YK,印度（India）,1655.49,202.0,48.0,,34.489375,34.489375,金边团队
2025-02-08 21:10:26.802000,2025-02-08,HW,印度（India）,4915.03,950.0,377.0,,13.03721485,13.03721485,金边团队
2025-02-08 21:27:14.735000,2025-02-08,YJ,印度（India）,1672.7,260.0,111.0,,15.06936937,15.06936937,郑州团队
2025-02-08 21:47:08.316000,2025-02-08,WD,印度（India）,0.0,0.0,0.0,,#DIV/0!,#DIV/0!,郑州团队
2025-02-08 22:17:36.924000,2025-02-08,SG,印度（India）,1481.05,264.0,122.0,,12.1397541,12.1397541,郑州团队
2025-02-08 22:20:33.885000,2025-02-08,MY,印度（India）,866.86,183.0,36.0,,24.07944444,24.07944444,金边团队
2025-02-08 22:23:06.086000,2025-02-08,HY,印度（India）,3190.58,805.0,196.0,,16.27846939,16.27846939,郑州团队
2025-02-08 22:34:33.299000,2025-02-08,ZJ,印度（India）,3068.6899999999996,549.0,183.0,,16.76879781,16.76879781,郑州团队
2025-02-09 10:48:25.485000,2025-02-08,LYD,印度（India）,2876.09,479.0,184.0,,15.63092391,15.63092391,金边团队
2025-02-09 20:06:57.997000,2025-02-09,YJ,印度（India）,670.52,152.0,82.0,,8.177073171,8.177073171,郑州团队
2025-02-09 21:25:20.923000,2025-02-09,WD,印度（India）,0.0,0.0,0.0,,#DIV/0!,#DIV/0!,郑州团队
2025-02-09 22:36:21.365000,2025-02-09,MY,印度（India）,857.92,208.0,121.0,,7.090247934,7.090247934,金边团队
2025-02-09 23:30:29.334000,2025-02-09,HW,印度（India）,3145.88,700.0,271.0,,11.60841328,11.60841328,金边团队
2025-02-10 21:47:53.701000,2025-02-09,HY,印度（India）,0.0,0.0,0.0,,#DIV/0!,#DIV/0!,郑州团队
2025-02-10 21:48:05.724000,2025-02-10,HY,印度（India）,0.0,0.0,0.0,,#DIV/0!,#DIV/0!,郑州团队
2025-02-10 21:48:09.101000,2025-02-10,MY,印度（India）,155.54,24.0,17.0,,9.149411765,9.149411765,金边团队
2025-02-10 21:58:47.677000,2025-02-10,ZJ,印度（India）,33.27,12.0,10.0,,3.327,3.327,郑州团队
2025-02-10 21:59:31.056000,2025-02-10,YJ,印度（India）,1814.62,263.0,121.0,,14.9968595,14.9968595,郑州团队
2025-02-10 22:16:43.236000,2025-02-10,WD,印度（India）,75.67349999999983,8.0,7.0,,10.8105,10.8105,郑州团队
2025-02-10 23:01:44.688000,2025-02-10,SG,印度（India）,30.56,7.0,4.0,,7.64,7.64,郑州团队
2025-02-11 05:15:58.869000,2025-02-10,HW,印度（India）,1177.46,190.0,46.0,,25.59695652,25.59695652,金边团队
2025-02-11 18:42:03.812000,2025-02-11,SG,印度（India）,193.4,23.0,6.0,,32.23333333,32.23333333,郑州团队
2025-02-11 21:27:41.050000,2025-02-11,YJ,印度（India）,1312.6399999999987,219.0,46.0,,28.53565217,28.53565217,郑州团队
2025-02-11 21:56:09.091000,2025-02-11,WD,印度（India）,0.0,0.0,0.0,,#DIV/0!,#DIV/0!,郑州团队
2025-02-11 22:16:32.787000,2025-02-11,MY,印度（India）,155.42,45.0,12.0,,12.95166667,12.95166667,金边团队
2025-02-11 22:25:50.819000,2025-02-11,HY,印度（India）,8180.86,1604.0,602.0,,13.58946844,13.58946844,郑州团队
2025-02-11 22:33:27.440000,2025-02-11,YK,印度（India）,1753.165375,302.0,125.0,,14.025323,14.025323,金边团队
2025-02-11 22:33:35.641000,2025-02-11,LYD,印度（India）,194.88,23.0,7.0,,27.84,27.84,金边团队
2025-02-11 22:58:02.048000,2025-02-11,ZJ,印度（India）,2668.07,597.0,207.0,,12.88922705,12.88922705,郑州团队
2025-02-12 11:45:48.968000,2025-02-11,HW,印度（India）,177.7,35.0,0.0,,#DIV/0!,#DIV/0!,金边团队
2025-02-12 21:29:19.458000,2025-02-12,WD,印度（India）,0.0,0.0,0.0,,#DIV/0!,#DIV/0!,郑州团队
2025-02-12 22:14:58.541000,2025-02-12,YK,印度（India）,785.05,93.0,15.0,,52.33666667,52.33666667,金边团队
2025-02-12 22:50:58.652000,2025-02-12,HW,印度（India）,434.47,77.0,21.0,,20.68904762,20.68904762,金边团队
2025-02-12 23:17:58.558000,2025-02-12,HY,印度（India）,2995.64,656.0,197.0,,15.20629442,15.20629442,郑州团队
2025-02-12 23:24:49.184000,2025-02-12,SG,巴西,483.78,87.0,66.0,,7.33,7.33,郑州团队
2025-02-12 23:36:23.478000,2025-02-12,YJ,印度（India）,0.0,0.0,0.0,,#DIV/0!,#DIV/0!,郑州团队
2025-02-13 21:35:08.194000,2025-02-13,YJ,印度（India）,3837.5718750000015,543.0,166.0,,23.11790286,23.11790286,郑州团队
2025-02-13 21:41:34.026000,2025-02-13,LYD,印度（India）,285.87,52.0,20.0,,14.2935,14.2935,金边团队
2025-02-13 21:45:30.506000,2025-02-13,MY,印度（India）,753.47,107.0,47.0,,16.0312766,16.0312766,金边团队
2025-02-13 21:45:37.251000,2025-02-13,WD,印度（India）,0.0,0.0,0.0,,#DIV/0!,#DIV/0!,郑州团队
2025-02-13 22:02:28.612000,2025-02-13,HY,印度（India）,13.49,0.0,0.0,,#DIV/0!,#DIV/0!,郑州团队
2025-02-13 22:35:42.148000,2025-02-13,HW,印度（India）,3683.65,598.0,193.0,,19.08626943,19.08626943,金边团队
2025-02-13 22:54:03.840000,2025-02-13,YK,印度（India）,2773.18,518.0,174.0,,15.93781609,15.93781609,金边团队
2025-02-13 23:01:21.831000,2025-02-13,ZYH,印度（India）,11.130952380952381,0.0,0.0,,#DIV/0!,#DIV/0!,郑州团队
2025-02-14 21:06:54.694000,2025-02-14,HY,印度（India）,5712.88,1105.0,381.0,,14.9944357,14.9944357,郑州团队
2025-02-14 21:16:07.171000,2025-02-14,ZYH,印度（India）,4.13,0.0,0.0,,#DIV/0!,#DIV/0!,郑州团队
2025-02-14 21:31:33.868000,2025-02-14,YJ,印度（India）,2239.28,370.0,115.0,,19.472,19.472,郑州团队
2025-02-14 21:44:52.243000,2025-02-14,WD,印度（India）,44.66535119047619,13.0,0.0,,#DIV/0!,#DIV/0!,郑州团队
2025-02-14 22:03:19.444000,2025-02-14,MY,印度（India）,1305.06,196.0,81.0,,16.11185185,16.11185185,金边团队
2025-02-14 22:31:58.966000,2025-02-14,YK,印度（India）,2302.92,437.0,164.0,,14.04219512,14.04219512,金边团队
2025-02-14 22:56:19.299000,2025-02-14,HW,印度（India）,1706.49,381.0,91.0,,18.75263736,18.75263736,金边团队
2025-02-14 23:52:52.777000,2025-02-14,SG,印度（India）,2103.98,421.0,254.0,,8.283385827,8.283385827,郑州团队
2025-02-15 09:35:46.980000,2025-02-14,LYD,印度（India）,796.15,111.0,48.0,,16.58645833,16.58645833,金边团队
2025-02-15 20:17:17.503000,2025-02-15,YJ,印度（India）,4243.81,771.0,292.0,,14.53359589,14.53359589,郑州团队
2025-02-15 20:18:18.294000,2025-02-15,ZYH,印度（India）,23.82,3.0,0.0,,#DIV/0!,#DIV/0!,郑州团队
2025-02-15 20:19:47.427000,2025-02-15,MY,印度（India）,590.28,111.0,47.0,,12.55914894,12.55914894,金边团队
2025-02-15 20:29:33.340000,2025-02-15,HW,印度（India）,2976.34,571.0,147.0,,20.24721088,20.24721088,金边团队
2025-02-15 20:35:10.291000,2025-02-15,YK,印度（India）,2302.31,510.0,207.0,,11.12227053,11.12227053,金边团队
2025-02-15 20:39:05.300000,2025-02-15,WD,印度（India）,0.0,0.0,0.0,,#DIV/0!,#DIV/0!,郑州团队
2025-02-15 22:11:55.558000,2025-02-15,HY,印度（India）,4291.48,1088.0,389.0,,11.03208226,11.03208226,郑州团队
2025-02-15 22:36:31.998000,2025-02-15,SG,印度（India）,1142.6976249999998,236.0,119.0,,9.60250105,9.60250105,郑州团队
2025-02-16 11:13:14.319000,2025-02-15,LYD,印度（India）,169.99,15.0,10.0,,16.999,16.999,金边团队
2025-02-16 19:24:42.833000,2025-02-16,HW,印度（India）,1623.43,340.0,110.0,,14.75845455,14.75845455,金边团队
2025-02-16 21:11:29.337000,2025-02-16,YJ,印度（India）,0.0,15.0,7.0,,0,0,郑州团队
2025-02-16 21:13:25.934000,2025-02-16,ZYH,印度（India）,0.0,0.0,0.0,,#DIV/0!,#DIV/0!,郑州团队
2025-02-16 21:17:39.398000,2025-02-16,SG,印度（India）,3236.3235,624.0,205.0,,15.7869439,15.7869439,郑州团队
2025-02-16 21:24:27.250000,2025-02-16,WD,印度（India）,0.0,0.0,0.0,,#DIV/0!,#DIV/0!,郑州团队
2025-02-17 01:56:49.952000,2025-02-16,HY,印度（India）,0.0,0.0,0.0,,#DIV/0!,#DIV/0!,郑州团队
2025-02-17 02:03:40.619000,2025-02-16,ZJ,印度（India）,1440.67,341.0,94.0,,15.3262766,15.3262766,郑州团队
2025-02-17 20:19:59.077000,2025-02-17,YJ,印度（India）,0.0,0.0,0.0,,#DIV/0!,#DIV/0!,郑州团队
2025-02-17 21:15:00.350000,2025-02-17,WD,印度（India）,0.0,0.0,0.0,,#DIV/0!,#DIV/0!,郑州团队
2025-02-17 22:26:03.315000,2025-02-17,HY,意大利单导,1859.4,14.0,0.0,,#DIV/0!,#DIV/0!,郑州团队
2025-02-17 22:37:07.700000,2025-02-17,ZYH,意大利单导,14.72,0.0,0.0,,#DIV/0!,#DIV/0!,郑州团队
2025-02-17 22:40:41.221000,2025-02-17,WD,意大利单导,184.2,3.0,0.0,,#DIV/0!,#DIV/0!,郑州团队
2025-02-17 22:59:09.563000,2025-02-17,SG,印度（India）,2750.29,578.0,216.0,,12.73282407,12.73282407,郑州团队
2025-02-18 08:49:06.945000,2025-02-17,HW,印度（India）,0.0,0.0,0.0,,#DIV/0!,#DIV/0!,金边团队
2025-02-18 22:06:30.661000,2025-02-18,WD,印度（India）,0.0,0.0,0.0,,#DIV/0!,#DIV/0!,郑州团队
2025-02-18 22:16:56.055000,2025-02-18,WD,意大利单导,156.69,2.0,0.0,,#DIV/0!,#DIV/0!,郑州团队
2025-02-18 22:53:40.605000,2025-02-17,HY,印度（India）,0.0,0.0,0.0,,#DIV/0!,#DIV/0!,郑州团队
2025-02-18 22:53:58.868000,2025-02-18,HY,印度（India）,0.0,0.0,0.0,,#DIV/0!,#DIV/0!,郑州团队
2025-02-18 23:13:53.965000,2025-02-18,ZYH,意大利单导,0.0,0.0,0.0,,#DIV/0!,#DIV/0!,郑州团队
2025-02-18 23:14:12.030000,2025-02-18,ZYH,印度（India）,0.0,0.0,0.0,,#DIV/0!,#DIV/0!,郑州团队
2025-02-18 23:19:10.350000,2025-02-18,SG,印度（India）,1920.18,304.0,137.0,,14.01591241,14.01591241,郑州团队
2025-02-18 23:45:32.302000,2025-02-18,HY,意大利单导,605.85,9.0,0.0,,#DIV/0!,#DIV/0!,郑州团队
2025-02-18 23:54:42.795000,2025-02-18,ZJ,意大利单导,235.90937499999995,5.0,0.0,,#DIV/0!,#DIV/0!,郑州团队
2025-02-19 07:26:59.254000,2025-02-18,HW,印度（India）,755.13,180.0,89.0,,8.484606742,8.484606742,金边团队
2025-02-19 09:13:28.713000,2025-02-18,YJ,印度（India）,16.09,0.0,0.0,,#DIV/0!,#DIV/0!,郑州团队
2025-02-19 11:18:19.081000,2025-02-18,LYD,意大利单导,12.6,0.0,0.0,,#DIV/0!,#DIV/0!,金边团队
2025-02-19 22:22:11.153000,2025-02-19,SG,印度（India）,629.25,127.0,40.0,,15.73125,15.73125,郑州团队
2025-02-19 22:30:24.161000,2025-02-19,WD,印度（India）,64.04,6.0,2.0,,32.02,32.02,郑州团队
2025-02-19 22:36:06.372000,2025-02-19,YJ,印度（India）,264.43,59.0,21.0,,12.59190476,12.59190476,郑州团队
2025-02-19 22:58:10.013000,2025-02-19,HY,印度（India）,0.0,0.0,0.0,,#DIV/0!,#DIV/0!,郑州团队
2025-02-19 22:58:28.382000,2025-02-19,HY,意大利单导,0.0,0.0,0.0,,#DIV/0!,#DIV/0!,郑州团队
2025-02-19 22:59:45.866000,2025-02-19,WD,意大利单导,146.49,1.0,1.0,,146.49,146.49,郑州团队
2025-02-20 00:52:03.550000,2025-02-19,HW,印度（India）,2100.27,359.0,120.0,,17.50225,17.50225,金边团队
2025-02-20 03:37:11.755000,2025-02-19,ZJ,印度（India）,3245.852,526.0,191.0,,16.99398953,16.99398953,郑州团队
2025-02-20 17:38:19.287000,2025-02-20,ZYH,意大利单导,15.0,0.0,0.0,,#DIV/0!,#DIV/0!,郑州团队
2025-02-20 22:24:00.797000,2025-02-20,WD,意大利单导,167.3,1.0,0.0,,#DIV/0!,#DIV/0!,郑州团队
2025-02-20 22:24:15.867000,2025-02-20,WD,印度（India）,0.0,0.0,0.0,,#DIV/0!,#DIV/0!,郑州团队
2025-02-20 23:11:02.850000,2025-02-20,HY,意大利单导,0.0,0.0,0.0,,#DIV/0!,#DIV/0!,郑州团队
2025-02-20 23:11:16.472000,2025-02-20,HY,印度（India）,0.0,0.0,0.0,,#DIV/0!,#DIV/0!,郑州团队
2025-02-20 23:11:40.010000,2025-02-20,YJ,印度（India）,0.0,0.0,0.0,,#DIV/0!,#DIV/0!,郑州团队
2025-02-20 23:17:11.173000,2025-02-20,SG,印度（India）,1234.55,237.0,121.0,,10.20289256,10.20289256,郑州团队
2025-02-20 23:45:45.581000,2025-02-20,MY,意大利单导,116.96,0.0,0.0,,#DIV/0!,#DIV/0!,金边团队
2025-02-21 00:12:46.962000,2025-02-20,ZJ,意大利单导,276.1238749999975,4.0,0.0,,#DIV/0!,#DIV/0!,郑州团队
2025-02-21 07:40:24.423000,2025-02-20,SG,巴西单导,225.9,27.0,9.0,,25.1,25.1,郑州团队
2025-02-21 11:26:38.844000,2025-02-20,YJ,巴西单导,64.73,10.0,3.0,,21.57666667,21.57666667,郑州团队
2025-02-21 19:25:03.090000,2025-02-21,HY,印度（India）,0.0,0.0,0.0,,#DIV/0!,#DIV/0!,郑州团队
2025-02-21 19:28:13.108000,2025-02-21,ZYH,印度（India）,0.0,0.0,0.0,,#DIV/0!,#DIV/0!,郑州团队
2025-02-21 19:29:04.411000,2025-02-21,ZYH,意大利（Italy),0.0,0.0,0.0,,#DIV/0!,#DIV/0!,郑州团队
2025-02-21 21:04:53.259000,2025-02-21,WD,印度（India）,0.0,0.0,0.0,,#DIV/0!,#DIV/0!,郑州团队
2025-02-21 21:09:35.501000,2025-02-21,WD,意大利（Italy),177.1,4.0,1.0,,177.1,177.1,郑州团队
2025-02-21 23:02:10.321000,2025-02-21,SG,印度（India）,889.72,153.0,44.0,,20.22090909,20.22090909,郑州团队
2025-02-21 23:03:27.413000,2025-02-21,YJ,印度（India）,0.0,0.0,0.0,,#DIV/0!,#DIV/0!,郑州团队
2025-02-21 23:16:41.821000,2025-02-21,MY,意大利（Italy),106.79,2.0,0.0,,#DIV/0!,#DIV/0!,金边团队
2025-02-22 01:02:38.946000,2025-02-21,ZJ,印度（India）,3028.2,386.0,176.0,,17.20568182,17.20568182,郑州团队
2025-02-22 02:08:01.380000,2025-02-21,SG,巴西单导,287.73,36.0,11.0,,26.15727273,26.15727273,郑州团队
2025-02-22 07:39:56.976000,2025-02-21,HW,印度（India）,268.48,22.0,7.0,,38.35428571,38.35428571,金边团队
2025-02-22 11:27:33.389000,2025-02-22,YJ,巴西单导,169.25,8.0,2.0,,84.625,84.625,郑州团队
2025-02-22 22:10:50.964000,2025-02-22,WD,印度（India）,975.83,173.0,68.0,,14.35044118,14.35044118,郑州团队
2025-02-22 22:11:06.483000,2025-02-22,WD,意大利（Italy),0.0,0.0,0.0,,#DIV/0!,#DIV/0!,郑州团队
2025-02-22 22:14:42.671000,2025-02-22,YJ,印度（India）,2332.85,369.0,125.0,,18.6628,18.6628,郑州团队
2025-02-22 22:17:59.353000,2025-02-22,SG,印度（India）,3871.93,754.0,345.0,,11.22298551,11.22298551,郑州团队
2025-02-23 10:57:10.847000,2025-02-22,HW,印度（India）,0.0,0.0,0.0,,#DIV/0!,#DIV/0!,金边团队
2025-02-23 14:01:16.876000,2025-02-22,ZYH,意大利（Italy),36.56,1.0,1.0,,36.56,36.56,郑州团队
2025-02-23 14:17:31.236000,2025-02-22,ZYH,巴西单导,45.64,2.0,1.0,,45.64,45.64,郑州团队
2025-02-23 22:05:07.221000,2025-02-23,WD,印度（India）,998.18,138.0,48.0,,20.79541667,20.79541667,郑州团队
2025-02-23 22:49:24.671000,2025-02-23,YJ,印度（India）,5092.59,955.0,381.0,,13.36637795,13.36637795,郑州团队
2025-02-23 23:34:22.330000,2025-02-23,SG,印度（India）,852.59,163.0,80.0,,10.657375,10.657375,郑州团队
2025-02-24 11:43:32.060000,2025-02-23,ZYH,巴西单导,18.43,0.0,0.0,,#DIV/0!,#DIV/0!,郑州团队
2025-02-24 11:49:39.474000,2025-02-23,ZYH,意大利（Italy),74.15,1.0,0.0,,#DIV/0!,#DIV/0!,郑州团队
2025-02-24 22:21:25.268000,2025-02-24,WD,印度（India）,176.81,33.0,7.0,,25.25857143,25.25857143,郑州团队
2025-02-24 22:48:09.760000,2025-02-24,YJ,印度（India）,3379.86,519.0,178.0,,18.98797753,18.98797753,郑州团队
2025-02-24 22:53:57.232000,2025-02-24,YK,印度（India）,1448.7,236.0,87.0,,16.65172414,16.65172414,金边团队
2025-02-24 23:33:34.065000,2025-02-24,SG,印度（India）,3339.54,563.0,257.0,,12.99431907,12.99431907,郑州团队
2025-02-25 20:18:03.638000,2025-02-25,ZYH,印度（India）,64.57000000000001,4.0,1.0,,64.57,64.57,郑州团队
2025-02-25 22:12:55.760000,2025-02-25,YK,印度（India）,2815.72,355.0,166.0,,16.96216867,16.96216867,金边团队
2025-02-25 22:13:42.258000,2025-02-25,HY,印度（India）,4261.42,736.0,341.0,,12.49683284,12.49683284,郑州团队
2025-02-25 22:28:05.180000,2025-02-25,HW,印度（India）,160.69,24.0,10.0,,16.069,16.069,金边团队
2025-02-25 22:32:45.286000,2025-02-25,YJ,印度（India）,4483.12,759.0,309.0,,14.50847896,14.50847896,郑州团队
2025-02-25 22:33:54.972000,2025-02-25,SG,印度（India）,3849.46,523.0,248.0,,15.52201613,15.52201613,郑州团队
2025-02-26 20:38:16.079000,2025-02-26,ZYH,印度（India）,711.53,86.0,26.0,,27.36653846,27.36653846,郑州团队
2025-02-26 20:39:19.710000,2025-02-26,SG,印度（India）,5811.0,893.0,362.0,,16.05248619,16.05248619,郑州团队
2025-02-26 21:28:33.789000,2025-02-26,YJ,印度（India）,2092.82,360.0,128.0,,16.35015625,16.35015625,郑州团队
2025-02-26 21:56:42.917000,2025-02-26,YK,印度（India）,2605.47,389.0,209.0,,12.46636364,12.46636364,金边团队
2025-02-26 22:04:57.318000,2025-02-26,HY,印度（India）,1214.27,299.0,135.0,,8.994592593,8.994592593,郑州团队
2025-02-27 06:08:18.992000,2025-02-25,WD,印度（India）,0.0,0.0,0.0,,#DIV/0!,#DIV/0!,郑州团队
2025-02-27 06:08:41.870000,2025-02-26,WD,印度（India）,0.0,0.0,0.0,,#DIV/0!,#DIV/0!,郑州团队
2025-02-27 22:01:38.037000,2025-02-27,WD,印度（India）,0.0,0.0,0.0,,#DIV/0!,#DIV/0!,郑州团队
2025-02-27 22:02:04.346000,2025-02-27,YJ,印度（India）,70.73,16.0,7.0,,10.10428571,10.10428571,郑州团队
2025-02-27 22:17:29.623000,2025-02-27,YK,印度（India）,2353.149999999998,375.0,108.0,,21.78842593,21.78842593,金边团队
2025-02-27 23:05:16.939000,2025-02-27,ZYH,印度（India）,500.0,70.0,20.0,,25,25,郑州团队
2025-02-27 23:31:48.291000,2025-02-27,HY,印度（India）,3078.12,583.0,207.0,,14.87014493,14.87014493,郑州团队
2025-02-28 11:34:34.827000,2025-02-27,ZJ,印度（India）,0.0,0.0,20.0,,0,0,郑州团队
2025-02-28 20:56:01.109000,2025-02-28,WD,印度（India）,0.0,0.0,0.0,,#DIV/0!,#DIV/0!,郑州团队
2025-03-01 02:05:21.979000,2025-02-28,SG,意大利（Italy),51.7,5.0,0.0,,#DIV/0!,#DIV/0!,郑州团队
2025-03-01 10:41:30.135000,2025-02-28,YJ,印度（India）,0.0,0.0,0.0,,#DIV/0!,#DIV/0!,郑州团队
2025-03-01 10:43:41.626000,2025-02-28,YJ,意大利（Italy),0.0,0.0,0.0,,#DIV/0!,#DIV/0!,郑州团队
2025-03-01 12:08:36.507000,2025-02-28,ZYH,印度（India）,81.33,0.0,0.0,,#DIV/0!,#DIV/0!,郑州团队
2025-03-01 12:21:01.584000,2025-02-28,HY,印度（India）,497.11,0.0,0.0,,#DIV/0!,#DIV/0!,郑州团队
2025-03-01 15:52:03.077000,2025-02-28,LYD,意大利（Italy),18.4,0.0,0.0,,#DIV/0!,#DIV/0!,金边团队
2025-03-01 22:28:45.492000,2025-03-01,WD,印度（India）,0.0,0.0,0.0,,#DIV/0!,#DIV/0!,郑州团队
2025-03-01 22:29:23.616000,2025-03-01,WD,意大利（Italy),10.58,0.0,0.0,,#DIV/0!,#DIV/0!,郑州团队
2025-03-01 22:31:06.045000,2025-03-01,YK,印度（India）,1768.36,313.0,121.0,,14.61454545,14.61454545,金边团队
2025-03-01 23:27:13.368000,2025-03-01,MY,意大利（Italy),37.23,0.0,0.0,,#DIV/0!,#DIV/0!,金边团队
2025-03-02 11:41:23.086000,2025-03-01,YJ,意大利（Italy),25.68,2.0,0.0,,#DIV/0!,#DIV/0!,郑州团队
2025-03-02 13:32:11.709000,2025-03-01,SG,意大利（Italy),85.16,3.0,0.0,,#DIV/0!,#DIV/0!,郑州团队
2025-03-02 13:42:52.923000,2025-03-01,ZYH,意大利（Italy),27.53,1.0,0.0,,#DIV/0!,#DIV/0!,郑州团队
2025-03-02 21:38:53.882000,2025-03-02,WD,印度（India）,0.0,0.0,0.0,,#DIV/0!,#DIV/0!,郑州团队
2025-03-02 21:39:17.577000,2025-03-02,WD,意大利（Italy),0.0,0.0,0.0,,#DIV/0!,#DIV/0!,郑州团队
2025-03-02 22:22:21.409000,2025-03-02,LYD,印度（India）,122.65,30.0,9.0,,13.62777778,13.62777778,金边团队
2025-03-02 22:42:16.539000,2025-03-01,HY,印度（India）,0.0,0.0,0.0,,#DIV/0!,#DIV/0!,郑州团队
2025-03-02 22:42:20.347000,2025-03-02,ZYH,印度（India）,0.0,0.0,0.0,,#DIV/0!,#DIV/0!,郑州团队
2025-03-02 22:42:28.088000,2025-03-02,HY,印度（India）,0.0,0.0,0.0,,#DIV/0!,#DIV/0!,郑州团队
2025-03-02 22:46:38.955000,2025-03-02,YK,印度（India）,1865.25,306.0,80.0,,23.315625,23.315625,金边团队
2025-03-02 23:00:59.106000,2025-03-02,YJ,印度（India）,59.46,19.0,12.0,,4.955,4.955,郑州团队
2025-03-03 11:51:14.998000,2025-03-02,ZJ,意大利（Italy),17.75,1.0,0.0,,#DIV/0!,#DIV/0!,郑州团队
2025-03-03 11:55:07.567000,2025-03-02,SG,印度（India）,480.27,97.0,54.0,,8.893888889,8.893888889,郑州团队
2025-03-03 17:06:12.871000,2025-03-03,ZYH,印度（India）,88.87,14.0,6.0,,14.81166667,14.81166667,郑州团队
2025-03-03 17:09:48.287000,2025-03-03,MY,印度（India）,103.84,11.0,3.0,,34.61333333,34.61333333,金边团队
2025-03-03 19:24:40.039000,2025-03-03,WD,印度（India）,71.88,9.0,5.0,,14.376,14.376,郑州团队
2025-03-03 20:04:25.727000,2025-03-03,YJ,印度（India）,188.53,32.0,8.0,,23.56625,23.56625,郑州团队
2025-03-03 21:57:03.942000,2025-03-03,YK,印度（India）,1498.17,189.0,75.0,,19.9756,19.9756,金边团队
2025-03-03 22:39:46.345000,2025-03-03,SG,印度（India）,1704.16,365.0,164.0,,10.39121951,10.39121951,郑州团队
2025-03-04 01:13:42.542000,2025-03-03,LYD,印度（India）,359.64,44.0,14.0,,25.68857143,25.68857143,金边团队
2025-03-04 11:39:58.005000,2025-03-03,ZJ,印度（India）,16.04,4.0,1.0,,16.04,16.04,郑州团队
2025-03-04 12:31:41.693000,2025-03-03,HY,印度（India）,63.0,10.0,6.0,,10.5,10.5,郑州团队
2025-03-04 21:10:48.961000,2025-03-04,SG,印度（India）,0.0,0.0,0.0,,#DIV/0!,#DIV/0!,郑州团队
2025-03-04 21:13:23.451000,2025-03-04,WD,印度（India）,0.0,0.0,0.0,,#DIV/0!,#DIV/0!,郑州团队
2025-03-04 22:54:45.262000,2025-03-04,YJ,印度（India）,9.48,15.0,10.0,,0.948,0.948,郑州团队
2025-03-05 00:13:37.644000,2025-03-04,YK,印度（India）,1040.09,140.0,37.0,,28.11054054,28.11054054,金边团队
2025-03-05 11:38:58.077000,2025-03-04,HY,印度（India）,30.29,2.0,2.0,,15.145,15.145,郑州团队
2025-03-05 12:11:27.989000,2025-03-04,XH,意大利（Italy),23.35,0.0,0.0,,#DIV/0!,#DIV/0!,郑州团队
2025-03-05 21:26:38.662000,2025-03-05,YJ,印度（India）,0.0,0.0,0.0,,#DIV/0!,#DIV/0!,郑州团队
2025-03-05 21:48:09.061000,2025-03-05,WD,印度（India）,0.0,0.0,0.0,,#DIV/0!,#DIV/0!,郑州团队
2025-03-05 22:23:20.086000,2025-03-05,SG,印度（India）,1486.59,348.0,128.0,,11.61398438,11.61398438,郑州团队
2025-03-06 16:53:17.126000,2025-03-05,HY,印度（India）,0.0,0.0,0.0,,#DIV/0!,#DIV/0!,郑州团队
2025-03-06 16:53:29.905000,2025-03-06,HY,印度（India）,0.0,0.0,0.0,,#DIV/0!,#DIV/0!,郑州团队
2025-03-06 20:57:36.505000,2025-03-06,WD,印度（India）,0.0,0.0,0.0,,#DIV/0!,#DIV/0!,郑州团队
2025-03-06 21:24:55.377000,2025-03-06,YJ,印度（India）,239.47,41.0,7.0,,34.21,34.21,郑州团队
2025-03-06 22:05:37.243000,2025-03-06,YK,印度（India）,1168.29,178.0,31.0,,37.68677419,37.68677419,金边团队
2025-03-07 00:10:51.942000,2025-03-06,SG,印度（India）,3195.5,543.0,273.0,,11.70512821,11.70512821,郑州团队
2025-03-07 21:20:51.582000,2025-03-07,YJ,印度（India）,0.0,0.0,0.0,,#DIV/0!,#DIV/0!,郑州团队
2025-03-07 21:22:15.710000,2025-03-07,WD,印度（India）,0.0,0.0,0.0,,#DIV/0!,#DIV/0!,郑州团队
2025-03-07 22:07:55.577000,2025-03-07,YK,印度（India）,1840.46,297.0,131.0,,14.04931298,14.04931298,金边团队
2025-03-07 22:13:16.820000,2025-03-07,HW,印度（India）,157.34,48.0,27.0,,5.827407407,5.827407407,金边团队
2025-03-07 22:23:09.556000,2025-03-07,MY,印度（India）,23.87,4.0,1.0,,23.87,23.87,金边团队
2025-03-07 22:37:17.886000,2025-03-07,SG,印度（India）,6006.87,937.0,391.0,,15.36283887,15.36283887,郑州团队
2025-03-08 19:03:59.453000,2025-03-08,ZYH,印度（India）,35.55,4.0,2.0,,17.775,17.775,郑州团队
2025-03-08 21:09:50.626000,2025-03-08,LYD,印度（India）,43.2,4.0,2.0,,21.6,21.6,金边团队
2025-03-08 21:14:21.888000,2025-03-08,YJ,印度（India）,617.49,140.0,63.0,,9.801428571,9.801428571,郑州团队
2025-03-08 21:20:48.703000,2025-03-08,MY,印度（India）,353.06,35.0,17.0,,20.76823529,20.76823529,金边团队
2025-03-08 21:21:38.859000,2025-03-08,HY,印度（India）,3661.29,735.0,262.0,,13.97438931,13.97438931,郑州团队
2025-03-08 21:23:23.516000,2025-03-08,YK,印度（India）,838.59,161.0,78.0,,10.75115385,10.75115385,金边团队
2025-03-08 21:34:29.573000,2025-03-08,WD,印度（India）,183.65,31.0,13.0,,14.12692308,14.12692308,郑州团队
2025-03-08 22:45:57.889000,2025-03-08,SG,印度（India）,5207.86,762.0,283.0,,18.40233216,18.40233216,郑州团队
2025-03-09 08:44:34.519000,2025-03-08,HW,印度（India）,3640.54,680.0,307.0,,11.85843648,11.85843648,金边团队
2025-03-09 21:16:55.533000,2025-03-09,WD,印度（India）,0.0,0.0,0.0,,#DIV/0!,#DIV/0!,郑州团队
2025-03-09 23:22:33.432000,2025-03-09,SG,印度（India）,650.88,135.0,65.0,,10.01353846,10.01353846,郑州团队
2025-03-10 20:09:38.174000,2025-03-10,HY,印度（India）,285.31,26.0,9.0,,31.70111111,31.70111111,郑州团队
2025-03-10 21:21:55.493000,2025-03-10,WD,印度（India）,0.0,0.0,0.0,,#DIV/0!,#DIV/0!,郑州团队
2025-03-10 21:52:20.860000,2025-03-10,YJ,印度（India）,0.0,0.0,0.0,,#DIV/0!,#DIV/0!,郑州团队
2025-03-11 00:44:18.987000,2025-03-10,SG,印度（India）,1898.91,3624.0,184.0,,10.32016304,10.32016304,郑州团队
2025-03-11 11:22:42.413000,2025-03-10,LYD,英国,32.77,0.0,0.0,,#DIV/0!,#DIV/0!,金边团队
2025-03-11 11:23:31.328000,2025-03-10,ZYH,英国,28.7,5.0,0.0,,#DIV/0!,#DIV/0!,郑州团队
2025-03-11 11:23:46.369000,2025-03-10,MY,英国,12.13,0.0,0.0,,#DIV/0!,#DIV/0!,金边团队
2025-03-11 22:09:42.598000,2025-03-11,YJ,印度（India）,1131.11,1000.0,102.0,,11.08931373,11.08931373,郑州团队
2025-03-11 22:23:58.084000,2025-03-11,WD,印度（India）,0.0,0.0,0.0,,#DIV/0!,#DIV/0!,郑州团队
2025-03-11 22:48:40.174000,2025-03-11,WD,英国,51.08,2.0,0.0,,#DIV/0!,#DIV/0!,郑州团队
2025-03-11 22:51:25.071000,2025-03-11,ZYH,英国,18.14,0.0,0.0,,#DIV/0!,#DIV/0!,郑州团队
2025-03-11 23:20:31.366000,2025-03-11,SG,印度（India）,1446.29,351.0,136.0,,10.63448529,10.63448529,郑州团队
2025-03-12 00:46:35.432000,2025-03-11,MY,英国,19.88,0.0,0.0,,#DIV/0!,#DIV/0!,金边团队
2025-03-12 13:06:34.639000,2025-03-11,XH,英国,20.96,0.0,0.0,,#DIV/0!,#DIV/0!,郑州团队
2025-03-12 20:59:32.671000,2025-03-12,WD,印度（India）,0.0,0.0,0.0,,#DIV/0!,#DIV/0!,郑州团队
2025-03-12 21:00:37.900000,2025-03-12,WD,英国,23.02,0.0,0.0,,#DIV/0!,#DIV/0!,郑州团队
2025-03-12 21:54:24.715000,2025-03-12,HW,韩国,289.0,0.0,15.0,,19.26666667,19.26666667,金边团队
2025-03-12 22:07:31.378000,2025-03-12,SG,印度（India）,62.28,8.0,0.0,,#DIV/0!,#DIV/0!,郑州团队
2025-03-12 22:09:42.745000,2025-03-12,YJ,印度（India）,0.0,0.0,0.0,,#DIV/0!,#DIV/0!,郑州团队
2025-03-12 22:15:55.085000,2025-03-12,YK,印度（India）,1870.82,267.0,90.0,,20.78688889,20.78688889,金边团队
2025-03-13 17:56:16.937000,2025-03-13,SG,印度（India）,192.23,42.0,0.0,,#DIV/0!,#DIV/0!,郑州团队
2025-03-13 20:05:03.410000,2025-03-13,YJ,印度（India）,0.0,0.0,0.0,,#DIV/0!,#DIV/0!,郑州团队
2025-03-13 20:31:21.365000,2025-03-13,WD,印度（India）,0.0,0.0,0.0,,#DIV/0!,#DIV/0!,郑州团队
2025-03-13 21:56:46.835000,2025-03-13,HW,韩国,598.39,0.0,63.0,,9.498253968,9.498253968,金边团队
2025-03-13 22:23:26.562000,2025-03-13,YK,印度（India）,1059.04,157.0,56.0,,18.91142857,18.91142857,金边团队
2025-03-14 00:15:47.899000,2025-03-13,MY,印度（India）,120.48,10.0,3.0,,40.16,40.16,金边团队
2025-03-14 12:49:33.150000,2025-03-14,HW,韩国,486.35,0.0,41.0,,11.86219512,11.86219512,金边团队
2025-03-14 21:04:07.352000,2025-03-14,WD,印度（India）,0.0,0.0,0.0,,#DIV/0!,#DIV/0!,郑州团队
2025-03-14 22:19:01.796000,2025-03-14,YK,印度（India）,1215.17,218.0,95.0,,12.79126316,12.79126316,金边团队
2025-03-14 22:19:50.165000,2025-03-14,MY,印度（India）,235.41,31.0,19.0,,12.39,12.39,金边团队
2025-03-15 13:00:58.870000,2025-03-14,XH,英国,134.01,0.0,0.0,,#DIV/0!,#DIV/0!,郑州团队
2025-03-15 20:24:59.320000,2025-03-15,YK,印度（India）,180.54,32.0,14.0,,12.89571429,12.89571429,金边团队
2025-03-15 21:15:51.559000,2025-03-15,WD,印度（India）,0.0,0.0,0.0,,#DIV/0!,#DIV/0!,郑州团队
2025-03-15 22:09:45.737000,2025-03-15,MY,印度（India）,58.37,6.0,3.0,,19.45666667,19.45666667,金边团队
2025-03-16 20:27:10.846000,2025-03-16,WD,印度（India）,0.0,0.0,0.0,,#DIV/0!,#DIV/0!,郑州团队
2025-03-17 20:42:56.913000,2025-03-17,WD,印度（India）,0.0,0.0,0.0,,#DIV/0!,#DIV/0!,郑州团队
2025-03-17 22:25:32.046000,2025-03-17,YK,印度（India）,1666.78,236.0,108.0,,15.43314815,15.43314815,金边团队
2025-03-17 22:46:33.701000,2025-03-17,HW,印度（India）,1070.03,210.0,91.0,,11.75857143,11.75857143,金边团队
2025-03-17 23:16:26.205000,2025-03-17,MY,印度（India）,798.92,91.0,49.0,,16.3044898,16.3044898,金边团队
2025-03-18 13:21:29.801000,2025-03-17,XH,英国,440.72,0.0,2.0,,220.36,220.36,郑州团队
2025-03-18 21:09:29.572000,2025-03-18,WD,印度（India）,0.0,0.0,0.0,,#DIV/0!,#DIV/0!,郑州团队
2025-03-18 22:27:10.426000,2025-03-18,HW,印度（India）,1938.2,200.0,60.0,,32.30333333,32.30333333,金边团队
2025-03-18 22:46:06.093000,2025-03-18,MY,印度（India）,1795.37,242.0,81.0,,22.16506173,22.16506173,金边团队
2025-03-18 23:45:20.031000,2025-03-18,XH,英国,583.22,3.0,3.0,,194.4066667,194.4066667,郑州团队
2025-03-18 23:50:37.196000,2025-03-18,YK,印度（India）,1344.1,140.0,33.0,,40.73030303,40.73030303,金边团队
2025-03-19 01:44:52.502000,2025-03-18,SG,印度（India）,222.33,54.0,20.0,,11.1165,11.1165,郑州团队
2025-03-19 21:41:17.960000,2025-03-19,WD,印度（India）,0.0,0.0,0.0,,#DIV/0!,#DIV/0!,郑州团队
2025-03-19 22:21:24.455000,2025-03-19,HY,印度（India）,3855.29,721.0,301.0,,12.80827243,12.80827243,郑州团队
2025-03-19 22:43:11.360000,2025-03-19,YJ,印度（India）,333.8,60.0,24.0,,13.90833333,13.90833333,郑州团队
2025-03-19 22:57:50.763000,2025-03-19,MY,印度（India）,3337.91,492.0,172.0,,19.40645349,19.40645349,金边团队
2025-03-19 23:01:41.503000,2025-03-19,YK,印度（India）,581.03,78.0,10.0,,58.103,58.103,金边团队
2025-03-19 23:22:42.221000,2025-03-19,HW,印度（India）,1493.86,210.0,63.0,,23.71206349,23.71206349,金边团队
2025-03-19 23:55:34.546000,2025-03-19,XH,英国,347.24,3.0,3.0,,115.7466667,115.7466667,郑州团队
2025-03-20 10:38:14.397000,2025-03-19,SG,印度（India）,3448.93,549.0,113.0,,30.52150442,30.52150442,郑州团队
2025-03-20 21:32:48.132000,2025-03-20,WD,印度（India）,0.0,0.0,0.0,,#DIV/0!,#DIV/0!,郑州团队
2025-03-20 22:35:42.035000,2025-03-20,HY,印度（India）,2228.36,408.0,170.0,,13.108,13.108,郑州团队
2025-03-20 23:00:22.353000,2025-03-20,YK,印度（India）,3873.09,528.0,221.0,,17.52529412,17.52529412,金边团队
2025-03-20 23:01:30.420000,2025-03-20,MY,印度（India）,5993.46,973.0,472.0,,12.69800847,12.69800847,金边团队
2025-03-20 23:02:49.493000,2025-03-20,YJ,印度（India）,5144.61,890.0,315.0,,16.33209524,16.33209524,郑州团队
2025-03-21 00:00:52.133000,2025-03-20,XH,英国,157.02380952380952,0.0,0.0,,#DIV/0!,#DIV/0!,郑州团队
2025-03-21 01:42:49.235000,2025-03-20,SG,印度（India）,589.31,132.0,12.0,,49.10916667,49.10916667,郑州团队
2025-03-21 01:42:55.986000,2025-03-20,HW,印度（India）,2341.86,300.0,113.0,,20.72442478,20.72442478,金边团队
2025-03-21 18:43:58.441000,2025-03-21,ZYH,法国,36.48,1.0,0.0,,#DIV/0!,#DIV/0!,郑州团队
2025-03-21 21:37:06.987000,2025-03-21,WD,印度（India）,0.0,0.0,0.0,,#DIV/0!,#DIV/0!,郑州团队
2025-03-21 23:03:53.173000,2025-03-21,MY,印度（India）,4682.51,631.0,400.0,,11.706275,11.706275,金边团队
2025-03-21 23:04:33.589000,2025-03-21,YJ,印度（India）,4077.52,640.0,236.0,,17.27762712,17.27762712,郑州团队
2025-03-21 23:07:13.764000,2025-03-21,SG,印度（India）,2157.07,334.0,110.0,,19.60972727,19.60972727,郑州团队
2025-03-21 23:22:32.721000,2025-03-21,YK,印度（India）,2445.65,258.0,68.0,,35.96544118,35.96544118,金边团队
2025-03-22 00:04:58.074000,2025-03-21,HY,印度（India）,4605.79,677.0,385.0,,11.96309091,11.96309091,郑州团队
2025-03-22 00:35:23.667000,2025-03-21,XH,英国,150.69,1.0,1.0,,150.69,150.69,郑州团队
2025-03-22 11:24:04.617000,2025-03-21,HW,印度（India）,6425.02,780.0,296.0,,21.70614865,21.70614865,金边团队
2025-03-22 21:13:10.916000,2025-03-22,XC,马来西亚,169.77,12.0,3.0,,56.59,56.59,
2025-03-22 21:53:13.184000,2025-03-22,WD,印度（India）,0.0,0.0,0.0,,#DIV/0!,#DIV/0!,郑州团队
2025-03-22 22:12:10.200000,2025-03-22,MY,印度（India）,5758.57,810.0,586.0,,9.826911263,9.826911263,金边团队
2025-03-22 23:14:12.064000,2025-03-22,SG,印度（India）,150.17,25.0,5.0,,30.034,30.034,郑州团队
2025-03-22 23:45:48.390000,2025-03-22,YK,印度（India）,6499.17,805.0,315.0,,20.63228571,20.63228571,金边团队
2025-03-23 00:03:55.133000,2025-03-22,YJ,印度（India）,4906.43,777.0,353.0,,13.89923513,13.89923513,郑州团队
2025-03-23 02:41:10.009000,2025-03-22,ZYH,法国,277.65,2.0,0.0,,#DIV/0!,#DIV/0!,郑州团队
2025-03-23 08:28:34.604000,2025-03-22,XW,马来西亚,238.44,18.0,4.0,,59.61,59.61,
2025-03-23 21:19:45.797000,2025-03-23,WD,印度（India）,0.0,0.0,0.0,,#DIV/0!,#DIV/0!,郑州团队
2025-03-23 22:45:12.139000,2025-03-23,MY,印度（India）,5898.6,767.0,464.0,,12.7125,12.7125,金边团队
2025-03-23 23:53:56.477000,2025-03-23,HW,印度（India）,3779.06,651.0,253.0,,14.93699605,14.93699605,金边团队
2025-03-24 02:03:36.726000,2025-03-23,HY,印度（India）,789.38,121.0,69.0,,11.44028986,11.44028986,郑州团队
2025-03-24 02:21:50.684000,2025-03-23,SG,印度（India）,0.0,0.0,0.0,,#DIV/0!,#DIV/0!,郑州团队
2025-03-24 07:32:26.824000,2025-03-23,YK,印度（India）,2957.76,270.0,94.0,,31.46553191,31.46553191,金边团队
2025-03-24 21:08:35.005000,2025-03-24,XW,马来西亚,496.41,48.0,23.0,,21.58304348,21.58304348,
2025-03-24 22:27:27.226000,2025-03-24,WD,印度（India）,0.0,0.0,0.0,,#DIV/0!,#DIV/0!,郑州团队
2025-03-24 22:27:50.427000,2025-03-24,WD,意大利（Italy),10.37,1.0,0.0,,#DIV/0!,#DIV/0!,郑州团队
2025-03-24 22:29:31.349000,2025-03-24,HY,印度（India）,590.1,87.0,42.0,,14.05,14.05,郑州团队
2025-03-24 22:57:39.725000,2025-03-24,MY,印度（India）,3602.83,403.0,251.0,,14.35390438,14.35390438,金边团队
2025-03-24 23:25:52.675000,2025-03-24,YK,印度（India）,890.88,108.0,16.0,,55.68,55.68,金边团队
2025-03-24 23:49:32.732000,2025-03-24,SG,印度（India）,391.77,59.0,26.0,,15.06807692,15.06807692,郑州团队
2025-03-24 23:49:59.222000,2025-03-24,HW,印度（India）,5281.64,761.0,299.0,,17.66434783,17.66434783,金边团队
2025-03-25 11:21:00.721000,2025-03-24,XC,马来西亚,146.35,6.0,6.0,,24.39166667,24.39166667,
2025-03-25 11:37:56.462000,2025-03-24,YJ,印度（India）,1369.56,150.0,64.0,,21.399375,21.399375,郑州团队
2025-03-25 18:41:55.551000,2025-03-25,XC,马来西亚,102.45,5.0,2.0,,51.225,51.225,
2025-03-25 18:56:09.079000,2025-03-25,XW,马来西亚,461.01,31.0,19.0,,24.26368421,24.26368421,
2025-03-25 22:21:18.453000,2025-03-25,WD,印度（India）,0.0,0.0,0.0,,#DIV/0!,#DIV/0!,郑州团队
2025-03-25 22:21:39.890000,2025-03-25,WD,意大利（Italy),96.42,2.0,0.0,,#DIV/0!,#DIV/0!,郑州团队
2025-03-25 22:22:02.770000,2025-03-25,WD,法国,42.69,0.0,0.0,,#DIV/0!,#DIV/0!,郑州团队
2025-03-25 23:16:30.041000,2025-03-25,SG,印度（India）,1679.56,325.0,144.0,,11.66361111,11.66361111,郑州团队
2025-03-25 23:41:42.176000,2025-03-25,YJ,印度（India）,4700.91,620.0,306.0,,15.36245098,15.36245098,郑州团队
2025-03-26 01:25:49.210000,2025-03-25,YK,印度（India）,696.95,30.0,10.0,,69.695,69.695,金边团队
2025-03-26 01:56:31.052000,2025-03-25,HW,印度（India）,1374.55,202.0,87.0,,15.79942529,15.79942529,金边团队
2025-03-26 02:31:13.610000,2025-03-25,HY,印度（India）,1538.45,227.0,128.0,,12.01914063,12.01914063,郑州团队
2025-03-26 03:22:56.470000,2025-03-25,ZYH,印度（India）,2.69,0.0,0.0,,#DIV/0!,#DIV/0!,郑州团队
2025-03-26 11:49:04.498000,2025-03-25,MY,印度（India）,0.0,0.0,15.0,,0,0,金边团队
2025-03-26 12:04:41.918000,2025-03-25,ZJ,印度（India）,3164.19,460.0,186.0,,17.01177419,17.01177419,郑州团队
2025-03-26 13:22:54.012000,2025-03-25,LYD,法国,244.49,2.0,0.0,,#DIV/0!,#DIV/0!,金边团队
2025-03-26 20:19:19.330000,2025-03-26,YJ,印度（India）,166.93,30.0,18.0,,9.273888889,9.273888889,郑州团队
2025-03-26 21:29:22.882000,2025-03-26,HW,印度（India）,0.0,0.0,3.0,,0,0,金边团队
2025-03-26 21:35:46.231000,2025-03-26,XW,马来西亚,278.83,23.0,11.0,,25.34818182,25.34818182,
2025-03-26 22:31:07.240000,2025-03-26,WD,印度（India）,0.0,0.0,0.0,,#DIV/0!,#DIV/0!,郑州团队
2025-03-26 22:40:42.265000,2025-03-26,WD,意大利（Italy),174.76,3.0,0.0,,#DIV/0!,#DIV/0!,郑州团队
2025-03-26 22:46:00.311000,2025-03-26,WD,法国,48.56,1.0,0.0,,#DIV/0!,#DIV/0!,郑州团队
2025-03-27 00:18:12.520000,2025-03-26,SG,印度（India）,77.67,14.0,14.0,,5.547857143,5.547857143,郑州团队
2025-03-27 11:32:54.542000,2025-03-26,XC,马来西亚,110.38,5.0,3.0,,36.79333333,36.79333333,
2025-03-27 12:46:47.082000,2025-03-26,YK,意大利（Italy),207.66,9.0,4.0,,51.915,51.915,金边团队
2025-03-27 22:36:25.267000,2025-03-27,WD,印度（India）,0.0,0.0,0.0,,#DIV/0!,#DIV/0!,郑州团队
2025-03-27 22:36:46.769000,2025-03-27,WD,意大利（Italy),211.55,3.0,0.0,,#DIV/0!,#DIV/0!,郑州团队
2025-03-27 23:56:33.759000,2025-03-27,HW,印度（India）,777.95,100.0,59.0,,13.18559322,13.18559322,金边团队
2025-03-28 00:45:01.577000,2025-03-27,SG,印度（India）,457.61,76.0,36.0,,12.71138889,12.71138889,郑州团队
2025-03-28 11:52:38.008000,2025-03-27,YK,意大利（Italy),459.98,4.0,2.0,,229.99,229.99,金边团队
2025-03-28 21:09:30.950000,2025-03-28,HY,印度（India）,2435.04,289.0,128.0,,19.02375,19.02375,郑州团队
2025-03-28 22:32:58.138000,2025-03-28,WD,印度（India）,0.0,0.0,0.0,,#DIV/0!,#DIV/0!,郑州团队
2025-03-28 22:33:22.130000,2025-03-28,WD,意大利（Italy),332.0,5.0,0.0,,#DIV/0!,#DIV/0!,郑州团队
2025-03-28 22:58:18.195000,2025-03-28,SG,印度（India）,3024.29,513.0,214.0,,14.13219626,14.13219626,郑州团队
2025-03-28 23:19:32.117000,2025-03-28,YJ,印度（India）,3087.84,432.0,168.0,,18.38,18.38,郑州团队
2025-03-29 04:10:38.947000,2025-03-28,YK,意大利（Italy),677.66,8.0,4.0,,169.415,169.415,金边团队
2025-03-29 07:49:51.269000,2025-03-28,HW,印度（India）,4765.74,700.0,305.0,,15.62537705,15.62537705,金边团队
2025-03-29 08:21:01.940000,2025-03-29,ZJ,印度（India）,2904.06,433.0,236.0,,12.30533898,12.30533898,郑州团队
2025-03-29 15:48:01.872000,2025-03-28,LYD,法国,253.62,2.0,0.0,,#DIV/0!,#DIV/0!,金边团队
2025-03-29 15:48:32.950000,2025-03-27,LYD,法国,195.59,1.0,0.0,,#DIV/0!,#DIV/0!,金边团队
2025-03-29 19:48:42.093000,2025-03-29,HY,印度（India）,1441.32,283.0,188.0,,7.666595745,7.666595745,郑州团队
2025-03-29 22:27:00.809000,2025-03-29,WD,印度（India）,0.0,0.0,0.0,,#DIV/0!,#DIV/0!,郑州团队
2025-03-29 22:27:38.101000,2025-03-29,WD,意大利（Italy),259.44,6.0,2.0,,129.72,129.72,郑州团队
2025-03-29 22:47:41.003000,2025-03-29,SG,印度（India）,4079.33,721.0,320.0,,12.74790625,12.74790625,郑州团队
2025-03-30 01:40:31.016000,2025-03-29,HW,印度（India）,3372.89,650.0,342.0,,9.862251462,9.862251462,金边团队
2025-03-30 12:54:43.003000,2025-03-29,XC,日本,23.02,0.0,0.0,,#DIV/0!,#DIV/0!,
2025-03-30 22:32:54.132000,2025-03-30,SG,印度（India）,8187.99,1549.0,719.0,,11.38802503,11.38802503,郑州团队
2025-03-30 23:26:57.222000,2025-03-30,WD,印度（India）,0.0,0.0,0.0,,#DIV/0!,#DIV/0!,郑州团队
2025-03-30 23:27:47.847000,2025-03-30,WD,意大利（Italy),288.32,8.0,1.0,,288.32,288.32,郑州团队
2025-03-30 23:30:49.700000,2025-03-30,HW,印度（India）,4526.23,560.0,321.0,,14.10040498,14.10040498,金边团队
2025-03-31 11:39:04.373000,2025-03-30,KL,日本,19.67,0.0,0.0,,#DIV/0!,#DIV/0!,
2025-03-31 18:48:21.156000,2025-03-31,SG,印度（India）,1654.22,234.0,100.0,,16.5422,16.5422,郑州团队
2025-03-31 19:25:17.536000,2025-03-31,ZYH,印度（India）,344.29,38.0,3.0,,114.7633333,114.7633333,郑州团队
2025-04-01 01:54:52.481000,2025-03-31,ZJ,印度（India）,2161.7,346.0,149.0,,14.50805369,14.50805369,郑州团队
2025-04-01 11:10:14.232000,2025-03-31,HW,印度（India）,2191.9,266.0,121.0,,18.11487603,18.11487603,金边团队
2025-04-01 11:14:38.316000,2025-03-31,WD,印度（India）,0.0,0.0,0.0,,#DIV/0!,#DIV/0!,郑州团队
2025-04-01 11:15:02.057000,2025-03-31,WD,意大利（Italy),267.08,5.0,0.0,,#DIV/0!,#DIV/0!,郑州团队
2025-04-01 14:38:09.370000,2025-03-29,YJ,印度（India）,2875.75,420.0,136.0,,21.14522059,21.14522059,郑州团队
2025-04-01 22:27:24.210000,2025-04-01,WD,印度（India）,0.0,0.0,0.0,,#DIV/0!,#DIV/0!,郑州团队
2025-04-01 22:27:45.162000,2025-04-01,WD,意大利（Italy),133.02,0.0,0.0,,#DIV/0!,#DIV/0!,郑州团队
2025-04-02 01:29:12.778000,2025-04-01,SG,日本,0.0,0.0,0.0,,#DIV/0!,#DIV/0!,郑州团队
2025-04-02 02:13:44.481000,2025-04-01,YK,意大利（Italy),347.48,3.0,1.0,,347.48,347.48,金边团队
2025-04-02 13:58:53.685000,2025-04-01,ZJ,意大利（Italy),144.55,3.0,1.0,,144.55,144.55,郑州团队
2025-04-02 19:19:38.950000,2025-04-02,MY,日本,25.81,3.0,0.0,,#DIV/0!,#DIV/0!,金边团队
2025-04-02 22:57:12.190000,2025-04-02,WD,印度（India）,0.0,0.0,0.0,,#DIV/0!,#DIV/0!,郑州团队
2025-04-02 22:57:27.150000,2025-04-02,WD,意大利（Italy),95.02,0.0,0.0,,#DIV/0!,#DIV/0!,郑州团队
2025-04-03 11:29:05.566000,2025-04-02,SG,印度（India）,305.04,67.0,32.0,,9.5325,9.5325,郑州团队
2025-04-03 12:41:15.387000,2025-04-02,YK,意大利（Italy),690.7,10.0,0.0,,#DIV/0!,#DIV/0!,金边团队
2025-04-03 13:01:17.874000,2025-04-01,ZJ,印度（India）,578.27,0.0,0.0,,#DIV/0!,#DIV/0!,郑州团队
2025-04-03 18:24:54.450000,2025-04-03,MY,日本,31.98,0.0,0.0,,#DIV/0!,#DIV/0!,金边团队
2025-04-03 21:57:34.509000,2025-04-03,SG,印度（India）,980.8,183.0,100.0,,9.808,9.808,郑州团队
2025-04-03 21:58:50.824000,2025-04-03,MY,印度（India）,207.45,9.0,6.0,,34.575,34.575,金边团队
2025-04-03 22:38:59.308000,2025-04-03,WD,印度（India）,0.0,0.0,0.0,,#DIV/0!,#DIV/0!,郑州团队
2025-04-03 22:39:18.263000,2025-04-03,WD,意大利（Italy),0.0,0.0,0.0,,#DIV/0!,#DIV/0!,郑州团队
2025-04-04 13:54:46.692000,2025-04-03,YK,意大利（Italy),471.29,9.0,3.0,,157.0966667,157.0966667,金边团队
2025-04-04 22:22:51.017000,2025-04-04,WD,印度（India）,0.0,0.0,0.0,,#DIV/0!,#DIV/0!,郑州团队
2025-04-04 22:23:08.728000,2025-04-04,WD,意大利（Italy),0.0,0.0,0.0,,#DIV/0!,#DIV/0!,郑州团队
2025-04-05 22:21:31.168000,2025-04-05,WD,印度（India）,0.0,0.0,0.0,,#DIV/0!,#DIV/0!,郑州团队
2025-04-05 22:21:48.370000,2025-04-05,WD,意大利（Italy),0.0,0.0,0.0,,#DIV/0!,#DIV/0!,郑州团队
2025-04-06 01:31:57.770000,2025-04-05,YK,意大利（Italy),667.97,23.0,12.0,,55.66416667,55.66416667,金边团队
2025-04-07 00:49:03.867000,2025-04-06,SG,印度（India）,1197.21,235.0,106.0,,11.29443396,11.29443396,郑州团队
2025-04-07 02:09:28.917000,2025-04-06,YK,意大利（Italy),1214.29,33.0,16.0,,75.893125,75.893125,金边团队
2025-04-07 04:22:10.964000,2025-04-06,WD,印度（India）,0.0,0.0,0.0,,#DIV/0!,#DIV/0!,郑州团队
2025-04-07 04:22:43.808000,2025-04-06,WD,意大利（Italy),27.72,0.0,0.0,,#DIV/0!,#DIV/0!,郑州团队
2025-04-07 22:30:32.339000,2025-04-07,WD,印度（India）,0.0,0.0,0.0,,#DIV/0!,#DIV/0!,郑州团队
2025-04-07 22:30:54.628000,2025-04-07,WD,意大利（Italy),144.14,4.0,0.0,,#DIV/0!,#DIV/0!,郑州团队
2025-04-07 23:53:20.476000,2025-04-07,SG,印度（India）,1907.42,237.0,109.0,,17.49926606,17.49926606,郑州团队
2025-04-07 23:58:48.925000,2025-04-07,MY,印度（India）,1050.05,107.0,54.0,,19.44537037,19.44537037,金边团队
2025-04-08 11:08:32.021000,2025-04-07,XW,法国,36.82,3.0,0.0,,#DIV/0!,#DIV/0!,
2025-04-08 11:41:11.184000,2025-04-07,LYD,意大利（Italy),18.28,0.0,0.0,,#DIV/0!,#DIV/0!,金边团队
2025-04-08 12:18:10.773000,2025-04-07,YK,意大利（Italy),1673.9,34.0,14.0,,119.5642857,119.5642857,金边团队
2025-04-08 22:08:17.845000,2025-04-08,WD,印度（India）,0.0,0.0,0.0,,#DIV/0!,#DIV/0!,郑州团队
2025-04-08 22:08:34.381000,2025-04-08,WD,意大利（Italy),0.0,0.0,0.0,,#DIV/0!,#DIV/0!,郑州团队
2025-04-09 01:22:21.111000,2025-04-08,MY,印度（India）,1977.85,233.0,95.0,,20.81947368,20.81947368,金边团队
2025-04-09 01:55:10.875000,2025-04-08,SG,印度（India）,496.08,79.0,39.0,,12.72,12.72,郑州团队
2025-04-09 01:58:01.804000,2025-04-08,HY,印度（India）,149.89,4.0,0.0,,#DIV/0!,#DIV/0!,郑州团队
2025-04-09 03:04:11.616000,2025-04-08,LYD,意大利（Italy),68.99,4.0,3.0,,22.99666667,22.99666667,金边团队
2025-04-09 11:46:25.462000,2025-04-08,YJ,意大利（Italy),14.37,0.0,0.0,,#DIV/0!,#DIV/0!,郑州团队
2025-04-09 21:48:11.262000,2025-04-09,WD,印度（India）,0.0,0.0,0.0,,#DIV/0!,#DIV/0!,郑州团队
2025-04-09 22:09:10.637000,2025-04-09,WD,意大利（Italy),0.0,0.0,0.0,,#DIV/0!,#DIV/0!,郑州团队
2025-04-09 22:37:19.491000,2025-04-09,HY,印度（India）,2362.22,253.0,93.0,,25.40021505,25.40021505,郑州团队
2025-04-09 22:48:46.902000,2025-04-09,HW,印度（India）,236.62,35.0,13.0,,18.20153846,18.20153846,金边团队
2025-04-09 23:03:13.402000,2025-04-09,ZYH,印度（India）,74.1,11.0,5.0,,14.82,14.82,郑州团队
2025-04-09 23:10:11.600000,2025-04-09,SG,印度（India）,3235.07,627.0,310.0,,10.43570968,10.43570968,郑州团队
2025-04-09 23:13:44.735000,2025-04-09,MY,印度（India）,1226.36,162.0,49.0,,25.0277551,25.0277551,金边团队
2025-04-10 10:21:54.528000,2025-04-09,YJ,意大利（Italy),179.63,12.0,3.0,,59.87666667,59.87666667,郑州团队
2025-04-10 12:01:58.821000,2025-04-09,XW,法国,257.17,17.0,1.0,,257.17,257.17,
2025-04-10 17:15:15.787000,2025-04-09,XC,法国,96.15,3.0,0.0,,#DIV/0!,#DIV/0!,
2025-04-10 20:38:18.213000,2025-04-10,ZYH,印度（India）,250.58,26.0,12.0,,20.88166667,20.88166667,郑州团队
2025-04-10 23:58:25.838000,2025-04-10,MY,印度（India）,3023.38,491.0,194.0,,15.58443299,15.58443299,金边团队
2025-04-11 00:25:17.034000,2025-04-10,SG,印度（India）,5938.69,924.0,423.0,,14.03945626,14.03945626,郑州团队
2025-04-11 11:51:15.728000,2025-04-10,YJ,意大利（Italy),376.78,24.0,4.0,,94.195,94.195,郑州团队
2025-04-11 11:51:53.617000,2025-04-10,ZYH,意大利（Italy),50.52,2.0,1.0,,50.52,50.52,郑州团队
2025-04-11 12:10:00.300000,2025-04-10,WD,印度（India）,0.0,0.0,0.0,,#DIV/0!,#DIV/0!,郑州团队
2025-04-11 12:10:31.618000,2025-04-10,WD,意大利（Italy),161.09,2.0,1.0,,161.09,161.09,郑州团队
2025-04-11 12:16:47.816000,2025-04-10,LYD,意大利（Italy),41.44,0.0,0.0,,#DIV/0!,#DIV/0!,金边团队
2025-04-11 22:18:13.955000,2025-04-11,MY,印度（India）,2828.06,392.0,144.0,,19.63930556,19.63930556,金边团队
2025-04-12 00:04:51.717000,2025-04-11,SG,印度（India）,9044.17,1563.0,774.0,,11.68497416,11.68497416,郑州团队
2025-04-12 11:25:06.052000,2025-04-11,ZYH,意大利（Italy),63.3,1.0,0.0,,#DIV/0!,#DIV/0!,郑州团队
2025-04-12 11:56:46.579000,2025-04-11,XW,德国（Germany）,20.76,0.0,0.0,,#DIV/0!,#DIV/0!,
2025-04-12 12:00:05.816000,2025-04-11,WD,印度（India）,0.0,0.0,0.0,,#DIV/0!,#DIV/0!,郑州团队
2025-04-12 12:01:11.704000,2025-04-11,WD,意大利（Italy),83.52,1.0,0.0,,#DIV/0!,#DIV/0!,郑州团队
2025-04-12 12:13:32.356000,2025-04-11,LYD,意大利（Italy),46.49,3.0,1.0,,46.49,46.49,金边团队
2025-04-12 14:14:15.766000,2025-04-11,BL,意大利（Italy),0.04,0.0,0.0,,#DIV/0!,#DIV/0!,
2025-04-12 23:03:51.745000,2025-04-12,WD,意大利（Italy),59.71,5.0,6.0,,9.951666667,9.951666667,郑州团队
2025-04-12 23:34:46.280000,2025-04-12,SG,印度（India）,4968.31,785.0,361.0,,13.76263158,13.76263158,郑州团队
2025-04-13 00:03:47.615000,2025-04-12,MY,印度（India）,6194.03,933.0,393.0,,15.76089059,15.76089059,金边团队
2025-04-13 11:58:44.123000,2025-04-12,BL,意大利（Italy),214.15,9.0,1.0,,214.15,214.15,
2025-04-13 19:36:00.724000,2025-04-13,ZYH,印度（India）,263.92,13.0,5.0,,52.784,52.784,郑州团队
2025-04-13 19:47:05.690000,2025-04-13,MY,印度（India）,1253.47,167.0,74.0,,16.93878378,16.93878378,金边团队
2025-04-13 23:17:01.868000,2025-04-13,SG,印度（India）,6084.87,982.0,457.0,,13.314814,13.314814,郑州团队
2025-04-14 12:00:49.933000,2025-04-13,ZYH,意大利（Italy),182.5,7.0,2.0,,91.25,91.25,郑州团队
2025-04-14 12:09:39.407000,2025-04-13,LYD,意大利（Italy),377.64,7.0,3.0,,125.88,125.88,金边团队
2025-04-14 12:13:40.600000,2025-04-13,WD,意大利（Italy),157.91,1.0,0.0,,#DIV/0!,#DIV/0!,郑州团队
2025-04-14 12:45:04.025000,2025-04-13,BL,意大利（Italy),285.85,15.0,4.0,,71.4625,71.4625,
2025-04-14 23:25:06.039000,2025-04-14,SG,印度（India）,3044.14,527.0,200.0,,15.2207,15.2207,郑州团队
2025-04-14 23:30:46.493000,2025-04-14,HY,印度（India）,114.1,21.0,4.0,,28.525,28.525,郑州团队
2025-04-14 23:37:20.593000,2025-04-14,MY,印度（India）,4078.87,585.0,241.0,,16.92477178,16.92477178,金边团队
2025-04-14 23:55:11.566000,2025-04-14,YJ,印度（India）,97.25,7.0,2.0,,48.625,48.625,郑州团队
2025-04-15 10:24:21.265000,2025-04-14,YK,德国（Germany）,53.51,0.0,0.0,,#DIV/0!,#DIV/0!,金边团队
2025-04-15 11:29:12.722000,2025-04-14,ZYH,德国（Germany）,87.51,1.0,0.0,,#DIV/0!,#DIV/0!,郑州团队
2025-04-15 12:03:06.579000,2025-04-14,ZYH,意大利（Italy),168.17,7.0,2.0,,84.085,84.085,郑州团队
2025-04-15 12:08:24.419000,2025-04-14,WD,意大利（Italy),163.2,6.0,1.0,,163.2,163.2,郑州团队
2025-04-15 14:14:35.800000,2025-04-14,BL,意大利（Italy),604.69,46.0,0.0,,#DIV/0!,#DIV/0!,
2025-04-15 16:27:31.654000,2025-04-14,LYD,意大利（Italy),828.12,17.0,1.0,,828.12,828.12,金边团队
2025-04-15 23:14:23.405000,2025-04-15,MY,印度（India）,2877.51,422.0,127.0,,22.65755906,22.65755906,金边团队
2025-04-15 23:22:20.658000,2025-04-15,YJ,印度（India）,1056.9,152.0,64.0,,16.5140625,16.5140625,郑州团队
2025-04-15 23:27:21.056000,2025-04-15,BL,意大利（Italy),168.46,7.0,0.0,,#DIV/0!,#DIV/0!,
2025-04-15 23:48:44.059000,2025-04-15,SG,印度（India）,4069.73,763.0,302.0,,13.47592715,13.47592715,郑州团队
2025-04-16 00:59:12.583000,2025-04-15,HY,印度（India）,2000.77,351.0,176.0,,11.36801136,11.36801136,郑州团队
2025-04-16 11:20:34.730000,2025-04-15,WD,意大利（Italy),145.78,7.0,1.0,,145.78,145.78,郑州团队
2025-04-16 11:23:57.547000,2025-04-15,ZYH,意大利（Italy),120.63,4.0,1.0,,120.63,120.63,郑州团队
2025-04-16 14:57:39.880000,2025-04-15,LYD,意大利（Italy),644.01,28.0,10.0,,64.401,64.401,金边团队
2025-04-16 22:59:59.771000,2025-04-16,YJ,印度（India）,1758.81,238.0,99.0,,17.76575758,17.76575758,郑州团队
2025-04-16 23:47:11.236000,2025-04-16,MY,印度（India）,1967.29,309.0,96.0,,20.49260417,20.49260417,金边团队
2025-04-17 00:06:47.135000,2025-04-16,SG,印度（India）,4326.0,736.0,267.0,,16.20224719,16.20224719,郑州团队
2025-04-17 01:14:50.064000,2025-04-16,HY,印度（India）,6371.95,967.0,438.0,,14.54783105,14.54783105,郑州团队
2025-04-17 11:06:58.486000,2025-04-16,WD,意大利（Italy),345.93,19.0,4.0,,86.4825,86.4825,郑州团队
2025-04-17 11:13:50.598000,2025-04-16,ZYH,意大利（Italy),128.73,5.0,2.0,,64.365,64.365,郑州团队
2025-04-17 11:15:46.066000,2025-04-16,ZYH,德国（Germany）,117.08,3.0,0.0,,#DIV/0!,#DIV/0!,郑州团队
2025-04-17 11:34:21.382000,2025-04-16,YK,德国（Germany）,299.19,3.0,0.0,,#DIV/0!,#DIV/0!,金边团队
2025-04-17 15:38:16.547000,2025-04-16,LYD,意大利（Italy),628.01,21.0,3.0,,209.3366667,209.3366667,金边团队
2025-04-17 21:15:08.314000,2025-04-17,MY,印度（India）,1023.46,162.0,28.0,,36.55214286,36.55214286,金边团队
2025-04-17 23:53:05.126000,2025-04-17,SG,印度（India）,4428.35,725.0,297.0,,14.91026936,14.91026936,郑州团队
2025-04-18 00:02:13.263000,2025-04-17,YJ,印度（India）,2126.81,283.0,120.0,,17.72341667,17.72341667,郑州团队
2025-04-18 04:26:45.130000,2025-04-17,HY,印度（India）,4138.31,559.0,269.0,,15.38405204,15.38405204,郑州团队
2025-04-18 11:08:29.030000,2025-04-18,HW,印度（India）,551.75,90.0,39.0,,14.1474359,14.1474359,金边团队
2025-04-18 11:23:00.435000,2025-04-17,WD,意大利（Italy),104.53,8.0,4.0,,26.1325,26.1325,郑州团队
2025-04-18 11:25:44.787000,2025-04-17,ZYH,德国（Germany）,40.17,2.0,0.0,,#DIV/0!,#DIV/0!,郑州团队
2025-04-18 12:04:25.926000,2025-04-17,YK,德国（Germany）,347.93,4.0,0.0,,#DIV/0!,#DIV/0!,金边团队
2025-04-18 15:48:01.788000,2025-04-17,LYD,意大利（Italy),229.73,7.0,3.0,,76.57666667,76.57666667,金边团队
2025-04-18 21:22:09.437000,2025-04-18,HY,印度（India）,4314.92,645.0,296.0,,14.57743243,14.57743243,郑州团队
2025-04-18 22:21:40.453000,2025-04-18,MY,印度（India）,2827.49,486.0,158.0,,17.89550633,17.89550633,金边团队
2025-04-18 22:28:58.514000,2025-04-18,SG,印度（India）,10057.28,1473.0,666.0,,15.10102102,15.10102102,郑州团队
2025-04-18 22:37:17.886000,2025-04-18,YJ,印度（India）,2171.96,365.0,137.0,,15.85372263,15.85372263,郑州团队
2025-04-19 11:14:18.166000,2025-04-18,BL,意大利（Italy),191.31999999999994,6.0,0.0,,#DIV/0!,#DIV/0!,
2025-04-19 12:58:32.102000,2025-04-18,ZYH,德国（Germany）,79.92,5.0,0.0,,#DIV/0!,#DIV/0!,郑州团队
2025-04-19 12:59:04.144000,2025-04-18,YK,德国（Germany）,165.17,5.0,4.0,,41.2925,41.2925,金边团队
2025-04-19 13:29:25.875000,2025-04-18,ZYH,意大利（Italy),141.62,5.0,2.0,,70.81,70.81,郑州团队
2025-04-19 13:30:00.823000,2025-04-18,WD,意大利（Italy),199.36,14.0,3.0,,66.45333333,66.45333333,郑州团队
2025-04-19 18:22:37.578000,2025-04-19,MY,印度（India）,3215.25,607.0,240.0,,13.396875,13.396875,金边团队
2025-04-19 20:57:19.128000,2025-04-19,SG,印度（India）,3967.84,713.0,281.0,,14.12042705,14.12042705,郑州团队
2025-04-19 23:25:40.856000,2025-04-19,YJ,印度（India）,754.44,140.0,23.0,,32.80173913,32.80173913,郑州团队
2025-04-20 04:21:27.449000,2025-04-19,HY,印度（India）,2602.55,406.0,172.0,,15.13110465,15.13110465,郑州团队
2025-04-20 12:42:42.782000,2025-04-19,WD,意大利（Italy),307.71,36.0,4.0,,76.9275,76.9275,郑州团队
2025-04-20 15:20:24.567000,2025-04-19,YK,德国（Germany）,227.43,3.0,1.0,,227.43,227.43,金边团队
2025-04-20 15:49:44.601000,2025-04-19,ZYH,意大利（Italy),48.24,2.0,1.0,,48.24,48.24,郑州团队
2025-04-20 15:55:40.343000,2025-04-19,ZYH,德国（Germany）,57.78,2.0,0.0,,#DIV/0!,#DIV/0!,郑州团队
2025-04-20 22:40:32.776000,2025-04-20,YJ,印度（India）,4771.52,808.0,303.0,,15.74759076,15.74759076,郑州团队
2025-04-20 22:56:21.153000,2025-04-20,MY,印度（India）,4677.13,1076.0,405.0,,11.54846914,11.54846914,金边团队
2025-04-20 23:51:29.290000,2025-04-20,SG,印度（India）,7418.68,1235.0,480.0,,15.45558333,15.45558333,郑州团队
2025-04-21 00:40:37.202000,2025-04-20,HY,印度（India）,14.04,62.0,27.0,,0.52,0.52,郑州团队
2025-04-21 11:50:41.994000,2025-04-20,WD,意大利（Italy),369.26,14.0,0.0,,#DIV/0!,#DIV/0!,郑州团队
2025-04-21 12:07:20.201000,2025-04-20,ZYH,意大利（Italy),130.54,6.0,0.0,,#DIV/0!,#DIV/0!,郑州团队
2025-04-21 14:06:11.134000,2025-04-18,LYD,意大利（Italy),150.79,7.0,3.0,,50.26333333,50.26333333,金边团队
2025-04-21 22:38:18.729000,2025-04-21,MY,印度（India）,925.35,146.0,48.0,,19.278125,19.278125,金边团队
2025-04-21 22:46:31.674000,2025-04-21,WD,意大利（Italy),558.69,26.0,12.0,,46.5575,46.5575,郑州团队
2025-04-21 23:17:26.221000,2025-04-21,SG,印度（India）,5589.25,1168.0,330.0,,16.93712121,16.93712121,郑州团队
2025-04-21 23:26:39.360000,2025-04-21,YJ,印度（India）,7330.33,1383.0,399.0,,18.37175439,18.37175439,郑州团队
2025-04-22 10:27:14.973000,2025-04-21,HW,印度（India）,1550.65,170.0,65.0,,23.85615385,23.85615385,金边团队
2025-04-22 11:31:27.126000,2025-04-21,YK,德国（Germany）,778.41,25.0,9.0,,86.49,86.49,金边团队
2025-04-22 11:55:26.834000,2025-04-21,ZYH,德国（Germany）,165.68,2.0,0.0,,#DIV/0!,#DIV/0!,郑州团队
2025-04-22 11:56:50.728000,2025-04-21,ZYH,意大利（Italy),92.84,16.0,3.0,,30.94666667,30.94666667,郑州团队
2025-04-22 14:30:21.585000,2025-04-21,LYD,意大利（Italy),943.5,34.0,8.0,,117.9375,117.9375,金边团队
2025-04-22 23:09:34.302000,2025-04-22,SG,印度（India）,15048.88,2768.0,940.0,,16.00944681,16.00944681,郑州团队
2025-04-22 23:12:25.519000,2025-04-22,MY,印度（India）,1647.11,340.0,121.0,,13.61247934,13.61247934,金边团队
2025-04-22 23:19:36.914000,2025-04-22,YJ,印度（India）,5218.84,964.0,317.0,,16.46321767,16.46321767,郑州团队
2025-04-23 03:50:03.136000,2025-04-22,HY,印度（India）,493.33,41.0,28.0,,17.61892857,17.61892857,郑州团队
2025-04-23 11:09:23.069000,2025-04-22,HW,印度（India）,5449.35,1200.0,387.0,,14.08100775,14.08100775,金边团队
2025-04-23 11:31:45.566000,2025-04-22,WD,意大利（Italy),1202.34,60.0,29.0,,41.46,41.46,郑州团队
2025-04-23 11:40:36.624000,2025-04-22,ZYH,意大利（Italy),592.85,8.0,1.0,,592.85,592.85,郑州团队
2025-04-23 12:46:46.433000,2025-04-22,ZYH,德国（Germany）,125.43,4.0,2.0,,62.715,62.715,郑州团队
2025-04-23 12:48:06.002000,2025-04-22,YK,德国（Germany）,646.38,22.0,16.0,,40.39875,40.39875,金边团队
2025-04-23 22:44:57.766000,2025-04-23,HY,印度（India）,649.06,69.0,48.0,,13.52208333,13.52208333,郑州团队
2025-04-23 23:19:39.812000,2025-04-23,MY,印度（India）,6274.84,1369.0,355.0,,17.67560563,17.67560563,金边团队
2025-04-23 23:23:55.592000,2025-04-23,SG,印度（India）,1296.17,237.0,84.0,,15.43059524,15.43059524,郑州团队
2025-04-23 23:42:40.488000,2025-04-23,YJ,印度（India）,7724.0,1429.0,493.0,,15.6673428,15.6673428,郑州团队
2025-04-24 10:50:20.633000,2025-04-23,HW,印度（India）,1151.34,250.0,52.0,,22.14115385,22.14115385,金边团队
2025-04-24 11:22:40.715000,2025-04-23,ZYH,意大利（Italy),153.75,2.0,0.0,,#DIV/0!,#DIV/0!,郑州团队
2025-04-24 11:40:15.315000,2025-04-23,WD,意大利（Italy),1044.83,80.0,7.0,,149.2614286,149.2614286,郑州团队
2025-04-24 11:47:04.344000,2025-04-23,ZYH,德国（Germany）,77.53,1.0,0.0,,#DIV/0!,#DIV/0!,郑州团队
2025-04-24 12:04:51.341000,2025-04-23,ZJ,意大利（Italy),116.64,3.0,0.0,,#DIV/0!,#DIV/0!,郑州团队
2025-04-24 12:33:04.494000,2025-04-23,YK,德国（Germany）,502.95,11.0,5.0,,100.59,100.59,金边团队
2025-04-24 14:13:14.325000,2025-04-22,LYD,意大利（Italy),275.41,0.0,0.0,,#DIV/0!,#DIV/0!,金边团队
2025-04-24 14:13:49.878000,2025-04-23,LYD,意大利（Italy),415.36,36.0,0.0,,#DIV/0!,#DIV/0!,金边团队
2025-04-24 22:55:37.024000,2025-04-24,HY,印度（India）,977.26,110.0,70.0,,13.96085714,13.96085714,郑州团队
2025-04-24 23:02:03.811000,2025-04-24,MY,印度（India）,5977.37,1085.0,349.0,,17.12713467,17.12713467,金边团队
2025-04-24 23:32:41.429000,2025-04-24,YJ,印度（India）,8090.08,1427.0,503.0,,16.08365805,16.08365805,郑州团队
2025-04-25 01:10:11.256000,2025-04-24,SG,印度（India）,17916.8,3123.0,985.0,,18.18964467,18.18964467,郑州团队
2025-04-25 11:26:15.399000,2025-04-24,HW,印度（India）,7628.52,1250.0,314.0,,24.29464968,24.29464968,金边团队
2025-04-25 11:56:12.103000,2025-04-24,WD,意大利（Italy),842.96,35.0,0.0,,#DIV/0!,#DIV/0!,郑州团队
2025-04-25 12:18:53.008000,2025-04-24,ZJ,意大利（Italy),295.17,7.0,1.0,,295.17,295.17,郑州团队
2025-04-25 12:28:20.332000,2025-04-24,ZYH,意大利（Italy),63.34,1.0,0.0,,#DIV/0!,#DIV/0!,郑州团队
2025-04-25 12:40:36.725000,2025-04-24,YK,德国（Germany）,284.09,11.0,5.0,,56.818,56.818,金边团队
2025-04-25 12:41:14.941000,2025-04-24,YK,意大利（Italy),288.6,1.0,0.0,,#DIV/0!,#DIV/0!,金边团队
2025-04-25 23:03:30.234000,2025-04-25,MY,印度（India）,7894.17,1446.0,391.0,,20.18969309,20.18969309,金边团队
2025-04-25 23:10:33.885000,2025-04-25,YJ,印度（India）,5652.43,917.0,259.0,,21.82405405,21.82405405,郑州团队
2025-04-25 23:10:48.016000,2025-04-25,SG,印度（India）,7780.73,1423.0,364.0,,21.37563187,21.37563187,郑州团队
2025-04-26 02:42:50.698000,2025-04-25,HW,印度（India）,2459.48,462.0,184.0,,13.36673913,13.36673913,金边团队
2025-04-26 12:12:21.258000,2025-04-25,WD,意大利（Italy),884.63,35.0,8.0,,110.57875,110.57875,郑州团队
2025-04-26 15:56:55.611000,2025-04-25,YK,德国（Germany）,105.89,4.0,1.0,,105.89,105.89,金边团队
2025-04-26 15:57:34.910000,2025-04-25,YK,意大利（Italy),196.15,3.0,0.0,,#DIV/0!,#DIV/0!,金边团队
2025-04-26 23:04:26.980000,2025-04-26,MY,印度（India）,4467.44,752.0,208.0,,21.47807692,21.47807692,金边团队
2025-04-26 23:08:23.392000,2025-04-26,YJ,印度（India）,1871.9,311.0,75.0,,24.95866667,24.95866667,郑州团队
2025-04-26 23:31:28.321000,2025-04-26,SG,印度（India）,6652.27,1239.0,383.0,,17.36885117,17.36885117,郑州团队
2025-04-27 11:55:21.895000,2025-04-26,HW,印度（India）,6530.46,1300.0,387.0,,16.87457364,16.87457364,金边团队
2025-04-27 13:49:03.548000,2025-04-26,WD,意大利（Italy),466.85,40.0,0.0,,#DIV/0!,#DIV/0!,郑州团队
2025-04-27 23:06:38.201000,2025-04-27,MY,印度（India）,218.61,38.0,13.0,,16.81615385,16.81615385,金边团队
2025-04-27 23:58:52.773000,2025-04-27,SG,印度（India）,2458.83,453.0,142.0,,17.31570423,17.31570423,郑州团队
2025-04-28 10:14:50.506000,2025-04-27,HW,印度（India）,9406.09,1600.0,550.0,,17.10198182,17.10198182,金边团队
2025-04-28 11:39:36.765000,2025-04-27,WD,意大利（Italy),636.7,25.0,0.0,,#DIV/0!,#DIV/0!,郑州团队
2025-04-28 11:44:48.409000,2025-04-27,YJ,印度（India）,4494.47,847.0,191.0,,23.53125654,23.53125654,郑州团队
2025-04-28 15:28:29.484000,2025-04-27,LYD,意大利（Italy),477.06,0.0,0.0,,#DIV/0!,#DIV/0!,金边团队
2025-04-28 22:15:12.668000,2025-04-28,WD,意大利（Italy),94.55,7.0,11.0,,8.595454545,8.595454545,郑州团队
2025-04-28 23:14:13.416000,2025-04-28,MY,印度（India）,2377.11,604.0,299.0,,7.950200669,7.950200669,金边团队
2025-04-28 23:19:14.137000,2025-04-28,SG,印度（India）,2944.72,572.0,171.0,,17.2205848,17.2205848,郑州团队
2025-04-28 23:21:09.039000,2025-04-28,YJ,印度（India）,1080.26,140.0,46.0,,23.48391304,23.48391304,郑州团队
2025-04-29 04:31:11.694000,2025-04-28,HW,印度（India）,6633.65,1300.0,472.0,,14.05434322,14.05434322,金边团队
2025-04-29 12:34:22.377000,2025-04-28,ZJ,意大利（Italy),1015.46,42.0,7.0,,145.0657143,145.0657143,郑州团队
2025-04-29 13:05:47.510000,2025-04-25,HY,印度（India）,2048.86,451.0,159.0,,12.88591195,12.88591195,郑州团队
2025-04-29 13:26:33.360000,2025-04-28,LYD,意大利（Italy),433.66,31.0,1.0,,433.66,433.66,金边团队
2025-04-29 23:18:45.502000,2025-04-29,SG,印度（India）,8875.75,1675.0,796.0,,11.1504397,11.1504397,郑州团队
2025-04-29 23:30:09.211000,2025-04-29,YJ,印度（India）,6246.13,1210.0,540.0,,11.56690741,11.56690741,郑州团队
2025-04-29 23:37:34.817000,2025-04-29,MY,印度（India）,3824.29,913.0,385.0,,9.933220779,9.933220779,金边团队
2025-04-30 03:11:42.065000,2025-04-29,HY,印度（India）,684.42,71.0,45.0,,15.20933333,15.20933333,郑州团队
2025-04-30 10:28:34.300000,2025-04-29,HW,印度（India）,7476.84,1400.0,469.0,,15.94208955,15.94208955,金边团队
2025-04-30 10:54:42.629000,2025-04-29,WD,意大利（Italy),490.3,10.0,0.0,,#DIV/0!,#DIV/0!,郑州团队
2025-04-30 12:44:51.401000,2025-04-29,XC,马来西亚,117.84,1.0,0.0,,#DIV/0!,#DIV/0!,
2025-04-30 13:41:03.801000,2025-04-29,ZYH,意大利（Italy),278.05,8.0,2.0,,139.025,139.025,郑州团队
2025-04-30 14:19:34.055000,2025-04-29,ZJ,意大利（Italy),1266.15,46.0,7.0,,180.8785714,180.8785714,郑州团队
2025-04-30 22:59:40.390000,2025-04-30,HY,印度（India）,3392.67,574.0,254.0,,13.3569685,13.3569685,郑州团队
2025-04-30 23:04:04.071000,2025-04-30,YJ,印度（India）,2489.68,452.0,183.0,,13.60480874,13.60480874,郑州团队
2025-04-30 23:06:22.080000,2025-04-30,MY,印度（India）,7206.3,1443.0,562.0,,12.82259786,12.82259786,金边团队
2025-04-30 23:55:04.309000,2025-04-30,SG,印度（India）,4388.75,806.0,353.0,,12.43271955,12.43271955,郑州团队
2025-05-01 00:28:47.085000,2025-04-30,BL,马来西亚,174.28,7.0,2.0,,87.14,87.14,
2025-05-01 09:16:33.343000,2025-04-30,XC,马来西亚,219.02,6.0,0.0,,#DIV/0!,#DIV/0!,
2025-05-01 12:59:47.361000,2025-04-30,HW,印度（India）,4657.5,820.0,251.0,,18.55577689,18.55577689,金边团队
2025-05-01 13:06:08.054000,2025-04-30,ZYH,意大利（Italy),780.7,10.0,2.0,,390.35,390.35,郑州团队
2025-05-01 14:05:02.287000,2025-04-30,YK,德国（Germany）,614.81,17.0,5.0,,122.962,122.962,金边团队
2025-05-01 14:06:57.202000,2025-04-30,YK,意大利（Italy),261.81,3.0,0.0,,#DIV/0!,#DIV/0!,金边团队
2025-05-01 14:25:13.850000,2025-04-29,LYD,意大利（Italy),473.41,46.0,2.0,,236.705,236.705,金边团队
2025-05-01 14:40:56.768000,2025-04-30,XW,马来西亚,247.74,12.0,3.0,,82.58,82.58,
2025-05-01 15:30:20.504000,2025-04-30,WD,意大利（Italy),488.74,25.0,4.0,,122.185,122.185,郑州团队
2025-05-01 15:52:07.804000,2025-04-30,LYD,意大利（Italy),814.87,0.0,0.0,,#DIV/0!,#DIV/0!,金边团队
2025-05-01 18:34:10.312000,2025-04-30,ZJ,意大利（Italy),922.33,35.0,5.0,,184.466,184.466,郑州团队
2025-05-01 22:04:38.418000,2025-05-01,MY,印度（India）,2606.03,511.0,157.0,,16.5989172,16.5989172,金边团队
2025-05-01 23:08:39.678000,2025-05-01,SG,印度（India）,4663.41,825.0,367.0,,12.70683924,12.70683924,郑州团队
2025-05-01 23:51:44.120000,2025-05-01,YJ,印度（India）,6932.35,1150.0,435.0,,15.93643678,15.93643678,郑州团队
2025-05-02 05:23:44.529000,2025-05-01,HY,印度（India）,5035.71,556.0,363.0,,13.87247934,13.87247934,郑州团队
2025-05-02 06:59:38.275000,2025-05-01,XW,马来西亚,288.39,14.0,4.0,,72.0975,72.0975,
2025-05-02 09:22:28.881000,2025-05-01,XC,马来西亚,357.58,9.0,4.0,,89.395,89.395,
2025-05-02 11:01:11.167000,2025-05-01,HW,印度（India）,4194.73,900.0,220.0,,19.06695455,19.06695455,金边团队
2025-05-02 12:34:35.586000,2025-05-01,BL,马来西亚,101.68,4.0,0.0,,#DIV/0!,#DIV/0!,
2025-05-02 12:56:33.390000,2025-05-01,WD,意大利（Italy),147.6,12.0,4.0,,36.9,36.9,郑州团队
2025-05-02 14:38:06.376000,2025-05-01,YK,德国（Germany）,691.19,20.0,5.0,,138.238,138.238,金边团队
2025-05-02 19:38:23.287000,2025-05-01,ZYH,意大利（Italy),829.11,9.0,3.0,,276.37,276.37,郑州团队
2025-05-02 22:04:34.152000,2025-05-02,XC,马来西亚,460.0,6.0,2.0,,230,230,
2025-05-02 22:45:02.771000,2025-05-02,XW,马来西亚,268.36,17.0,6.0,,44.72666667,44.72666667,
2025-05-02 23:06:11.995000,2025-05-02,YJ,印度（India）,5048.89,901.0,308.0,,16.3925,16.3925,郑州团队
2025-05-02 23:21:46.041000,2025-05-02,MY,印度（India）,5077.8,928.0,287.0,,17.69268293,17.69268293,金边团队
2025-05-03 03:24:37.460000,2025-05-02,BL,马来西亚,24.05,3.0,0.0,,#DIV/0!,#DIV/0!,
2025-05-03 05:30:15.855000,2025-05-02,HY,印度（India）,1235.72,168.0,72.0,,17.16277778,17.16277778,郑州团队
2025-05-03 08:52:09.006000,2025-05-02,WD,意大利（Italy),465.39,46.0,7.0,,66.48428571,66.48428571,郑州团队
2025-05-03 11:47:21.503000,2025-05-02,HW,印度（India）,3503.36,900.0,155.0,,22.60232258,22.60232258,金边团队
2025-05-03 15:42:50.123000,2025-05-01,LYD,意大利（Italy),1200.6,80.0,20.0,,60.03,60.03,金边团队
2025-05-03 17:43:55.395000,2025-05-02,YK,德国（Germany）,267.88,5.0,1.0,,267.88,267.88,金边团队
2025-05-03 23:13:34.824000,2025-05-03,SG,印度（India）,8150.32,1456.0,634.0,,12.85539432,12.85539432,郑州团队
2025-05-03 23:51:07.027000,2025-05-03,MY,印度（India）,7009.62,1679.0,557.0,,12.58459605,12.58459605,金边团队
2025-05-03 23:51:38.309000,2025-05-03,YJ,印度（India）,3352.6,598.0,169.0,,19.83786982,19.83786982,郑州团队
2025-05-04 05:16:33.628000,2025-05-03,HY,印度（India）,1693.23,249.0,125.0,,13.54584,13.54584,郑州团队
2025-05-04 12:10:56.442000,2025-05-03,HW,印度（India）,2502.33,400.0,138.0,,18.13282609,18.13282609,金边团队
2025-05-04 14:09:58.328000,2025-05-03,WD,意大利（Italy),371.62,23.0,0.0,,#DIV/0!,#DIV/0!,郑州团队
2025-05-04 23:10:18.951000,2025-05-04,MY,印度（India）,6380.14,1361.0,412.0,,15.4857767,15.4857767,金边团队
2025-05-04 23:35:12.964000,2025-05-04,YJ,印度（India）,4622.46,897.0,266.0,,17.37766917,17.37766917,郑州团队
2025-05-05 00:24:12.872000,2025-05-04,SG,印度（India）,15272.91,2876.0,1033.0,,14.78500484,14.78500484,郑州团队
2025-05-05 06:25:47.336000,2025-05-04,HY,印度（India）,2955.35,330.0,160.0,,18.4709375,18.4709375,郑州团队
2025-05-05 10:53:56.092000,2025-05-04,HW,印度（India）,1858.66,412.0,51.0,,36.44431373,36.44431373,金边团队
2025-05-05 19:55:39.038000,2025-05-04,WD,意大利（Italy),340.15,35.0,0.0,,#DIV/0!,#DIV/0!,郑州团队
2025-05-05 21:27:04.748000,2025-05-05,WD,意大利（Italy),50.13,0.0,3.0,,16.71,16.71,郑州团队
2025-05-05 23:29:54.153000,2025-05-05,YJ,印度（India）,2787.76,480.0,86.0,,32.41581395,32.41581395,郑州团队
2025-05-06 00:28:55.768000,2025-05-05,MY,印度（India）,6108.92,1056.0,324.0,,18.85469136,18.85469136,金边团队
2025-05-06 00:37:27.120000,2025-05-05,SG,印度（India）,2412.34,503.0,204.0,,11.82519608,11.82519608,郑州团队
2025-05-06 01:19:18.920000,2025-05-05,BL,马来西亚,200.0,5.0,0.0,,#DIV/0!,#DIV/0!,
2025-05-06 13:11:07.857000,2025-05-05,YK,德国（Germany）,495.52,12.0,0.0,,#DIV/0!,#DIV/0!,金边团队
2025-05-06 14:38:37.493000,2025-05-05,XW,马来西亚,257.36,10.0,3.0,,85.78666667,85.78666667,
2025-05-06 20:59:06.855000,2025-05-06,SG,印度（India）,10322.32,2155.0,629.0,,16.41068362,16.41068362,郑州团队
2025-05-06 21:07:13.487000,2025-05-06,HY,印度（India）,310.65,44.0,20.0,,15.5325,15.5325,郑州团队
2025-05-06 21:44:25.570000,2025-05-06,MY,印度（India）,1801.71,369.0,115.0,,15.66704348,15.66704348,金边团队
2025-05-06 22:11:53.437000,2025-05-06,WD,德国（Germany）,169.01,5.0,2.0,,84.505,84.505,郑州团队
2025-05-06 23:34:25.971000,2025-05-06,YJ,印度（India）,2361.89,353.0,109.0,,21.6687156,21.6687156,郑州团队
2025-05-07 10:52:50.097000,2025-05-06,ZYH,德国（Germany）,521.31,5.0,0.0,,#DIV/0!,#DIV/0!,郑州团队
2025-05-07 11:52:14.272000,2025-05-06,YK,德国（Germany）,143.63,6.0,1.0,,143.63,143.63,金边团队
2025-05-07 12:15:04.746000,2025-05-06,LYD,德国（Germany）,54.42,5.0,1.0,,54.42,54.42,金边团队
2025-05-07 22:15:32.357000,2025-05-07,XC,马来西亚,32.63,2.0,1.0,,32.63,32.63,
2025-05-07 22:27:18.984000,2025-05-07,XW,马来西亚,358.26,13.0,2.0,,179.13,179.13,
2025-05-07 22:58:10.435000,2025-05-07,MY,印度（India）,1878.03,402.0,83.0,,22.62686747,22.62686747,金边团队
2025-05-07 23:34:25.003000,2025-05-07,YJ,印度（India）,2364.43,405.0,86.0,,27.49337209,27.49337209,郑州团队
2025-05-08 00:14:23.776000,2025-05-07,SG,印度（India）,2470.07,432.0,182.0,,13.57181319,13.57181319,郑州团队
2025-05-08 00:52:08.385000,2025-05-07,HY,印度（India）,600.13,57.0,30.0,,20.00433333,20.00433333,郑州团队
2025-05-08 10:48:55.107000,2025-05-07,WD,德国（Germany）,194.3,5.0,1.0,,194.3,194.3,郑州团队
2025-05-08 11:34:53.676000,2025-05-07,LYD,德国（Germany）,72.85,3.0,1.0,,72.85,72.85,金边团队
2025-05-08 11:56:04.575000,2025-05-07,ZYH,德国（Germany）,218.72,1.0,0.0,,#DIV/0!,#DIV/0!,郑州团队
2025-05-08 12:17:01.915000,2025-05-07,YK,德国（Germany）,343.34,8.0,4.0,,85.835,85.835,金边团队
2025-05-08 12:55:37.841000,2025-05-07,YK,意大利（Italy),179.28,0.0,0.0,,#DIV/0!,#DIV/0!,金边团队
2025-05-08 22:55:39.842000,2025-05-08,MY,印度（India）,2337.63,522.0,108.0,,21.64472222,21.64472222,金边团队
2025-05-08 23:38:37.070000,2025-05-08,XC,马来西亚,79.95,5.0,4.0,,19.9875,19.9875,
2025-05-08 23:44:54.669000,2025-05-08,YJ,印度（India）,1003.76,175.0,37.0,,27.12864865,27.12864865,郑州团队
2025-05-09 01:37:14.992000,2025-05-08,SG,印度（India）,3709.9,783.0,185.0,,20.05351351,20.05351351,郑州团队
2025-05-09 10:55:43.462000,2025-05-08,ZYH,德国（Germany）,50.92,2.0,2.0,,25.46,25.46,郑州团队
2025-05-09 12:11:25.894000,2025-05-08,YK,德国（Germany）,428.19,11.0,0.0,,#DIV/0!,#DIV/0!,金边团队
2025-05-09 12:24:46.027000,2025-05-08,LYD,德国（Germany）,68.62,0.0,0.0,,#DIV/0!,#DIV/0!,金边团队
2025-05-09 15:56:17.218000,2025-05-08,XW,马来西亚,171.62,3.0,0.0,,#DIV/0!,#DIV/0!,
2025-05-09 22:03:28.255000,2025-05-09,LYD,德国（Germany）,33.22,0.0,0.0,,#DIV/0!,#DIV/0!,金边团队
2025-05-09 22:06:58.227000,2025-05-09,WD,德国（Germany）,680.5,24.0,1.0,,680.5,680.5,郑州团队
2025-05-09 22:54:59.891000,2025-05-09,YJ,印度（India）,1224.72,235.0,65.0,,18.84184615,18.84184615,郑州团队
2025-05-09 23:12:56.914000,2025-05-09,MY,印度（India）,5813.98,981.0,363.0,,16.01647383,16.01647383,金边团队
2025-05-09 23:13:58.552000,2025-05-09,HY,印度（India）,499.16,309.0,30.0,,16.63866667,16.63866667,郑州团队
2025-05-09 23:14:17.165000,2025-05-09,SG,印度（India）,3528.44,673.0,223.0,,15.8226009,15.8226009,郑州团队
2025-05-10 11:13:49.744000,2025-05-09,HW,印度（India）,2617.16,300.0,66.0,,39.65393939,39.65393939,金边团队
2025-05-10 11:51:16.526000,2025-05-09,YK,德国（Germany）,559.23,8.0,1.0,,559.23,559.23,金边团队
2025-05-10 12:00:06.394000,2025-05-09,ZYH,德国（Germany）,93.36,4.0,0.0,,#DIV/0!,#DIV/0!,郑州团队
2025-05-10 21:39:03.308000,2025-05-10,YJ,印度（India）,62.47,26.0,13.0,,4.805384615,4.805384615,郑州团队
2025-05-10 22:12:39.375000,2025-05-10,ZYH,德国（Germany）,65.58,2.0,1.0,,65.58,65.58,郑州团队
2025-05-10 22:16:02.052000,2025-05-10,LYD,德国（Germany）,18.4,0.0,0.0,,#DIV/0!,#DIV/0!,金边团队
2025-05-10 22:59:58.425000,2025-05-10,SG,印度（India）,58.56,62.0,5.0,,11.712,11.712,郑州团队
2025-05-10 23:00:50.669000,2025-05-10,YK,德国（Germany）,223.49,3.0,0.0,,#DIV/0!,#DIV/0!,金边团队
2025-05-10 23:09:23.714000,2025-05-10,MY,印度（India）,7079.59,1431.0,489.0,,14.47768916,14.47768916,金边团队
2025-05-11 17:47:13.900000,2025-05-10,ZJ,德国（Germany）,236.55,3.0,0.0,,#DIV/0!,#DIV/0!,郑州团队
2025-05-11 18:29:34.513000,2025-05-10,WD,德国（Germany）,209.82,10.0,1.0,,209.82,209.82,郑州团队
2025-05-12 00:06:33.354000,2025-05-11,MY,印度（India）,8073.18,1516.0,581.0,,13.89531842,13.89531842,金边团队
2025-05-12 11:18:14.126000,2025-05-11,YK,德国（Germany）,13.35,3.0,2.0,,6.675,6.675,金边团队
2025-05-12 11:51:17.492000,2025-05-11,SG,印度（India）,15000.0,3127.0,1334.0,,11.24437781,11.24437781,郑州团队
2025-05-12 21:52:55.316000,2025-05-12,LYD,德国（Germany）,78.52,0.0,0.0,,#DIV/0!,#DIV/0!,金边团队
2025-05-12 22:06:02.367000,2025-05-12,WD,德国（Germany）,140.19,6.0,0.0,,#DIV/0!,#DIV/0!,郑州团队
2025-05-14 10:37:39.641000,2025-05-13,XW,马来西亚,25.73,1.0,1.0,,25.73,25.73,
2025-05-12 22:35:40.823000,2025-05-12,XW,马来西亚,58.54,3.0,1.0,,58.54,58.54,
2025-05-12 22:37:09.592000,2025-05-12,ZYH,德国（Germany）,223.63,7.0,2.0,,111.815,111.815,郑州团队
2025-05-12 23:09:45.140000,2025-05-12,YJ,印度（India）,3059.24,599.0,162.0,,18.88419753,18.88419753,郑州团队
2025-05-12 23:58:35.813000,2025-05-12,YK,德国（Germany）,333.38,16.0,9.0,,37.04222222,37.04222222,金边团队
2025-05-13 00:02:17.122000,2025-05-12,HY,印度（India）,1594.39,261.0,98.0,,16.26928571,16.26928571,郑州团队
2025-05-13 00:12:15.439000,2025-05-12,XC,马来西亚,226.18,4.0,3.0,,75.39333333,75.39333333,
2025-05-13 01:08:27.664000,2025-05-12,MY,印度（India）,9236.75,1813.0,570.0,,16.20482456,16.20482456,金边团队
2025-05-13 12:59:20.750000,2025-05-12,ZJ,德国（Germany）,8.46,2.0,0.0,,#DIV/0!,#DIV/0!,郑州团队
2025-05-13 22:24:20.800000,2025-05-13,WD,德国（Germany）,239.82,9.0,0.0,,#DIV/0!,#DIV/0!,郑州团队
2025-05-13 22:59:43.465000,2025-05-13,ZJ,德国（Germany）,59.01,1.0,0.0,,#DIV/0!,#DIV/0!,郑州团队
2025-05-13 23:44:25.758000,2025-05-13,LYD,德国（Germany）,54.59,0.0,0.0,,#DIV/0!,#DIV/0!,金边团队
2025-05-14 00:00:31.328000,2025-05-13,YK,德国（Germany）,259.0,16.0,13.0,,19.92307692,19.92307692,金边团队
2025-05-14 00:59:09.230000,2025-05-13,MY,印度（India）,12047.69,2328.0,807.0,,14.92898389,14.92898389,金边团队
2025-05-14 01:10:41.746000,2025-05-13,YJ,印度（India）,5920.05,900.0,455.0,,13.0110989,13.0110989,郑州团队
2025-05-14 01:20:39.925000,2025-05-13,HY,印度（India）,3570.3,772.0,239.0,,14.93849372,14.93849372,郑州团队
2025-05-14 10:37:24.387000,2025-05-13,ZYH,德国（Germany）,104.97,2.0,0.0,,#DIV/0!,#DIV/0!,郑州团队
2025-05-14 11:09:10.576000,2025-05-13,XC,马来西亚,244.54,5.0,0.0,,#DIV/0!,#DIV/0!,
2025-05-14 11:38:30.104000,2025-05-13,SG,印度（India）,515.27,103.0,86.0,,5.991511628,5.991511628,郑州团队
2025-05-14 20:31:38.941000,2025-05-14,YK,德国（Germany）,60.59,4.0,2.0,,30.295,30.295,金边团队
2025-05-14 20:34:47.684000,2025-05-14,WD,德国（Germany）,277.85,20.0,8.0,,34.73125,34.73125,郑州团队
2025-05-14 20:40:32.553000,2025-05-14,LYD,德国（Germany）,278.55,11.0,0.0,,#DIV/0!,#DIV/0!,金边团队
2025-05-14 20:43:02.567000,2025-05-14,ZJ,德国（Germany）,81.72,3.0,1.0,,81.72,81.72,郑州团队
2025-05-14 20:43:05.764000,2025-05-14,ZYH,德国（Germany）,215.61,8.0,3.0,,71.87,71.87,郑州团队
2025-05-14 21:48:26.197000,2025-05-14,HY,印度（India）,1081.92,311.0,107.0,,10.11140187,10.11140187,郑州团队
2025-05-14 21:49:15.402000,2025-05-14,SG,印度（India）,7454.44,1435.0,386.0,,19.31202073,19.31202073,郑州团队
2025-05-14 23:28:15.862000,2025-05-14,YJ,印度（India）,9806.93,1850.0,695.0,,14.11069065,14.11069065,郑州团队
2025-05-14 23:36:09.409000,2025-05-14,MY,印度（India）,5736.64,1037.0,333.0,,17.22714715,17.22714715,金边团队
2025-05-15 02:33:59.547000,2025-05-14,XC,马来西亚,129.72,3.0,0.0,,#DIV/0!,#DIV/0!,
2025-05-15 08:26:07.985000,2025-05-14,XW,马来西亚,195.73,8.0,1.0,,195.73,195.73,
2025-05-15 22:55:04.249000,2025-05-15,WD,德国（Germany）,32.01,2.0,0.0,,#DIV/0!,#DIV/0!,郑州团队
2025-05-15 23:12:25.397000,2025-05-15,LYD,德国（Germany）,455.24,20.0,1.0,,455.24,455.24,金边团队
2025-05-15 23:12:58.541000,2025-05-15,LYD,马来西亚,28.46,0.0,0.0,,#DIV/0!,#DIV/0!,金边团队
2025-05-15 23:51:26.413000,2025-05-15,HY,印度（India）,2764.95,608.0,162.0,,17.06759259,17.06759259,郑州团队
2025-05-16 00:33:33.782000,2025-05-15,YJ,印度（India）,10561.5,2300.0,792.0,,13.33522727,13.33522727,郑州团队
2025-05-16 00:38:57.682000,2025-05-15,SG,印度（India）,8438.05,1576.0,514.0,,16.41643969,16.41643969,郑州团队
2025-05-16 00:39:28.957000,2025-05-15,XC,马来西亚,60.62,4.0,1.0,,60.62,60.62,
2025-05-16 01:20:45.174000,2025-05-15,MY,印度（India）,6188.46,1275.0,420.0,,14.73442857,14.73442857,金边团队
2025-05-16 01:26:52.418000,2025-05-15,ZJ,德国（Germany）,435.37,12.0,2.0,,217.685,217.685,郑州团队
2025-05-16 01:36:36.705000,2025-05-15,YK,德国（Germany）,297.97,17.0,3.0,,99.32333333,99.32333333,金边团队
2025-05-16 21:47:33.976000,2025-05-16,XW,马来西亚,386.0,16.0,4.0,,96.5,96.5,
2025-05-16 22:48:02.741000,2025-05-16,WD,德国（Germany）,143.89,4.0,2.0,,71.945,71.945,郑州团队
2025-05-16 23:03:23.080000,2025-05-16,ZYH,德国（Germany）,56.86,1.0,1.0,,56.86,56.86,郑州团队
2025-05-16 23:05:24.522000,2025-05-16,YJ,印度（India）,7112.11,1280.0,427.0,,16.65599532,16.65599532,郑州团队
2025-05-16 23:21:03.238000,2025-05-16,HY,印度（India）,3559.59,588.0,196.0,,18.16117347,18.16117347,郑州团队
2025-05-16 23:30:55.526000,2025-05-16,LYD,德国（Germany）,186.38,2.0,1.0,,186.38,186.38,金边团队
2025-05-16 23:42:07.725000,2025-05-16,MY,印度（India）,1799.59,362.0,122.0,,14.7507377,14.7507377,金边团队
2025-05-17 00:08:59.900000,2025-05-16,YK,德国（Germany）,407.77,16.0,1.0,,407.77,407.77,金边团队
2025-05-17 11:57:19.791000,2025-05-16,SG,印度（India）,15098.48,3013.0,871.0,,17.33464983,17.33464983,郑州团队
2025-05-17 12:21:51.975000,2025-05-16,XC,马来西亚,87.98,4.0,1.0,,87.98,87.98,
2025-05-17 22:29:36.514000,2025-05-17,XW,马来西亚,523.33,28.0,11.0,,47.57545455,47.57545455,
2025-05-17 23:35:00.554000,2025-05-17,YJ,印度（India）,6646.6,1200.0,372.0,,17.8672043,17.8672043,郑州团队
2025-05-17 23:47:32.496000,2025-05-17,HY,印度（India）,9945.31,1799.0,557.0,,17.85513465,17.85513465,郑州团队
2025-05-18 01:09:51.727000,2025-05-17,MY,印度（India）,1968.66,397.0,124.0,,15.87629032,15.87629032,金边团队
2025-05-18 01:14:59.851000,2025-05-17,SG,印度（India）,2402.15,532.0,210.0,,11.43880952,11.43880952,郑州团队
2025-05-18 23:48:36.826000,2025-05-18,YJ,印度（India）,2774.27,600.0,213.0,,13.02474178,13.02474178,郑州团队
2025-05-19 01:14:57.675000,2025-05-18,SG,印度（India）,15099.51,3114.0,1057.0,,14.28525071,14.28525071,郑州团队
2025-05-19 01:28:23.147000,2025-05-18,MY,印度（India）,5197.39,1083.0,433.0,,12.00321016,12.00321016,金边团队
2025-05-19 09:39:32.186000,2025-05-18,XW,马来西亚,739.7,18.0,5.0,,147.94,147.94,
2025-05-19 11:16:10.077000,2025-05-16,LYD,马来西亚,71.55,1.0,0.0,,#DIV/0!,#DIV/0!,金边团队
2025-05-19 14:30:15.460000,2025-05-18,HY,印度（India）,1772.89,313.0,118.0,,15.02449153,15.02449153,郑州团队
2025-05-19 23:00:46.265000,2025-05-19,WD,德国（Germany）,211.53,20.0,3.0,,70.51,70.51,郑州团队
2025-05-19 23:18:55.893000,2025-05-19,LYD,马来西亚,177.43,3.0,2.0,,88.715,88.715,金边团队
2025-05-20 00:34:55.440000,2025-05-19,YJ,印度（India）,7729.07,1698.0,352.0,,21.95758523,21.95758523,郑州团队
2025-05-20 01:13:14.573000,2025-05-19,HY,印度（India）,4273.24,711.0,283.0,,15.09978799,15.09978799,郑州团队
2025-05-20 01:15:27.726000,2025-05-19,SG,印度（India）,5722.82,1236.0,445.0,,12.86026966,12.86026966,郑州团队
2025-05-20 01:15:28.054000,2025-05-19,MY,印度（India）,4815.43,918.0,335.0,,14.37441791,14.37441791,金边团队
2025-05-20 02:23:18.664000,2025-05-19,HW,印度（India）,4221.76,1059.0,382.0,,11.05172775,11.05172775,金边团队
2025-05-20 10:11:30.814000,2025-05-19,XW,马来西亚,311.92,11.0,3.0,,103.9733333,103.9733333,
2025-05-20 11:56:20.211000,2025-05-19,YK,德国（Germany）,623.59,14.0,1.0,,623.59,623.59,金边团队
2025-05-20 12:15:59.581000,2025-05-19,LYD,德国（Germany）,62.15,3.0,1.0,,62.15,62.15,金边团队
2025-05-20 12:36:05.540000,2025-05-19,ZJ,德国（Germany）,220.54,10.0,3.0,,73.51333333,73.51333333,郑州团队
2025-05-20 20:31:30.830000,2025-05-18,XC,马来西亚,47.98,2.0,0.0,,#DIV/0!,#DIV/0!,
2025-05-20 22:34:50.670000,2025-05-20,SG,印度（India）,5960.4,1237.0,318.0,,18.74339623,18.74339623,郑州团队
2025-05-20 23:12:20.841000,2025-05-20,MY,印度（India）,2384.96,486.0,127.0,,18.7792126,18.7792126,金边团队
2025-05-20 23:30:06.253000,2025-05-20,HW,印度（India）,1019.32,339.0,108.0,,9.438148148,9.438148148,金边团队
2025-05-21 00:11:51.675000,2025-05-20,HY,印度（India）,0.0,0.0,3.0,,0,0,郑州团队
2025-05-21 05:40:10.709000,2025-05-20,WD,德国（Germany）,140.51,6.0,0.0,,#DIV/0!,#DIV/0!,郑州团队
2025-05-21 11:22:19.590000,2025-05-20,YK,德国（Germany）,234.67,7.0,1.0,,234.67,234.67,金边团队
2025-05-21 12:04:20.466000,2025-05-20,LYD,马来西亚,159.12,3.0,0.0,,#DIV/0!,#DIV/0!,金边团队
2025-05-21 12:15:31.191000,2025-05-20,XW,马来西亚,181.54,3.0,1.0,,181.54,181.54,
2025-05-21 23:47:31.999000,2025-05-21,YJ,印度（India）,4627.96,1100.0,307.0,,15.07478827,15.07478827,郑州团队
2025-05-22 00:04:30.154000,2025-05-21,HY,印度（India）,13466.09,2748.0,1137.0,,11.84352682,11.84352682,郑州团队
2025-05-22 00:17:56.077000,2025-05-21,SG,印度（India）,11192.3,2316.0,853.0,,13.12110199,13.12110199,郑州团队
2025-05-22 00:33:48.261000,2025-05-21,YK,德国（Germany）,310.37,12.0,4.0,,77.5925,77.5925,金边团队
2025-05-22 00:47:24.296000,2025-05-21,MY,印度（India）,8226.54,1551.0,576.0,,14.2821875,14.2821875,金边团队
2025-05-22 01:16:58.365000,2025-05-21,HW,印度（India）,5618.51,1304.0,498.0,,11.28214859,11.28214859,金边团队
2025-05-22 10:51:00.926000,2025-05-21,WD,德国（Germany）,119.54,4.0,0.0,,#DIV/0!,#DIV/0!,郑州团队
2025-05-22 11:35:52.784000,2025-05-21,LYD,马来西亚,136.67,3.0,0.0,,#DIV/0!,#DIV/0!,金边团队
2025-05-22 11:45:24.648000,2025-05-21,XW,马来西亚,160.61,1.0,0.0,,#DIV/0!,#DIV/0!,
2025-05-22 12:32:24.604000,2025-05-21,ZYH,德国（Germany）,87.71,2.0,1.0,,87.71,87.71,郑州团队
2025-05-22 12:42:43.509000,2025-05-21,ZJ,德国（Germany）,73.35,4.0,0.0,,#DIV/0!,#DIV/0!,郑州团队
2025-05-22 19:49:24.211000,2025-05-22,XC,马来西亚,106.61,11.0,0.0,,#DIV/0!,#DIV/0!,
2025-05-22 22:42:27.538000,2025-05-22,YK,马来西亚,165.39,3.0,0.0,,#DIV/0!,#DIV/0!,金边团队
2025-05-22 22:43:03.563000,2025-05-22,WD,马来西亚,25.98,1.0,0.0,,#DIV/0!,#DIV/0!,郑州团队
2025-05-22 22:47:09.292000,2025-05-22,YK,德国（Germany）,121.97,7.0,0.0,,#DIV/0!,#DIV/0!,金边团队
2025-05-23 00:18:15.290000,2025-05-22,MY,印度（India）,9302.8,2106.0,736.0,,12.63967391,12.63967391,金边团队
2025-05-23 00:55:39.913000,2025-05-22,YJ,印度（India）,5970.4,1230.0,413.0,,14.45617433,14.45617433,郑州团队
2025-05-23 01:19:17.879000,2025-05-22,ZYH,德国（Germany）,14.17,0.0,0.0,,#DIV/0!,#DIV/0!,郑州团队
2025-05-23 01:24:54.629000,2025-05-22,SG,印度（India）,14319.57,3214.0,1350.0,,10.60708889,10.60708889,郑州团队
2025-05-23 01:34:53.743000,2025-05-22,HW,印度（India）,8495.79,1700.0,789.0,,10.76779468,10.76779468,金边团队
2025-05-23 01:35:30.806000,2025-05-22,HY,印度（India）,8199.92,1419.0,535.0,,15.32695327,15.32695327,郑州团队
2025-05-23 10:36:23.417000,2025-05-22,XW,马来西亚,243.81,5.0,0.0,,#DIV/0!,#DIV/0!,
2025-05-23 10:58:34.368000,2025-05-22,WD,德国（Germany）,101.08,4.0,1.0,,101.08,101.08,郑州团队
2025-05-23 11:45:06.988000,2025-05-22,LYD,马来西亚,154.04,4.0,1.0,,154.04,154.04,金边团队
2025-05-23 12:20:00.497000,2025-05-22,ZJ,德国（Germany）,43.51,1.0,1.0,,43.51,43.51,郑州团队
2025-05-23 20:21:20.481000,2025-05-23,XF,马来西亚,163.76,2.0,0.0,,#DIV/0!,#DIV/0!,
2025-05-24 01:40:12.634000,2025-05-23,MY,印度（India）,0.0,0.0,26.0,,0,0,金边团队
2025-05-24 01:54:33.530000,2025-05-23,SG,印度（India）,3742.68,684.0,272.0,,13.75985294,13.75985294,郑州团队
2025-05-24 02:08:36.029000,2025-05-23,YJ,印度（India）,1601.68,292.0,73.0,,21.94082192,21.94082192,郑州团队
2025-05-24 02:10:52.956000,2025-05-23,HY,印度（India）,525.75,314.0,111.0,,4.736486486,4.736486486,郑州团队
2025-05-24 03:18:59.420000,2025-05-23,HW,印度（India）,1380.49,302.0,105.0,,13.14752381,13.14752381,金边团队
2025-05-24 10:06:42.592000,2025-05-23,XW,马来西亚,227.31,10.0,0.0,,#DIV/0!,#DIV/0!,
2025-05-24 12:14:15.441000,2025-05-23,LYD,马来西亚,49.69,2.0,1.0,,49.69,49.69,金边团队
2025-05-24 13:07:20.554000,2025-05-23,ZJ,德国（Germany）,46.46,3.0,1.0,,46.46,46.46,郑州团队
2025-05-24 19:11:14.191000,2025-05-24,SG,印度（India）,639.82,103.0,27.0,,23.69703704,23.69703704,郑州团队
2025-05-24 19:55:21.876000,2025-05-24,XF阿飞,马来西亚,469.7,15.0,1.0,,469.7,469.7,
2025-05-24 20:47:16.270000,2025-05-24,LYD,马来西亚,482.08,9.0,0.0,,#DIV/0!,#DIV/0!,金边团队
2025-05-24 22:07:22.072000,2025-05-24,HY,印度（India）,8114.46,1686.0,577.0,,14.06318891,14.06318891,郑州团队
2025-05-24 22:17:02.654000,2025-05-24,YJ,印度（India）,4563.8,962.0,305.0,,14.96327869,14.96327869,郑州团队
2025-05-24 22:45:46.253000,2025-05-24,WD,马来西亚,129.02,11.0,2.0,,64.51,64.51,郑州团队
2025-05-25 00:40:53.686000,2025-05-24,HW,印度（India）,2066.47,490.0,162.0,,12.75598765,12.75598765,金边团队
2025-05-25 09:26:26.478000,2025-05-24,XW,马来西亚,201.83,8.0,0.0,,#DIV/0!,#DIV/0!,
2025-05-25 09:58:34.409000,2025-05-24,WD,德国（Germany）,131.02,13.0,0.0,,#DIV/0!,#DIV/0!,郑州团队
2025-05-25 13:19:32.203000,2025-05-24,ZYH,德国（Germany）,122.2,2.0,0.0,,#DIV/0!,#DIV/0!,郑州团队
2025-05-25 13:25:27.566000,2025-05-24,YK,马来西亚,187.93,3.0,1.0,,187.93,187.93,金边团队
2025-05-25 13:33:10.386000,2025-05-24,YK,德国（Germany）,191.85,10.0,1.0,,191.85,191.85,金边团队
2025-05-25 15:23:07.670000,2025-05-24,XW,德国（Germany）,21.83,0.0,0.0,,#DIV/0!,#DIV/0!,
2025-05-25 20:08:18.705000,2025-05-25,XF阿飞,马来西亚,579.92,10.0,3.0,,193.3066667,193.3066667,
2025-05-25 20:32:54.278000,2025-05-25,LYD,马来西亚,70.44,3.0,0.0,,#DIV/0!,#DIV/0!,金边团队
2025-05-25 21:04:22.021000,2025-05-25,WD,马来西亚,182.88,13.0,2.0,,91.44,91.44,郑州团队
2025-05-25 23:19:26.966000,2025-05-25,HY,印度（India）,4259.43,937.0,426.0,,9.998661972,9.998661972,郑州团队
2025-05-25 23:19:58.197000,2025-05-25,YJ,印度（India）,4928.4,860.0,303.0,,16.26534653,16.26534653,郑州团队
2025-05-25 23:28:16.816000,2025-05-25,HW,印度（India）,6105.6,1296.0,560.0,,10.90285714,10.90285714,金边团队
2025-05-26 09:12:37.437000,2025-05-25,XW,马来西亚,369.64,11.0,3.0,,123.2133333,123.2133333,
2025-05-26 09:18:06.834000,2025-05-25,XW,德国（Germany）,112.45,2.0,0.0,,#DIV/0!,#DIV/0!,
2025-05-26 10:51:50.589000,2025-05-25,WD,德国（Germany）,55.32,3.0,0.0,,#DIV/0!,#DIV/0!,郑州团队
2025-05-26 11:41:57.199000,2025-05-25,ZYH,德国（Germany）,79.03,2.0,0.0,,#DIV/0!,#DIV/0!,郑州团队
2025-05-26 19:50:01.707000,2025-05-26,WD,马来西亚,161.44,7.0,3.0,,53.81333333,53.81333333,郑州团队
2025-05-26 20:02:56.460000,2025-05-26,XF阿飞,马来西亚,525.72,14.0,3.0,,175.24,175.24,
2025-05-26 20:13:23.868000,2025-05-26,XW,马来西亚,118.13,4.0,0.0,,#DIV/0!,#DIV/0!,
2025-05-26 23:11:22.504000,2025-05-26,HW,印度（India）,4950.86,1200.0,411.0,,12.04588808,12.04588808,金边团队
2025-05-26 23:31:21.255000,2025-05-26,YJ,印度（India）,3648.07,820.0,197.0,,18.51812183,18.51812183,郑州团队
2025-05-26 23:40:43.106000,2025-05-26,XC,马来西亚,272.46,12.0,0.0,,#DIV/0!,#DIV/0!,
2025-05-27 00:55:46.267000,2025-05-26,YK,德国（Germany）,200.13,8.0,4.0,,50.0325,50.0325,金边团队
2025-05-27 01:03:49.496000,2025-05-26,HY,印度（India）,5493.02,1112.0,472.0,,11.63775424,11.63775424,郑州团队
2025-05-27 10:47:06.202000,2025-05-26,WD,德国（Germany）,55.82,1.0,0.0,,#DIV/0!,#DIV/0!,郑州团队
2025-05-27 11:35:31.778000,2025-05-26,ZYH,德国（Germany）,113.5,1.0,0.0,,#DIV/0!,#DIV/0!,郑州团队
2025-05-27 11:50:40.417000,2025-05-26,LYD,马来西亚,96.28,6.0,0.0,,#DIV/0!,#DIV/0!,金边团队
2025-05-27 12:46:16.593000,2025-05-26,ZJ,德国（Germany）,68.73,3.0,0.0,,#DIV/0!,#DIV/0!,郑州团队
2025-05-27 18:36:47.740000,2025-05-27,SG,马来西亚,74.79,3.0,0.0,,#DIV/0!,#DIV/0!,郑州团队
2025-05-27 20:38:28.403000,2025-05-27,WD,马来西亚,218.3,12.0,0.0,,#DIV/0!,#DIV/0!,郑州团队
2025-05-27 21:38:54.911000,2025-05-27,XF阿飞,马来西亚,197.82,8.0,1.0,,197.82,197.82,
2025-05-27 22:13:39.688000,2025-05-27,MY,马来西亚,47.25,2.0,0.0,,#DIV/0!,#DIV/0!,金边团队
2025-05-28 02:55:41.746000,2025-05-27,YJ,印度（India）,2008.15,514.0,152.0,,13.21151316,13.21151316,郑州团队
2025-05-28 03:21:34.560000,2025-05-27,HY,印度（India）,9913.14,1952.0,761.0,,13.02646518,13.02646518,郑州团队
2025-05-28 03:35:33.610000,2025-05-27,HW,印度（India）,5682.19,1300.0,489.0,,11.62002045,11.62002045,金边团队
2025-05-28 12:15:17.807000,2025-05-27,XC,马来西亚,161.63,12.0,1.0,,161.63,161.63,
2025-05-28 12:18:29.770000,2025-05-27,YK,德国（Germany）,605.44,16.0,5.0,,121.088,121.088,金边团队
2025-05-28 12:34:07.654000,2025-05-27,ZJ,德国（Germany）,82.92,9.0,2.0,,41.46,41.46,郑州团队
2025-05-28 20:59:16.536000,2025-05-28,WD,马来西亚,126.2,11.0,3.0,,42.06666667,42.06666667,郑州团队
2025-05-28 23:26:05.250000,2025-05-28,SG,马来西亚,268.42,10.0,4.0,,67.105,67.105,郑州团队
2025-05-29 01:20:12.757000,2025-05-28,HW,印度（India）,7314.37,1400.0,576.0,,12.69855903,12.69855903,金边团队
2025-05-29 01:40:38.505000,2025-05-28,HY,印度（India）,6739.18,1645.0,554.0,,12.16458484,12.16458484,郑州团队
2025-05-29 01:46:56.721000,2025-05-28,YJ,印度（India）,5174.0,930.0,413.0,,12.52784504,12.52784504,郑州团队
2025-05-29 11:59:54.114000,2025-05-28,YK,德国（Germany）,704.16,18.0,2.0,,352.08,352.08,金边团队
2025-05-29 12:13:07.522000,2025-05-28,ZJ,德国（Germany）,41.11,3.0,0.0,,#DIV/0!,#DIV/0!,郑州团队
2025-05-29 20:41:35.588000,2025-05-29,XW,马来西亚,149.41,6.0,3.0,,49.80333333,49.80333333,
2025-05-29 21:05:32.537000,2025-05-29,WD,马来西亚,518.23,28.0,3.0,,172.7433333,172.7433333,郑州团队
2025-05-29 23:53:38.892000,2025-05-29,HY,印度（India）,1864.21,346.0,147.0,,12.68170068,12.68170068,郑州团队
2025-05-30 00:22:26.885000,2025-05-29,HW,印度（India）,4105.51,735.0,308.0,,13.32957792,13.32957792,金边团队
2025-05-30 01:07:19.277000,2025-05-29,YJ,印度（India）,3549.91,750.0,290.0,,12.24106897,12.24106897,郑州团队
2025-05-30 01:20:31.020000,2025-05-29,YK,德国（Germany）,332.44,13.0,0.0,,#DIV/0!,#DIV/0!,金边团队
2025-05-30 12:21:12.389000,2025-05-28,AL,马来西亚,46.6,4.0,0.0,,#DIV/0!,#DIV/0!,
2025-05-30 12:21:56.284000,2025-05-29,AL,马来西亚,126.31,8.0,2.0,,63.155,63.155,
2025-05-30 22:37:58.664000,2025-05-30,WD,德国（Germany）,23.31,0.0,0.0,,#DIV/0!,#DIV/0!,郑州团队
2025-05-31 00:25:35.190000,2025-05-30,HW,印度（India）,5893.85,1200.0,530.0,,11.1204717,11.1204717,金边团队
2025-05-31 00:34:11.123000,2025-05-30,HY,印度（India）,6538.8,1445.0,542.0,,12.06420664,12.06420664,郑州团队
2025-05-31 00:42:38.579000,2025-05-30,YJ,印度（India）,8033.85,1480.0,506.0,,15.87717391,15.87717391,郑州团队
2025-05-31 17:05:48.332000,2025-05-30,YK,德国（Germany）,478.27,21.0,3.0,,159.4233333,159.4233333,金边团队
2025-05-31 20:04:36.408000,2025-05-31,YJ,印度（India）,118.59,23.0,0.0,,#DIV/0!,#DIV/0!,郑州团队
2025-06-01 01:27:30.114000,2025-05-31,HY,印度（India）,4379.89,576.0,245.0,,17.87710204,17.87710204,郑州团队
2025-06-01 01:28:42.108000,2025-05-31,ZYH,德国（Germany）,89.68,1.0,1.0,,89.68,89.68,郑州团队
2025-06-01 13:53:25.585000,2025-05-31,YK,德国（Germany）,346.09,16.0,4.0,,86.5225,86.5225,金边团队
2025-06-01 22:15:34.542000,2025-06-01,YJ,印度（India）,4049.6,1078.0,327.0,,12.38409786,12.38409786,郑州团队
2025-06-02 01:21:08.983000,2025-06-01,HW,印度（India）,9043.67,1330.0,563.0,,16.06335702,16.06335702,金边团队
2025-06-02 02:29:43.339000,2025-06-01,HY,印度（India）,6718.01,1468.0,467.0,,14.38546039,14.38546039,郑州团队
2025-06-03 00:22:47.972000,2025-06-02,ZYH,德国（Germany）,103.4,2.0,0.0,,#DIV/0!,#DIV/0!,郑州团队
2025-06-03 00:37:06.007000,2025-06-02,HY,印度（India）,5414.55,1082.0,393.0,,13.77748092,13.77748092,郑州团队
2025-06-03 01:12:08.356000,2025-06-02,YJ,印度（India）,4574.22,1095.0,392.0,,11.66892857,11.66892857,郑州团队
2025-06-03 01:38:47.509000,2025-06-02,HW,印度（India）,5362.36,940.0,539.0,,9.948719852,9.948719852,金边团队
2025-06-03 10:46:21.798000,2025-06-02,WD,德国（Germany）,118.03,5.0,1.0,,118.03,118.03,郑州团队
2025-06-03 11:08:30.640000,2025-06-02,LYD,德国（Germany）,152.82,3.0,0.0,,#DIV/0!,#DIV/0!,金边团队
2025-06-03 11:30:12.575000,2025-06-02,XW,德国（Germany）,23.05,0.0,0.0,,#DIV/0!,#DIV/0!,
2025-06-03 11:40:22.677000,2025-06-02,YK,德国（Germany）,286.71,8.0,1.0,,286.71,286.71,金边团队
2025-06-03 23:12:19.123000,2025-06-03,YJ,印度（India）,4659.95,1027.0,345.0,,13.50710145,13.50710145,郑州团队
2025-06-03 23:20:58.626000,2025-06-03,HW,印度（India）,5054.78,1200.0,562.0,,8.994270463,8.994270463,金边团队
2025-06-03 23:22:09.624000,2025-06-03,HY,印度（India）,5353.02,1230.0,412.0,,12.99276699,12.99276699,郑州团队
2025-06-05 01:28:42.072000,2025-06-04,YK,德国（Germany）,238.23,11.0,3.0,,79.41,79.41,金边团队
2025-06-05 11:00:28.318000,2025-06-04,WD,德国（Germany）,1.22,0.0,0.0,,#DIV/0!,#DIV/0!,郑州团队
2025-06-05 11:50:12.807000,2025-06-04,LYD,奥地利,190.76,6.0,3.0,,63.58666667,63.58666667,金边团队
2025-06-05 11:50:41.364000,2025-06-04,YK,奥地利,78.69,2.0,0.0,,#DIV/0!,#DIV/0!,金边团队
2025-06-05 11:51:14.390000,2025-06-04,LYD,德国（Germany）,165.12,3.0,0.0,,#DIV/0!,#DIV/0!,金边团队
2025-06-05 12:03:52.759000,2025-06-04,ZYH,德国（Germany）,356.94,4.0,0.0,,#DIV/0!,#DIV/0!,郑州团队
2025-06-05 12:05:05.185000,2025-06-04,ZYH,奥地利,38.27,1.0,0.0,,#DIV/0!,#DIV/0!,郑州团队
2025-06-06 10:59:52.665000,2025-06-05,WD,德国（Germany）,207.79,11.0,1.0,,207.79,207.79,郑州团队
2025-06-06 11:27:13.687000,2025-06-05,ZYH,德国（Germany）,72.76,1.0,0.0,,#DIV/0!,#DIV/0!,郑州团队
2025-06-06 11:41:04.789000,2025-06-05,LYD,奥地利,281.09,6.0,3.0,,93.69666667,93.69666667,金边团队
2025-06-06 11:43:27.035000,2025-06-05,LYD,德国（Germany）,97.92,1.0,0.0,,#DIV/0!,#DIV/0!,金边团队
2025-06-06 12:29:14.713000,2025-06-05,YK,德国（Germany）,415.74,18.0,3.0,,138.58,138.58,金边团队
2025-06-06 20:26:28.228000,2025-06-06,MY,印度（India）,1069.21,108.0,52.0,,20.56173077,20.56173077,金边团队
2025-06-06 20:38:12.145000,2025-06-06,YJ,印度（India）,1971.11,375.0,114.0,,17.2904386,17.2904386,郑州团队
2025-06-06 22:36:25.462000,2025-06-06,SG,印度（India）,829.88,98.0,28.0,,29.63857143,29.63857143,郑州团队
2025-06-06 22:51:04.363000,2025-06-06,HW,印度（India）,1599.18,151.0,58.0,,27.57206897,27.57206897,金边团队
2025-06-07 01:01:04.026000,2025-06-06,YK,德国（Germany）,301.58,15.0,6.0,,50.26333333,50.26333333,金边团队
2025-06-07 03:15:30.637000,2025-06-06,HY,印度（India）,7661.07,806.0,461.0,,16.6183731,16.6183731,郑州团队
2025-06-07 10:45:53.722000,2025-06-06,WD,德国（Germany）,104.55,7.0,0.0,,#DIV/0!,#DIV/0!,郑州团队
2025-06-07 11:04:25.765000,2025-06-06,WD,奥地利,50.85,1.0,0.0,,#DIV/0!,#DIV/0!,郑州团队
2025-06-07 11:05:10.236000,2025-06-06,LYD,奥地利,190.27,5.0,2.0,,95.135,95.135,金边团队
2025-06-07 11:05:34.399000,2025-06-06,LYD,德国（Germany）,37.26,0.0,0.0,,#DIV/0!,#DIV/0!,金边团队
2025-06-07 11:06:04.618000,2025-06-06,ZYH,奥地利,71.8,1.0,0.0,,#DIV/0!,#DIV/0!,郑州团队
2025-06-07 19:11:25.168000,2025-06-07,HY,印度（India）,2864.24,846.0,322.0,,8.89515528,8.89515528,郑州团队
2025-06-07 21:04:48.512000,2025-06-07,YJ,印度（India）,2089.16,520.0,160.0,,13.05725,13.05725,郑州团队
2025-06-07 23:40:01.906000,2025-06-07,MY,印度（India）,2044.81,357.0,148.0,,13.81628378,13.81628378,金边团队
2025-06-07 23:59:41.391000,2025-06-07,WD,德国（Germany）,237.79,11.0,0.0,,#DIV/0!,#DIV/0!,郑州团队
2025-06-08 02:33:21.568000,2025-06-07,SG,印度（India）,1552.92,377.0,170.0,,9.134823529,9.134823529,郑州团队
2025-06-08 13:46:34.294000,2025-06-07,YK,德国（Germany）,224.75,10.0,2.0,,112.375,112.375,金边团队
2025-06-08 21:25:11.368000,2025-06-08,HW,印度（India）,857.06,180.0,87.0,,9.851264368,9.851264368,金边团队
2025-06-08 23:36:05.850000,2025-06-08,WD,德国（Germany）,234.71,7.0,0.0,,#DIV/0!,#DIV/0!,郑州团队
2025-06-08 23:46:35.381000,2025-06-08,HY,印度（India）,6498.43,1098.0,387.0,,16.79180879,16.79180879,郑州团队
2025-06-09 09:40:01.887000,2025-06-08,XW,奥地利,114.68,2.0,2.0,,57.34,57.34,
2025-06-09 11:53:45.393000,2025-06-08,ZJ,德国（Germany）,49.89,2.0,0.0,,#DIV/0!,#DIV/0!,郑州团队
2025-06-09 11:58:36.199000,2025-06-08,LYD,奥地利,340.18,7.0,2.0,,170.09,170.09,金边团队
2025-06-09 11:59:53.706000,2025-06-08,LYD,德国（Germany）,52.4,0.0,0.0,,#DIV/0!,#DIV/0!,金边团队
2025-06-09 12:22:48.720000,2025-06-08,YK,德国（Germany）,262.7,13.0,1.0,,262.7,262.7,金边团队
2025-06-09 12:27:44.313000,2025-06-08,YK,奥地利,204.51,4.0,0.0,,#DIV/0!,#DIV/0!,金边团队
2025-06-10 00:00:30.059000,2025-06-09,SG,印度（India）,12617.2,2487.0,936.0,,13.47991453,13.47991453,郑州团队
2025-06-10 01:38:03.136000,2025-06-09,MY,印度（India）,2971.12,515.0,164.0,,18.11658537,18.11658537,金边团队
2025-06-10 02:07:00.359000,2025-06-09,HW,印度（India）,10004.34,1656.0,786.0,,12.72816794,12.72816794,金边团队
2025-06-10 02:09:39.748000,2025-06-09,YJ,印度（India）,9008.6,1998.0,510.0,,17.66392157,17.66392157,郑州团队
2025-06-10 03:30:24.996000,2025-06-09,HY,印度（India）,11354.04,1978.0,713.0,,15.92431978,15.92431978,郑州团队
2025-06-10 10:54:29.794000,2025-06-09,WD,德国（Germany）,70.02,3.0,0.0,,#DIV/0!,#DIV/0!,郑州团队
2025-06-10 11:03:14.449000,2025-06-09,WD,奥地利,298.36,9.0,2.0,,149.18,149.18,郑州团队
2025-06-10 11:29:33.229000,2025-06-09,YK,德国（Germany）,405.58,18.0,3.0,,135.1933333,135.1933333,金边团队
2025-06-10 11:31:16.448000,2025-06-09,XW,奥地利,65.59,2.0,1.0,,65.59,65.59,
2025-06-10 12:19:14.032000,2025-06-09,LYD,奥地利,327.9,8.0,1.0,,327.9,327.9,金边团队
2025-06-10 13:10:19.771000,2025-06-09,ZJ,奥地利,250.73,7.0,2.0,,125.365,125.365,郑州团队
2025-06-10 13:18:00.848000,2025-06-09,ZJ,德国（Germany）,121.34,4.0,0.0,,#DIV/0!,#DIV/0!,郑州团队
2025-06-11 00:18:18.886000,2025-06-10,YJ,印度（India）,5392.77,1280.0,375.0,,14.38072,14.38072,郑州团队
2025-06-11 00:21:54.607000,2025-06-10,HW,印度（India）,9578.88,1523.0,741.0,,12.92696356,12.92696356,金边团队
2025-06-11 00:44:25.785000,2025-06-10,HY,印度（India）,3464.92,861.0,271.0,,12.78568266,12.78568266,郑州团队
2025-06-11 02:49:11.442000,2025-06-10,MY,印度（India）,6861.03,1211.0,374.0,,18.345,18.345,金边团队
2025-06-11 02:58:28.687000,2025-06-10,SG,印度（India）,15000.0,2637.0,1058.0,,14.17769376,14.17769376,郑州团队
2025-06-11 11:04:31.908000,2025-06-10,WD,奥地利,350.08,10.0,0.0,,#DIV/0!,#DIV/0!,郑州团队
2025-06-11 12:18:54.526000,2025-06-10,YK,奥地利,208.26,10.0,3.0,,69.42,69.42,金边团队
2025-06-11 12:41:41.195000,2025-06-10,LYD,奥地利,276.56,3.0,0.0,,#DIV/0!,#DIV/0!,金边团队
2025-06-11 12:42:05.634000,2025-06-10,ZJ,奥地利,51.53,2.0,0.0,,#DIV/0!,#DIV/0!,郑州团队
2025-06-11 22:56:07.851000,2025-06-11,SG,印度（India）,4707.86,1087.0,292.0,,16.12280822,16.12280822,郑州团队
2025-06-12 00:47:15.149000,2025-06-11,YJ,印度（India）,2587.2,565.0,145.0,,17.84275862,17.84275862,郑州团队
2025-06-12 02:40:53.265000,2025-06-11,HW,印度（India）,4926.91,820.0,264.0,,18.66253788,18.66253788,金边团队
2025-06-12 03:40:38.209000,2025-06-11,HY,印度（India）,2098.93,574.0,153.0,,13.71849673,13.71849673,郑州团队
2025-06-12 04:02:47.976000,2025-06-11,MY,印度（India）,3748.3,493.0,77.0,,48.67922078,48.67922078,金边团队
2025-06-12 10:56:54.190000,2025-06-11,WD,奥地利,127.84,6.0,2.0,,63.92,63.92,郑州团队
2025-06-12 12:41:44.990000,2025-06-11,LYD,奥地利,109.08,0.0,0.0,,#DIV/0!,#DIV/0!,金边团队
2025-06-12 12:56:31.586000,2025-06-11,YK,奥地利,382.96,18.0,5.0,,76.592,76.592,金边团队
2025-06-12 13:29:10.793000,2025-06-11,ZJ,奥地利,331.26,9.0,2.0,,165.63,165.63,郑州团队
2025-06-12 21:59:12.722000,2025-06-12,SG,印度（India）,6062.63,1198.0,481.0,,12.60422037,12.60422037,郑州团队
2025-06-12 22:16:07.448000,2025-06-12,YJ,印度（India）,3321.1,760.0,175.0,,18.97771429,18.97771429,郑州团队
2025-06-12 22:19:31.817000,2025-06-12,HY,印度（India）,4228.35,997.0,294.0,,14.38214286,14.38214286,郑州团队
2025-06-12 23:43:41.554000,2025-06-12,HW,印度（India）,1919.04,272.0,130.0,,14.76184615,14.76184615,金边团队
2025-06-13 02:08:44.127000,2025-06-12,YK,奥地利,175.44,6.0,0.0,,#DIV/0!,#DIV/0!,金边团队
2025-06-13 02:36:08.570000,2025-06-12,MY,印度（India）,1772.87,307.0,63.0,,28.14079365,28.14079365,金边团队
2025-06-13 11:06:22.592000,2025-06-12,WD,奥地利,328.51,6.0,3.0,,109.5033333,109.5033333,郑州团队
2025-06-13 11:38:21.422000,2025-06-12,LYD,奥地利,557.75,1.0,1.0,,557.75,557.75,金边团队
2025-06-13 13:37:15.696000,2025-06-12,ZJ,奥地利,679.44,13.0,5.0,,135.888,135.888,郑州团队
2025-06-13 23:22:42.714000,2025-06-13,SG,印度（India）,4568.87,947.0,450.0,,10.15304444,10.15304444,郑州团队
2025-06-14 00:36:31.259000,2025-06-13,YJ,印度（India）,1987.8,486.0,136.0,,14.61617647,14.61617647,郑州团队
2025-06-14 02:24:19.634000,2025-06-13,MY,印度（India）,2773.75,564.0,210.0,,13.20833333,13.20833333,金边团队
2025-06-14 03:10:14.344000,2025-06-13,HW,印度（India）,3154.03,512.0,183.0,,17.23513661,17.23513661,金边团队
2025-06-14 03:37:53.132000,2025-06-13,HY,印度（India）,0.0,43.0,11.0,,0,0,郑州团队
2025-06-14 10:56:21.998000,2025-06-13,WD,奥地利,303.22,3.0,0.0,,#DIV/0!,#DIV/0!,郑州团队
2025-06-14 11:01:29.566000,2025-06-13,WD,德国（Germany）,201.11,3.0,1.0,,201.11,201.11,郑州团队
2025-06-14 12:43:32.413000,2025-06-13,YK,奥地利,471.14,12.0,3.0,,157.0466667,157.0466667,金边团队
2025-06-14 12:44:04.029000,2025-06-13,YK,德国（Germany）,341.42,11.0,3.0,,113.8066667,113.8066667,金边团队
2025-06-14 13:21:26.300000,2025-06-13,XW,奥地利,67.71,0.0,0.0,,#DIV/0!,#DIV/0!,
2025-06-14 13:23:13.359000,2025-06-13,LYD,德国（Germany）,128.5,0.0,0.0,,#DIV/0!,#DIV/0!,金边团队
2025-06-14 13:24:11.267000,2025-06-13,LYD,奥地利,180.86,3.0,0.0,,#DIV/0!,#DIV/0!,金边团队
2025-06-14 13:40:22.863000,2025-06-13,ZJ,奥地利,196.11,5.0,1.0,,196.11,196.11,郑州团队
2025-06-14 13:41:52.813000,2025-06-13,ZJ,德国（Germany）,52.59,2.0,0.0,,#DIV/0!,#DIV/0!,郑州团队
2025-06-15 01:11:59.487000,2025-06-14,HY,西班牙,174.56,4.0,0.0,,#DIV/0!,#DIV/0!,郑州团队
2025-06-15 04:00:35.345000,2025-06-14,HW,印度（India）,1894.45,229.0,89.0,,21.28595506,21.28595506,金边团队
2025-06-15 04:06:28.663000,2025-06-14,YJ,西班牙,200.43,11.0,0.0,,#DIV/0!,#DIV/0!,郑州团队
2025-06-15 04:12:32.054000,2025-06-14,SG,西班牙,9.48,2.0,1.0,,9.48,9.48,郑州团队
2025-06-15 04:30:42.497000,2025-06-14,MY,印度（India）,3272.47,718.0,282.0,,11.60450355,11.60450355,金边团队
2025-06-15 04:50:13.632000,2025-06-14,SG,印度（India）,0.0,4.0,4.0,,0,0,郑州团队
2025-06-15 09:28:37.035000,2025-06-14,WD,奥地利,71.0,2.0,0.0,,#DIV/0!,#DIV/0!,郑州团队
2025-06-15 09:31:40.960000,2025-06-14,WD,德国（Germany）,86.73,2.0,0.0,,#DIV/0!,#DIV/0!,郑州团队
2025-06-15 12:41:40.859000,2025-06-14,LYD,德国（Germany）,218.71,5.0,0.0,,#DIV/0!,#DIV/0!,金边团队
2025-06-15 12:55:37.694000,2025-06-14,YK,德国（Germany）,235.91,9.0,1.0,,235.91,235.91,金边团队
2025-06-15 12:56:17.263000,2025-06-14,YK,奥地利,221.43,6.0,1.0,,221.43,221.43,金边团队
2025-06-15 23:46:56.024000,2025-06-15,SG,印度（India）,5152.04,1037.0,398.0,,12.94482412,12.94482412,郑州团队
2025-06-16 00:27:32.397000,2025-06-15,MY,印度（India）,20.56,0.0,6.0,,3.426666667,3.426666667,金边团队
2025-06-16 00:35:17.473000,2025-06-15,YJ,印度（India）,3104.94,760.0,192.0,,16.1715625,16.1715625,郑州团队
2025-06-16 00:43:18.504000,2025-06-15,YK,德国（Germany）,274.22,15.0,1.0,,274.22,274.22,金边团队
2025-06-16 07:16:59.013000,2025-06-15,HW,印度（India）,3584.27,729.0,311.0,,11.52498392,11.52498392,金边团队
2025-06-16 11:14:37.545000,2025-06-15,WD,奥地利,63.19,0.0,0.0,,#DIV/0!,#DIV/0!,郑州团队
2025-06-16 11:16:54.388000,2025-06-15,WD,德国（Germany）,53.36,1.0,1.0,,53.36,53.36,郑州团队
2025-06-16 12:16:24.999000,2025-06-15,LYD,德国（Germany）,210.67,6.0,0.0,,#DIV/0!,#DIV/0!,金边团队
2025-06-16 12:18:06.777000,2025-06-15,YJ,西班牙,18.42,1.0,0.0,,#DIV/0!,#DIV/0!,郑州团队
2025-06-16 12:20:07.139000,2025-06-15,SG,西班牙,44.14,2.0,0.0,,#DIV/0!,#DIV/0!,郑州团队
2025-06-16 22:37:02.950000,2025-06-16,YJ,印度（India）,77.52,19.0,7.0,,11.07428571,11.07428571,郑州团队
2025-06-16 23:09:27.826000,2025-06-16,WD,德国（Germany）,170.76,1.0,0.0,,#DIV/0!,#DIV/0!,郑州团队
2025-06-16 23:44:09.474000,2025-06-16,HW,印度（India）,1794.9,326.0,157.0,,11.43248408,11.43248408,金边团队
2025-06-17 00:43:37.894000,2025-06-16,SG,印度（India）,908.62,123.0,26.0,,34.94692308,34.94692308,郑州团队
2025-06-17 01:02:08.175000,2025-06-16,SG,西班牙,67.76,2.0,0.0,,#DIV/0!,#DIV/0!,郑州团队
2025-06-17 02:07:16.544000,2025-06-16,MY,西班牙,47.04,1.0,1.0,,47.04,47.04,金边团队
2025-06-17 02:13:39.369000,2025-06-16,HY,西班牙,60.94,2.0,0.0,,#DIV/0!,#DIV/0!,郑州团队
2025-06-17 09:48:04.004000,2025-06-16,YJ,西班牙,69.51,4.0,0.0,,#DIV/0!,#DIV/0!,郑州团队
2025-06-17 10:46:57.947000,2025-06-16,WD,奥地利,132.78,0.0,0.0,,#DIV/0!,#DIV/0!,郑州团队
2025-06-17 13:39:04.751000,2025-06-16,YK,奥地利,486.62,15.0,0.0,,#DIV/0!,#DIV/0!,金边团队
2025-06-17 14:08:00.663000,2025-06-16,LYD,德国（Germany）,242.61,4.0,0.0,,#DIV/0!,#DIV/0!,金边团队
2025-06-17 15:23:00.168000,2025-06-16,ZJ,德国（Germany）,285.2,5.0,2.0,,142.6,142.6,郑州团队
2025-06-17 15:23:45.120000,2025-06-16,ZJ,奥地利,94.99,3.0,0.0,,#DIV/0!,#DIV/0!,郑州团队
2025-06-17 22:18:29.966000,2025-06-17,HY,西班牙,24.91,0.0,0.0,,#DIV/0!,#DIV/0!,郑州团队
2025-06-17 22:21:37.988000,2025-06-17,MY,西班牙,24.74,0.0,0.0,,#DIV/0!,#DIV/0!,金边团队
2025-06-17 23:25:16.763000,2025-06-17,YJ,印度（India）,3065.91,630.0,233.0,,13.15841202,13.15841202,郑州团队
2025-06-17 23:30:44.800000,2025-06-17,SG,印度（India）,4187.41,924.0,363.0,,11.53556474,11.53556474,郑州团队
2025-06-17 23:31:54.331000,2025-06-17,SG,西班牙,87.66,5.0,0.0,,#DIV/0!,#DIV/0!,郑州团队
2025-06-17 23:34:58.842000,2025-06-17,HY,印度（India）,3613.51,873.0,315.0,,11.47146032,11.47146032,郑州团队
2025-06-18 01:00:05.532000,2025-06-17,YK,德国（Germany）,544.52,21.0,12.0,,45.37666667,45.37666667,金边团队
2025-06-18 01:31:28.412000,2025-06-17,MY,印度（India）,1159.35,318.0,188.0,,6.166755319,6.166755319,金边团队
2025-06-18 04:01:58.360000,2025-06-17,HW,印度（India）,2489.86,500.0,246.0,,10.12138211,10.12138211,金边团队
2025-06-18 10:46:02.281000,2025-06-17,WD,德国（Germany）,170.75,3.0,2.0,,85.375,85.375,郑州团队
2025-06-18 12:36:15.171000,2025-06-17,LYD,德国（Germany）,282.49,8.0,0.0,,#DIV/0!,#DIV/0!,金边团队
2025-06-18 14:42:51.500000,2025-06-17,ZJ,德国（Germany）,151.2,7.0,1.0,,151.2,151.2,郑州团队
2025-06-19 12:41:17.911000,2025-06-18,YK,德国（Germany）,323.12,9.0,1.0,,323.12,323.12,金边团队
2025-06-19 12:57:03.816000,2025-06-18,WD,德国（Germany）,322.97,3.0,1.0,,322.97,322.97,郑州团队
2025-06-19 13:56:10.281000,2025-06-18,XC,西班牙,147.72,6.0,2.0,,73.86,73.86,
2025-06-19 13:58:35.536000,2025-06-18,LYD,德国（Germany）,504.43,8.0,0.0,,#DIV/0!,#DIV/0!,金边团队
2025-06-19 14:17:50.921000,2025-06-18,ZJ,德国（Germany）,445.67,14.0,2.0,,222.835,222.835,郑州团队
2025-06-19 20:46:38.825000,2025-06-19,HY,印度（India）,1701.95,441.0,98.0,,17.36683673,17.36683673,郑州团队
2025-06-19 21:07:36.647000,2025-06-19,MY,印度（India）,16.75,5.0,5.0,,3.35,3.35,金边团队
2025-06-19 21:16:09.901000,2025-06-19,YJ,印度（India）,1853.03,335.0,89.0,,20.8205618,20.8205618,郑州团队
2025-06-19 21:26:00.682000,2025-06-19,HW,印度（India）,1575.42,220.0,103.0,,15.29533981,15.29533981,金边团队
2025-06-19 21:32:46.355000,2025-06-19,SG,印度（India）,1877.84,413.0,191.0,,9.831623037,9.831623037,郑州团队
2025-06-20 10:38:25.033000,2025-06-19,WD,德国（Germany）,235.2,5.0,1.0,,235.2,235.2,郑州团队
2025-06-20 13:22:32.004000,2025-06-19,YK,德国（Germany）,339.93,14.0,3.0,,113.31,113.31,金边团队
2025-06-20 14:25:44.028000,2025-06-19,LYD,德国（Germany）,118.89,3.0,0.0,,#DIV/0!,#DIV/0!,金边团队
2025-06-20 19:25:16.951000,2025-06-20,MY,印度（India）,134.24,33.0,18.0,,7.457777778,7.457777778,金边团队
2025-06-20 22:30:09.396000,2025-06-20,YJ,印度（India）,3428.54,625.0,248.0,,13.82475806,13.82475806,郑州团队
2025-06-21 00:19:18.233000,2025-06-20,SG,印度（India）,1967.25,418.0,192.0,,10.24609375,10.24609375,郑州团队
2025-06-21 00:26:47.339000,2025-06-20,YK,德国（Germany）,225.67,9.0,2.0,,112.835,112.835,金边团队
2025-06-21 07:50:20.747000,2025-06-20,HW,印度（India）,2038.56,340.0,100.0,,20.3856,20.3856,金边团队
2025-06-21 09:16:31.585000,2025-06-20,HY,印度（India）,479.17,118.0,93.0,,5.152365591,5.152365591,郑州团队
2025-06-21 09:51:25.066000,2025-06-20,WD,德国（Germany）,203.72,5.0,1.0,,203.72,203.72,郑州团队
2025-06-21 13:55:40.090000,2025-06-20,LYD,德国（Germany）,68.95,2.0,0.0,,#DIV/0!,#DIV/0!,金边团队
2025-06-21 14:33:24.789000,2025-06-20,ZJ,德国（Germany）,340.16,12.0,1.0,,340.16,340.16,郑州团队
2025-06-21 23:14:45.989000,2025-06-21,YK,德国（Germany）,197.56,11.0,1.0,,197.56,197.56,金边团队
2025-06-22 09:54:05.714000,2025-06-21,WD,德国（Germany）,212.72,6.0,0.0,,#DIV/0!,#DIV/0!,郑州团队
2025-06-22 11:23:18.986000,2025-06-21,LYD,德国（Germany）,116.85,3.0,0.0,,#DIV/0!,#DIV/0!,金边团队
2025-06-22 11:45:11.597000,2025-06-21,ZJ,德国（Germany）,156.62,4.0,1.0,,156.62,156.62,郑州团队
2025-06-22 21:22:12.798000,2025-06-22,YK,德国（Germany）,315.54,21.0,5.0,,63.108,63.108,金边团队
2025-06-23 12:58:33.749000,2025-06-22,WD,德国（Germany）,0.0,0.0,0.0,,#DIV/0!,#DIV/0!,郑州团队
2025-06-23 19:03:11.245000,2025-06-23,SG,印度（India）,990.72,234.0,125.0,,7.92576,7.92576,郑州团队
2025-06-23 21:17:01.383000,2025-06-23,HY,印度（India）,728.9,191.0,94.0,,7.754255319,7.754255319,郑州团队
2025-06-23 23:10:24.309000,2025-06-23,MY,印度（India）,1044.99,257.0,85.0,,12.294,12.294,金边团队
2025-06-23 23:25:41.485000,2025-06-23,YJ,印度（India）,1903.6,410.0,87.0,,21.88045977,21.88045977,郑州团队
2025-06-24 00:48:37.246000,2025-06-23,SG,德国（Germany）,79.74,4.0,1.0,,79.74,79.74,郑州团队
2025-06-24 01:17:46.995000,2025-06-23,YK,德国（Germany）,202.27,8.0,2.0,,101.135,101.135,金边团队
2025-06-24 01:19:33.572000,2025-06-23,YJ,德国（Germany）,83.96,2.0,0.0,,#DIV/0!,#DIV/0!,郑州团队
2025-06-24 13:09:35.997000,2025-06-23,XC,西班牙,173.15,15.0,4.0,,43.2875,43.2875,
2025-06-24 13:20:25.590000,2025-06-23,WD,德国（Germany）,411.9,6.0,1.0,,411.9,411.9,郑州团队
2025-06-24 13:31:58.312000,2025-06-23,XH,意大利（Italy),1.96,0.0,0.0,,#DIV/0!,#DIV/0!,郑州团队
2025-06-24 13:39:02.310000,2025-06-23,LYD,德国（Germany）,205.55,6.0,0.0,,#DIV/0!,#DIV/0!,金边团队
2025-06-24 13:45:35.615000,2025-06-23,MY,德国（Germany）,30.1,0.0,0.0,,#DIV/0!,#DIV/0!,金边团队
2025-06-24 14:35:33.548000,2025-06-23,ZJ,德国（Germany）,273.52,9.0,2.0,,136.76,136.76,郑州团队
2025-06-25 02:56:41.306000,2025-06-24,SG,德国（Germany）,40.46,2.0,0.0,,#DIV/0!,#DIV/0!,郑州团队
2025-06-25 03:06:15.181000,2025-06-24,HY,印度（India）,904.52,257.0,115.0,,7.865391304,7.865391304,郑州团队
2025-06-25 09:30:54.558000,2025-06-24,HW,印度（India）,1872.91,380.0,98.0,,19.11132653,19.11132653,金边团队
2025-06-25 12:23:21.548000,2025-06-24,YK,德国（Germany）,281.84,15.0,2.0,,140.92,140.92,金边团队
2025-06-25 13:08:04.954000,2025-06-24,WD,德国（Germany）,341.67,4.0,1.0,,341.67,341.67,郑州团队
2025-06-25 13:23:21.719000,2025-06-24,ZJ,德国（Germany）,186.85,7.0,3.0,,62.28333333,62.28333333,郑州团队
2025-06-25 13:49:07.092000,2025-06-24,LYD,德国（Germany）,147.11,5.0,0.0,,#DIV/0!,#DIV/0!,金边团队
2025-06-25 14:30:08.227000,2025-06-24,XC,西班牙,186.61,7.0,1.0,,186.61,186.61,
2025-06-25 20:00:46.309000,2025-06-25,SG,印度（India）,1342.36,255.0,116.0,,11.57206897,11.57206897,郑州团队
2025-06-25 23:00:07.591000,2025-06-25,YJ,印度（India）,759.92,289.0,72.0,,10.55444444,10.55444444,郑州团队
2025-06-26 00:36:22.265000,2025-06-25,MY,印度（India）,717.49,163.0,64.0,,11.21078125,11.21078125,金边团队
2025-06-26 02:23:46.854000,2025-06-25,HW,印度（India）,1071.69,271.0,104.0,,10.30471154,10.30471154,金边团队
2025-06-26 10:01:39.954000,2025-06-25,WD,德国（Germany）,134.15,2.0,1.0,,134.15,134.15,郑州团队
2025-06-26 13:48:01.713000,2025-06-25,ZJ,德国（Germany）,54.23,2.0,1.0,,54.23,54.23,郑州团队
2025-06-26 13:51:36.114000,2025-06-25,YK,德国（Germany）,403.73,16.0,2.0,,201.865,201.865,金边团队
2025-06-26 13:53:06.368000,2025-06-25,LYD,德国（Germany）,228.45,5.0,0.0,,#DIV/0!,#DIV/0!,金边团队
2025-06-26 14:07:25.520000,2025-06-25,MY,德国（Germany）,68.3,2.0,0.0,,#DIV/0!,#DIV/0!,金边团队
2025-06-26 22:21:02.473000,2025-06-26,MY,印度（India）,304.73,82.0,30.0,,10.15766667,10.15766667,金边团队
2025-06-26 22:21:33.228000,2025-06-26,HY,印度（India）,1039.88,291.0,110.0,,9.453454545,9.453454545,郑州团队
2025-06-26 23:13:54.714000,2025-06-26,YJ,印度（India）,1319.65,310.0,90.0,,14.66277778,14.66277778,郑州团队
2025-06-26 23:41:59.711000,2025-06-26,SG,印度（India）,903.69,163.0,50.0,,18.0738,18.0738,郑州团队
2025-06-27 04:40:20.363000,2025-06-26,HW,印度（India）,1343.77,287.0,88.0,,15.27011364,15.27011364,金边团队
2025-06-27 14:04:30.173000,2025-06-26,YK,德国（Germany）,127.0,8.0,1.0,,127,127,金边团队
2025-06-27 14:07:20.210000,2025-06-26,WD,德国（Germany）,169.46,3.0,2.0,,84.73,84.73,郑州团队
2025-06-27 14:12:53.210000,2025-06-26,ZJ,德国（Germany）,242.16,15.0,15.0,,16.144,16.144,郑州团队
2025-06-27 14:43:18.526000,2025-06-26,LYD,德国（Germany）,33.97,1.0,0.0,,#DIV/0!,#DIV/0!,金边团队
2025-06-27 15:07:29.620000,2025-06-26,SG,德国（Germany）,38.26,1.0,0.0,,#DIV/0!,#DIV/0!,郑州团队
2025-06-28 01:03:53.658000,2025-06-27,SG,西班牙,47.25,3.0,0.0,,#DIV/0!,#DIV/0!,郑州团队
2025-06-28 01:07:19.260000,2025-06-27,SG,德国（Germany）,50.08,2.0,0.0,,#DIV/0!,#DIV/0!,郑州团队
2025-06-28 01:47:15.180000,2025-06-27,HY,德国（Germany）,30.61,1.0,0.0,,#DIV/0!,#DIV/0!,郑州团队
2025-06-28 13:10:44.165000,2025-06-27,LYD,德国（Germany）,43.11,1.0,0.0,,#DIV/0!,#DIV/0!,金边团队
2025-06-28 13:28:15.020000,2025-06-27,WD,德国（Germany）,19.79,2.0,0.0,,#DIV/0!,#DIV/0!,郑州团队
2025-06-28 13:55:52.550000,2025-06-27,YK,德国（Germany）,31.97,3.0,2.0,,15.985,15.985,金边团队
2025-06-28 14:03:47.897000,2025-06-27,MY,西班牙,28.431,1.0,0.0,,#DIV/0!,#DIV/0!,金边团队
2025-06-28 14:25:25.328000,2025-06-27,ZJ,德国（Germany）,417.38,17.0,6.0,,69.56333333,69.56333333,郑州团队
2025-06-28 22:31:43.132000,2025-06-28,WD,德国（Germany）,152.92,4.0,0.0,,#DIV/0!,#DIV/0!,郑州团队
2025-06-28 22:52:18.800000,2025-06-28,YK,德国（Germany）,41.11,3.0,2.0,,20.555,20.555,金边团队
2025-06-29 00:21:56.687000,2025-06-28,HY,德国（Germany）,140.74,8.0,0.0,,#DIV/0!,#DIV/0!,郑州团队
2025-06-29 01:23:22.033000,2025-06-28,SG,德国（Germany）,147.89,7.0,0.0,,#DIV/0!,#DIV/0!,郑州团队
2025-06-29 11:42:49.825000,2025-06-28,XH,意大利（Italy),97.42,0.0,0.0,,#DIV/0!,#DIV/0!,郑州团队
2025-06-29 13:06:21.234000,2025-06-28,LYD,德国（Germany）,6.28,0.0,0.0,,#DIV/0!,#DIV/0!,金边团队
2025-06-29 13:19:59.731000,2025-06-28,YJ,德国（Germany）,10.38,0.0,0.0,,#DIV/0!,#DIV/0!,郑州团队
2025-06-30 00:04:10.361000,2025-06-29,YJ,德国（Germany）,131.04,4.0,0.0,,#DIV/0!,#DIV/0!,郑州团队
2025-06-30 00:46:17.453000,2025-06-29,YK,德国（Germany）,224.98,12.0,3.0,,74.99333333,74.99333333,金边团队
2025-06-30 15:07:47.388000,2025-06-28,ZJ,德国（Germany）,97.21,9.0,3.0,,32.40333333,32.40333333,郑州团队
2025-06-30 15:13:13.982000,2025-06-18,ZJ,奥地利,122.45,2.0,0.0,,#DIV/0!,#DIV/0!,郑州团队
2025-06-30 21:03:35.910000,2025-06-30,YJ,印度（India）,1345.79,320.0,94.0,,14.31691489,14.31691489,郑州团队
2025-06-30 22:56:50.747000,2025-06-30,MY,西班牙,22.28,3.0,1.0,,22.28,22.28,金边团队
2025-06-30 23:14:37.994000,2025-06-30,SG,印度（India）,1021.0,216.0,100.0,,10.21,10.21,郑州团队
2025-06-30 23:22:29.423000,2025-06-30,SG,德国（Germany）,51.99,2.0,0.0,,#DIV/0!,#DIV/0!,郑州团队
2025-07-01 12:41:20.048000,2025-06-08,YJ,印度（India）,203.43,0.0,0.0,,#DIV/0!,#DIV/0!,郑州团队
2025-07-01 13:55:23.347000,2025-06-30,YK,德国（Germany）,25.38,15.0,5.0,,5.076,5.076,金边团队
2025-07-01 14:43:11.304000,2025-06-30,MY,德国（Germany）,107.76,4.0,0.0,,#DIV/0!,#DIV/0!,金边团队
2025-07-01 15:06:42.480000,2025-06-30,ZJ,德国（Germany）,245.48,15.0,5.33,,46.05628518,46.05628518,郑州团队
2025-07-01 18:20:00.746000,2025-07-01,SG,印度（India）,1748.44,410.0,235.0,,7.440170213,7.440170213,郑州团队
2025-07-01 22:06:50.971000,2025-07-01,HY,印度（India）,3516.82,917.0,436.0,,8.066100917,8.066100917,郑州团队
2025-07-01 22:10:35.818000,2025-07-01,HW,印度（India）,1268.2,350.0,156.0,,8.129487179,8.129487179,金边团队
2025-07-01 22:39:05.810000,2025-07-01,YJ,印度（India）,1941.56,370.0,126.0,,15.40920635,15.40920635,郑州团队
2025-07-02 00:14:45.626000,2025-07-01,MY,印度（India）,865.75,288.0,164.0,,5.278963415,5.278963415,金边团队
2025-07-02 00:24:15.725000,2025-07-01,SG,德国（Germany）,102.24,8.0,7.66,,13.34725849,13.34725849,郑州团队
2025-07-02 13:39:39.982000,2025-07-01,ZJ,德国（Germany）,40.99,3.0,0.0,,#DIV/0!,#DIV/0!,郑州团队
2025-07-02 13:40:20.795000,2025-07-01,LYD,德国（Germany）,30.9,1.0,0.0,,#DIV/0!,#DIV/0!,金边团队
2025-07-02 23:21:28.349000,2025-07-02,SG,德国（Germany）,108.94,6.0,4.0,,27.235,27.235,郑州团队
2025-07-03 00:12:07.744000,2025-07-02,HW,印度（India）,5021.12,1200.0,547.0,,9.179378428,9.179378428,金边团队
2025-07-03 00:27:14.260000,2025-07-02,YJ,印度（India）,8768.57,1650.0,803.0,,10.91976339,10.91976339,郑州团队
2025-07-03 00:51:39.989000,2025-07-02,HY,印度（India）,10904.27,2347.0,1129.0,,9.658343667,9.658343667,郑州团队
2025-07-03 00:52:38.719000,2025-07-02,MY,印度（India）,3570.13,877.0,460.0,,7.761152174,7.761152174,金边团队
2025-07-03 02:38:28.929000,2025-07-02,YK,印度（India）,16.23,5.0,3.0,,5.41,5.41,金边团队
2025-07-03 11:49:26.663000,2025-07-02,SG,印度（India）,10403.82,2015.0,927.0,,11.2231068,11.2231068,郑州团队
2025-07-03 12:54:43.205000,2025-07-02,YK,德国（Germany）,91.54,3.0,0.0,,#DIV/0!,#DIV/0!,金边团队
2025-07-03 13:09:34.999000,2025-07-02,LYD,德国（Germany）,4.97,0.0,0.0,,#DIV/0!,#DIV/0!,金边团队
2025-07-03 22:28:08.980000,2025-07-03,LYD,印度（India）,11.96,4.0,2.0,,5.98,5.98,金边团队
2025-07-03 22:33:22.233000,2025-07-03,LYD,德国（Germany）,24.36,1.0,0.0,,#DIV/0!,#DIV/0!,金边团队
2025-07-03 23:28:08.324000,2025-07-03,MY,印度（India）,1242.38,316.0,144.0,,8.627638889,8.627638889,金边团队
2025-07-03 23:54:46.095000,2025-07-03,HY,印度（India）,11317.29,2192.0,998.0,,11.33996994,11.33996994,郑州团队
2025-07-03 23:59:01,2025-07-03,SG,德国（Germany）,72.14,2.0,0.0,,#DIV/0!,#DIV/0!,郑州团队
2025-07-03 23:59:24.023000,2025-07-03,YK,印度（India）,11.06,2.0,0.0,,#DIV/0!,#DIV/0!,金边团队
2025-07-04 00:14:39.536000,2025-07-03,YK,德国（Germany）,63.02,3.0,1.0,,63.02,63.02,金边团队
2025-07-04 00:52:47.471000,2025-07-03,YJ,印度（India）,8026.48,1450.0,540.0,,14.86385185,14.86385185,郑州团队
2025-07-04 00:55:41.472000,2025-07-03,SG,印度（India）,16433.22,2673.0,1144.0,,14.3647028,14.3647028,郑州团队
2025-07-04 00:55:53.848000,2025-07-03,HW,印度（India）,8717.06,1653.0,770.0,,11.32085714,11.32085714,金边团队
2025-07-04 22:23:19.738000,2025-07-04,YJ,印度（India）,2052.07,523.0,126.0,,16.28626984,16.28626984,郑州团队
2025-07-04 23:16:40.755000,2025-07-04,MY,印度（India）,2042.25,357.0,145.0,,14.08448276,14.08448276,金边团队
2025-07-05 00:36:04.089000,2025-07-04,HY,印度（India）,11711.58,2212.0,827.0,,14.16152358,14.16152358,郑州团队
2025-07-05 01:16:20.700000,2025-07-04,LYD,印度（India）,268.28,30.0,16.0,,16.7675,16.7675,金边团队
2025-07-05 01:24:44.959000,2025-07-04,SG,印度（India）,5752.13,1123.0,457.0,,12.58671772,12.58671772,郑州团队
2025-07-05 04:07:05.934000,2025-07-04,HW,印度（India）,6195.25,1149.0,596.0,,10.39471477,10.39471477,金边团队
2025-07-05 13:30:07.205000,2025-07-04,YK,德国（Germany）,124.4,3.0,0.0,,#DIV/0!,#DIV/0!,金边团队
2025-07-05 20:51:25.693000,2025-07-05,ZJ,德国（Germany）,117.95,9.0,6.0,,19.65833333,19.65833333,郑州团队
2025-07-05 21:03:37.915000,2025-07-05,MY,德国（Germany）,17.91,0.0,0.0,,#DIV/0!,#DIV/0!,金边团队
2025-07-06 12:35:45.131000,2025-07-05,HW,意大利（Italy),340.74,12.0,1.0,,340.74,340.74,金边团队
2025-07-06 12:49:40.921000,2025-07-05,YK,德国（Germany）,169.77,9.0,2.0,,84.885,84.885,金边团队
2025-07-06 13:20:17.364000,2025-07-05,LYD,德国（Germany）,15.61,0.0,0.0,,#DIV/0!,#DIV/0!,金边团队
2025-07-07 00:56:25.043000,2025-07-06,SG,印度（India）,1574.68,287.0,94.0,,16.75191489,16.75191489,郑州团队
2025-07-07 04:34:04.396000,2025-07-06,HW,印度（India）,1433.58,254.0,97.0,,14.77917526,14.77917526,金边团队
2025-07-07 13:32:27.127000,2025-07-06,ZJ,德国（Germany）,278.52,18.0,8.0,,34.815,34.815,郑州团队
2025-07-07 13:43:38.770000,2025-07-06,YK,德国（Germany）,224.26,10.0,3.33,,67.34534535,67.34534535,金边团队
2025-07-07 13:54:42.132000,2025-07-06,LYD,德国（Germany）,16.23,0.0,0.0,,#DIV/0!,#DIV/0!,金边团队
2025-07-07 22:02:32.704000,2025-07-07,MY,印度（India）,1681.9,306.0,95.0,,17.70421053,17.70421053,金边团队
2025-07-07 22:12:07.321000,2025-07-07,SG,印度（India）,741.12,214.0,140.0,,5.293714286,5.293714286,郑州团队
2025-07-08 00:09:44.065000,2025-07-07,LYD,印度（India）,195.7,30.0,14.0,,13.97857143,13.97857143,金边团队
2025-07-08 00:12:43.731000,2025-07-07,YJ,印度（India）,2287.81,423.0,187.0,,12.23427807,12.23427807,郑州团队
2025-07-08 00:16:41.375000,2025-07-07,HW,印度（India）,1862.05,380.0,103.0,,18.07815534,18.07815534,金边团队
2025-07-08 00:48:50.636000,2025-07-07,HY,印度（India）,1737.34,324.0,100.0,,17.3734,17.3734,郑州团队
2025-07-08 01:39:11.945000,2025-07-07,HW,德国（Germany）,9.14,2.0,0.0,,#DIV/0!,#DIV/0!,金边团队
2025-07-08 11:23:39.331000,2025-07-06,HY,印度（India）,369.35,0.0,0.0,,#DIV/0!,#DIV/0!,郑州团队
2025-07-08 13:57:09.118000,2025-07-07,YK,德国（Germany）,463.79,20.0,6.33,,73.2685624,73.2685624,金边团队
2025-07-08 14:52:57.751000,2025-07-07,ZJ,德国（Germany）,323.61,19.0,10.0,,32.361,32.361,郑州团队
2025-07-08 23:36:25.329000,2025-07-08,MY,印度（India）,3122.16,586.0,168.0,,18.58428571,18.58428571,金边团队
2025-07-08 23:39:33.364000,2025-07-08,SG,印度（India）,8072.53,1608.0,632.0,,12.77299051,12.77299051,郑州团队
2025-07-09 00:58:09.909000,2025-07-08,HY,印度（India）,3290.54,625.0,211.0,,15.5949763,15.5949763,郑州团队
2025-07-09 00:58:55.983000,2025-07-08,HW,意大利（Italy),186.85,10.0,0.0,,#DIV/0!,#DIV/0!,金边团队
2025-07-09 00:59:59.339000,2025-07-08,HW,德国（Germany）,324.55,11.0,4.0,,81.1375,81.1375,金边团队
2025-07-09 11:04:07.040000,2025-07-08,YJ,印度（India）,557.87,50.0,15.0,,37.19133333,37.19133333,郑州团队
2025-07-09 13:00:00.569000,2025-07-08,LYD,德国（Germany）,71.4,3.0,0.0,,#DIV/0!,#DIV/0!,金边团队
2025-07-09 14:35:59.228000,2025-07-08,ZJ,德国（Germany）,581.43,14.0,6.0,,96.905,96.905,郑州团队
2025-07-09 23:32:28.267000,2025-07-09,HY,印度（India）,9826.25,1447.0,557.0,,17.64138241,17.64138241,郑州团队
2025-07-10 00:06:44.547000,2025-07-09,SG,印度（India）,8007.24,1357.0,619.0,,12.93576737,12.93576737,郑州团队
2025-07-10 00:17:15.179000,2025-07-09,MY,印度（India）,5578.73,817.0,296.0,,18.84706081,18.84706081,金边团队
2025-07-10 02:02:44.301000,2025-07-09,YK,德国（Germany）,222.96,11.0,6.0,,37.16,37.16,金边团队
2025-07-10 10:35:36.321000,2025-07-09,HW,德国（Germany）,215.07,3.0,0.0,,#DIV/0!,#DIV/0!,金边团队
2025-07-10 10:55:54.187000,2025-07-09,ZJ,印度（India）,621.74,103.0,41.0,,15.16439024,15.16439024,郑州团队
2025-07-10 13:01:31.387000,2025-07-09,LYD,德国（Germany）,177.5,5.0,0.0,,#DIV/0!,#DIV/0!,金边团队
2025-07-10 13:07:21.841000,2025-07-09,LYD,印度（India）,36.78,8.0,2.0,,18.39,18.39,金边团队
2025-07-10 13:20:39.347000,2025-07-09,ZJ,德国（Germany）,337.59,21.0,5.0,,67.518,67.518,郑州团队
2025-07-11 00:10:06.341000,2025-07-10,SG,德国（Germany）,31.21,0.0,0.0,,#DIV/0!,#DIV/0!,郑州团队
2025-07-11 00:30:38.376000,2025-07-10,HY,印度（India）,9640.55,1491.0,713.0,,13.52110799,13.52110799,郑州团队
2025-07-11 00:39:43.389000,2025-07-10,MY,印度（India）,5974.91,862.0,376.0,,15.89071809,15.89071809,金边团队
2025-07-11 00:43:29.468000,2025-07-10,ZJ,印度（India）,5625.77,800.0,377.0,,14.92246684,14.92246684,郑州团队
2025-07-11 00:47:26.019000,2025-07-10,SG,印度（India）,9814.71,1524.0,761.0,,12.89712221,12.89712221,郑州团队
2025-07-11 02:46:23.847000,2025-07-10,YK,德国（Germany）,147.45,8.0,2.66,,55.43233083,55.43233083,金边团队
2025-07-11 05:56:19.686000,2025-07-10,HW,德国（Germany）,228.01,9.0,4.0,,57.0025,57.0025,金边团队
2025-07-11 12:28:25.694000,2025-07-10,LYD,德国（Germany）,157.49,8.0,0.0,,#DIV/0!,#DIV/0!,金边团队
2025-07-11 13:26:48.474000,2025-07-10,ZJ,德国（Germany）,273.8,11.0,3.0,,91.26666667,91.26666667,郑州团队
2025-07-12 00:40:33.550000,2025-07-11,HY,印度（India）,21338.59,3134.0,1298.0,,16.43959168,16.43959168,郑州团队
2025-07-12 00:48:48.616000,2025-07-11,ZJ,印度（India）,8173.74,1044.0,560.0,,14.59596429,14.59596429,郑州团队
2025-07-12 00:53:23.718000,2025-07-11,YK,德国（Germany）,152.03,10.0,3.0,,50.67666667,50.67666667,金边团队
2025-07-12 01:13:49.333000,2025-07-11,SG,印度（India）,10164.59,1345.0,674.0,,15.08099407,15.08099407,郑州团队
2025-07-12 01:15:02.139000,2025-07-11,YJ,德国（Germany）,1152.48,29.0,9.0,,128.0533333,128.0533333,郑州团队
2025-07-12 01:26:12.912000,2025-07-11,MY,印度（India）,8460.07,1264.0,548.0,,15.43808394,15.43808394,金边团队
2025-07-13 00:25:43.001000,2025-07-12,SG,印度（India）,4357.79,847.0,384.0,,11.34841146,11.34841146,郑州团队
2025-07-13 01:41:36.491000,2025-07-12,HY,印度（India）,4147.61,801.0,430.0,,9.645604651,9.645604651,郑州团队
2025-07-13 15:42:51.074000,2025-07-12,YJ,德国（Germany）,1124.99,43.0,16.33,,68.89099816,68.89099816,郑州团队
2025-07-13 15:52:30.011000,2025-07-12,YK,德国（Germany）,593.63,34.0,10.33,,57.46660213,57.46660213,金边团队
2025-07-13 23:49:22.729000,2025-07-13,HY,印度（India）,12900.56,2209.0,920.0,,14.02234783,14.02234783,郑州团队
2025-07-14 00:44:51.399000,2025-07-13,MY,印度（India）,9679.16,1641.0,723.0,,13.38749654,13.38749654,金边团队
2025-07-14 01:08:35.898000,2025-07-13,SG,印度（India）,8119.18,1245.0,550.0,,14.76214545,14.76214545,郑州团队
2025-07-14 11:33:16.006000,2025-07-13,HW,德国（Germany）,411.56,12.0,1.0,,411.56,411.56,金边团队
2025-07-14 14:08:33.243000,2025-07-13,YK,德国（Germany）,1185.3,83.0,30.0,,39.51,39.51,金边团队
2025-07-14 14:49:22.707000,2025-07-13,YJ,德国（Germany）,506.01,13.0,1.0,,506.01,506.01,郑州团队
2025-07-14 14:51:30.187000,2025-07-13,ZJ,印度（India）,6166.86,1011.0,548.0,,11.25339416,11.25339416,郑州团队
2025-07-14 21:29:37.462000,2025-07-14,HY,印度（India）,6120.94,1018.0,461.0,,13.27752711,13.27752711,郑州团队
2025-07-14 21:30:14.586000,2025-07-14,SG,印度（India）,3094.0,649.0,320.0,,9.66875,9.66875,郑州团队
2025-07-15 00:04:50.123000,2025-07-14,ZJ,印度（India）,4036.51,578.0,302.0,,13.36592715,13.36592715,郑州团队
2025-07-15 00:06:42.256000,2025-07-14,MY,印度（India）,5963.49,1022.0,473.0,,12.60780127,12.60780127,金边团队
2025-07-15 13:28:34.447000,2025-07-14,LYD,德国（Germany）,224.85,6.0,0.0,,#DIV/0!,#DIV/0!,金边团队
2025-07-15 14:09:05.950000,2025-07-14,HW,德国（Germany）,1081.3,68.0,21.0,,51.49047619,51.49047619,金边团队
2025-07-15 14:23:31.991000,2025-07-14,YJ,德国（Germany）,570.93,23.0,8.0,,71.36625,71.36625,郑州团队
2025-07-15 14:51:24.511000,2025-07-14,YK,德国（Germany）,1976.28,73.0,37.0,,53.41297297,53.41297297,金边团队
2025-07-16 00:49:21.863000,2025-07-15,MY,印度（India）,52.9,30.0,14.0,,3.778571429,3.778571429,金边团队
2025-07-16 01:59:29.564000,2025-07-15,HY,印度（India）,672.31,191.0,49.0,,13.72061224,13.72061224,郑州团队
2025-07-16 13:30:24.725000,2025-07-15,ZJ,印度（India）,54.52,15.0,10.0,,5.452,5.452,郑州团队
2025-07-16 14:24:27.124000,2025-07-15,YJ,德国（Germany）,987.14,35.0,12.0,,82.26166667,82.26166667,郑州团队
2025-07-16 14:41:22.012000,2025-07-15,LYD,德国（Germany）,97.97,2.0,0.0,,#DIV/0!,#DIV/0!,金边团队
2025-07-16 14:59:23.773000,2025-07-15,YK,德国（Germany）,3059.08,104.0,55.0,,55.61963636,55.61963636,金边团队
2025-07-16 14:59:38.403000,2025-07-15,HW,德国（Germany）,1660.04,120.0,40.0,,41.501,41.501,金边团队
2025-07-16 21:44:36.701000,2025-07-16,HY,印度（India）,2872.43,593.0,133.0,,21.59721805,21.59721805,郑州团队
2025-07-17 03:21:28.094000,2025-07-16,HW,印度（India）,499.11,70.0,22.0,,22.68681818,22.68681818,金边团队
2025-07-17 14:12:40.094000,2025-07-16,YK,德国（Germany）,1671.66,63.0,26.0,,64.29461538,64.29461538,金边团队
2025-07-17 14:19:06.325000,2025-07-16,HW,德国（Germany）,1387.35,70.0,28.0,,49.54821429,49.54821429,金边团队
2025-07-17 14:19:38.402000,2025-07-16,YJ,德国（Germany）,991.92,50.0,19.0,,52.20631579,52.20631579,郑州团队
2025-07-17 14:22:07.936000,2025-07-16,SG,德国（Germany）,42.15,2.0,0.0,,#DIV/0!,#DIV/0!,郑州团队
2025-07-18 00:54:09.351000,2025-07-17,MY,印度（India）,1000.0,150.0,48.0,,20.83333333,20.83333333,金边团队
2025-07-18 02:02:18.259000,2025-07-17,HW,印度（India）,4796.56,940.0,382.0,,12.55643979,12.55643979,金边团队
2025-07-18 02:08:28.073000,2025-07-17,HY,印度（India）,6548.29,736.0,335.0,,19.54713433,19.54713433,郑州团队
2025-07-18 14:42:52.043000,2025-07-17,YJ,德国（Germany）,1453.65,60.0,29.0,,50.12586207,50.12586207,郑州团队
2025-07-18 15:04:22.055000,2025-07-17,YK,德国（Germany）,628.21,14.0,6.0,,104.7016667,104.7016667,金边团队
2025-07-18 15:17:09.929000,2025-07-17,HW,德国（Germany）,1695.77,58.0,25.0,,67.8308,67.8308,金边团队
2025-07-19 00:03:14.080000,2025-07-18,HW,印度（India）,5059.07,800.0,362.0,,13.97533149,13.97533149,金边团队
2025-07-19 00:09:46.944000,2025-07-18,SG,印度（India）,3365.68,801.0,350.0,,9.616228571,9.616228571,郑州团队
2025-07-19 02:02:17.385000,2025-07-18,HY,印度（India）,1152.68,417.0,77.0,,14.96987013,14.96987013,郑州团队
2025-07-19 12:54:02.783000,2025-07-18,LYD,德国（Germany）,374.94,6.0,0.0,,#DIV/0!,#DIV/0!,金边团队
2025-07-19 14:31:51.354000,2025-07-18,YJ,德国（Germany）,635.65,26.0,11.0,,57.78636364,57.78636364,郑州团队
2025-07-19 14:32:59.931000,2025-07-18,HW,德国（Germany）,866.8,26.0,7.0,,123.8285714,123.8285714,金边团队
2025-07-19 15:27:08.532000,2025-07-18,YK,德国（Germany）,142.08,5.0,1.0,,142.08,142.08,金边团队
2025-07-19 22:13:16.974000,2025-07-19,MY,印度（India）,51.13,8.0,3.0,,17.04333333,17.04333333,金边团队
2025-07-20 00:52:27.070000,2025-07-19,ZJ,印度（India）,3715.73,734.0,239.0,,15.54698745,15.54698745,郑州团队
2025-07-20 05:32:33.847000,2025-07-18,SG,德国（Germany）,136.83,10.0,6.0,,22.805,22.805,郑州团队
2025-07-20 05:35:13.510000,2025-07-19,SG,印度（India）,9644.44,1526.0,705.0,,13.68005674,13.68005674,郑州团队
2025-07-20 05:40:17.727000,2025-07-19,HY,印度（India）,835.91,145.0,47.0,,17.78531915,17.78531915,郑州团队
2025-07-20 11:27:37.875000,2025-07-19,HW,印度（India）,1332.57,209.0,93.0,,14.32870968,14.32870968,金边团队
2025-07-21 00:22:06.104000,2025-07-20,SG,德国（Germany）,146.15,3.0,2.0,,73.075,73.075,郑州团队
2025-07-21 00:57:31.381000,2025-07-20,SG,印度（India）,16555.59,2675.0,1176.0,,14.07788265,14.07788265,郑州团队
2025-07-21 00:59:58.226000,2025-07-20,ZJ,印度（India）,8479.9,1432.0,551.0,,15.39001815,15.39001815,郑州团队
2025-07-21 13:35:25.815000,2025-07-20,YJ,德国（Germany）,412.84,4.0,1.0,,412.84,412.84,郑州团队
2025-07-21 13:40:27.192000,2025-07-20,HW,德国（Germany）,437.07,17.0,5.0,,87.414,87.414,金边团队
2025-07-21 22:20:37.421000,2025-07-21,HY,印度（India）,851.18,145.0,54.0,,15.76259259,15.76259259,郑州团队
2025-07-22 00:33:47.113000,2025-07-21,SG,印度（India）,2740.16,364.0,149.0,,18.39033557,18.39033557,郑州团队
2025-07-22 11:57:33.592000,2025-07-21,ZJ,印度（India）,3617.61,563.0,217.0,,16.67101382,16.67101382,郑州团队
2025-07-22 14:14:03.363000,2025-07-21,HW,德国（Germany）,1279.03,67.0,23.0,,55.61,55.61,金边团队
2025-07-22 15:42:42.369000,2025-07-21,YJ,德国（Germany）,2292.29,65.0,29.5,,77.70474576,77.70474576,郑州团队
2025-07-22 15:52:07.392000,2025-07-21,MY,德国（Germany）,25.77,2.0,0.0,,#DIV/0!,#DIV/0!,金边团队
2025-07-22 16:02:56.600000,2025-07-21,SG,德国（Germany）,194.16,8.0,2.5,,77.664,77.664,郑州团队
2025-07-22 23:26:51.163000,2025-07-22,HY,印度（India）,5192.08,1126.0,272.0,,19.08852941,19.08852941,郑州团队
2025-07-23 00:00:44.688000,2025-07-22,SG,印度（India）,10067.61,1976.0,566.0,,17.78729682,17.78729682,郑州团队
2025-07-23 00:02:23.602000,2025-07-22,SG,德国（Germany）,124.47,3.0,0.0,,#DIV/0!,#DIV/0!,郑州团队
2025-07-23 00:21:59.866000,2025-07-22,YJ,德国（Germany）,376.73,23.0,10.0,,37.673,37.673,郑州团队
2025-07-23 13:49:16.598000,2025-07-22,YK,德国（Germany）,109.14,3.0,0.0,,#DIV/0!,#DIV/0!,金边团队
2025-07-23 22:31:08.906000,2025-07-23,HY,印度（India）,6001.22,1190.0,347.0,,17.29458213,17.29458213,郑州团队
2025-07-24 01:31:22.600000,2025-07-23,SG,印度（India）,8933.93,1345.0,621.0,,14.38636071,14.38636071,郑州团队
2025-07-24 03:01:32.168000,2025-07-23,MY,印度（India）,3502.5,881.0,310.0,,11.2983871,11.2983871,金边团队
2025-07-24 14:12:19.581000,2025-07-23,ZJ,印度（India）,6049.27,1013.0,422.0,,14.33476303,14.33476303,郑州团队
2025-07-24 17:43:59.720000,2025-07-24,HY,印度（India）,5089.13,1149.0,372.0,,13.68045699,13.68045699,郑州团队
2025-07-24 23:12:33.042000,2025-07-24,MY,印度（India）,5308.36,908.0,411.0,,12.91571776,12.91571776,金边团队
2025-07-24 23:33:02.292000,2025-07-24,SG,印度（India）,3375.11,524.0,208.0,,16.22649038,16.22649038,郑州团队
2025-07-25 01:23:49.044000,2025-07-24,HW,印度（India）,127.83,23.0,9.0,,14.20333333,14.20333333,金边团队
2025-07-25 12:18:11.303000,2025-07-24,YK,德国（Germany）,384.6,12.0,5.0,,76.92,76.92,金边团队
2025-07-25 12:26:04.675000,2025-07-24,HW,德国（Germany）,668.83,14.0,4.0,,167.2075,167.2075,金边团队
2025-07-25 12:45:02.264000,2025-07-24,YJ,德国（Germany）,741.14,42.0,20.0,,37.057,37.057,郑州团队
2025-07-25 14:29:54.134000,2025-07-24,ZJ,印度（India）,3962.66,687.0,237.0,,16.72008439,16.72008439,郑州团队
2025-07-25 22:28:23.997000,2025-07-25,YJ,德国（Germany）,524.79,22.0,9.0,,58.31,58.31,郑州团队
2025-07-25 23:01:31.301000,2025-07-25,YK,德国（Germany）,148.67,4.0,1.0,,148.67,148.67,金边团队
2025-07-25 23:26:48.627000,2025-07-25,HY,印度（India）,19625.71,3157.0,1107.0,,17.72873532,17.72873532,郑州团队
2025-07-26 00:59:19.157000,2025-07-25,MY,印度（India）,9150.7,1428.0,551.0,,16.60744102,16.60744102,金边团队
2025-07-26 06:14:59.966000,2025-07-25,HW,德国（Germany）,186.54,15.0,4.0,,46.635,46.635,金边团队
2025-07-27 00:19:32.171000,2025-07-26,SG,印度（India）,1477.71,304.0,143.0,,10.33363636,10.33363636,郑州团队
2025-07-27 00:55:45.799000,2025-07-26,HY,印度（India）,1963.5,368.0,101.0,,19.44059406,19.44059406,郑州团队
2025-07-27 01:12:13.598000,2025-07-26,MY,印度（India）,12765.87,2003.0,751.0,,16.99849534,16.99849534,金边团队
2025-07-27 01:25:10.728000,2025-07-26,ZJ,印度（India）,3938.92,609.0,210.0,,18.7567619,18.7567619,郑州团队
2025-07-28 00:02:55.829000,2025-07-27,HY,印度（India）,6528.57,1428.0,364.0,,17.93563187,17.93563187,郑州团队
2025-07-28 00:05:10.990000,2025-07-27,SG,印度（India）,1758.31,293.0,136.0,,12.92875,12.92875,郑州团队
2025-07-28 00:14:14.240000,2025-07-27,HW,印度（India）,990.28,192.0,80.0,,12.3785,12.3785,金边团队
2025-07-28 00:36:21.969000,2025-07-27,MY,印度（India）,8149.07,1117.0,458.0,,17.79272926,17.79272926,金边团队
2025-07-28 13:44:49.381000,2025-07-27,ZJ,印度（India）,4035.98,510.0,182.0,,22.17571429,22.17571429,郑州团队
2025-07-28 19:53:11.188000,2025-07-28,SG,印度（India）,1601.07,287.0,109.0,,14.6887156,14.6887156,郑州团队
2025-07-29 00:15:20.906000,2025-07-28,HW,意大利（Italy),90.29,11.0,1.0,,90.29,90.29,金边团队
2025-07-29 00:26:06.326000,2025-07-28,YK,意大利（Italy),539.56,39.0,28.0,,19.27,19.27,金边团队
2025-07-29 00:39:12.402000,2025-07-28,YK,德国（Germany）,3.3,0.0,0.0,,#DIV/0!,#DIV/0!,金边团队
2025-07-29 16:25:35.059000,2025-07-29,HW,印度（India）,1005.3,220.0,147.0,,6.83877551,6.83877551,金边团队
2025-07-29 19:01:52.333000,2025-07-28,YJ,意大利（Italy),1423.31,89.0,27.0,,52.71518519,52.71518519,郑州团队
2025-07-29 21:05:51.477000,2025-07-29,HY,印度（India）,10702.2,2037.0,681.0,,15.7154185,15.7154185,郑州团队
2025-07-29 23:13:49.559000,2025-07-29,MY,印度（India）,3723.97,758.0,332.0,,11.21677711,11.21677711,金边团队
2025-07-29 23:23:25.283000,2025-07-29,ZJ,印度（India）,4322.91,869.0,434.0,,9.96062212,9.96062212,郑州团队
2025-07-30 00:01:43.501000,2025-07-29,SG,印度（India）,3173.14,435.0,177.0,,17.92734463,17.92734463,郑州团队
2025-07-30 00:42:03.155000,2025-07-29,YK,意大利（Italy),1700.71,131.0,24.5,,69.41673469,69.41673469,金边团队
2025-07-30 02:13:28.909000,2025-07-29,HW,意大利（Italy),286.48,42.0,15.0,,19.09866667,19.09866667,金边团队
2025-07-30 02:15:19.466000,2025-07-29,YJ,意大利（Italy),877.42,69.0,18.0,,48.74555556,48.74555556,郑州团队
2025-07-30 15:02:32.313000,2025-07-29,YJ,德国（Germany）,336.55,25.0,14.0,,24.03928571,24.03928571,郑州团队
2025-07-30 18:53:03.528000,2025-07-30,HY,印度（India）,11079.45,1901.0,650.0,,17.04530769,17.04530769,郑州团队
2025-07-30 20:33:01.140000,2025-07-29,HW,德国（Germany）,1245.99,90.0,26.0,,47.92269231,47.92269231,金边团队
2025-07-30 22:51:36.689000,2025-07-30,ZJ,印度（India）,5851.64,1136.0,470.0,,12.45029787,12.45029787,郑州团队
2025-07-30 23:08:23.093000,2025-07-30,MY,印度（India）,6014.72,1077.0,394.0,,15.2657868,15.2657868,金边团队
2025-07-30 23:11:21.429000,2025-07-30,SG,印度（India）,2550.9,487.0,133.0,,19.17969925,19.17969925,郑州团队
2025-07-31 00:47:42.508000,2025-07-30,HW,意大利（Italy),1479.4,145.0,39.5,,37.45316456,37.45316456,金边团队
2025-07-31 00:47:47.656000,2025-07-30,YJ,意大利（Italy),873.23,62.0,19.5,,44.78102564,44.78102564,郑州团队
2025-07-31 13:13:21.461000,2025-07-30,YK,意大利（Italy),1068.83,65.0,12.5,,85.5064,85.5064,金边团队
2025-07-31 14:02:02.306000,2025-07-30,SG,尼日利亚,42.76,0.0,0.0,,#DIV/0!,#DIV/0!,郑州团队
2025-07-31 20:12:56.528000,2025-07-30,YJ,德国（Germany）,484.95,28.0,21.0,,23.09285714,23.09285714,郑州团队
2025-07-31 23:07:58.096000,2025-07-30,HW,德国（Germany）,1614.96,92.0,34.0,,47.49882353,47.49882353,金边团队
2025-07-31 23:21:39.005000,2025-07-31,HW,印度（India）,371.35,50.0,25.0,,14.854,14.854,金边团队
2025-08-01 00:08:03.727000,2025-07-31,MY,印度（India）,317.09,11.0,2.0,,158.545,158.545,金边团队
2025-08-01 00:49:37.340000,2025-07-31,HY,印度（India）,4541.54,765.0,215.0,,21.12344186,21.12344186,郑州团队
2025-08-01 01:02:56.947000,2025-07-31,HW,意大利（Italy),1699.42,128.0,37.0,,45.93027027,45.93027027,金边团队
2025-08-01 01:28:18.030000,2025-07-31,YJ,意大利（Italy),236.35,23.0,7.5,,31.51333333,31.51333333,郑州团队
2025-08-01 12:26:35.383000,2025-07-31,SG,印度（India）,8043.98,1435.0,453.0,,17.75713024,17.75713024,郑州团队
2025-08-01 13:39:29.708000,2025-07-31,YK,意大利（Italy),1094.44,68.0,23.5,,46.57191489,46.57191489,金边团队
2025-08-01 13:57:07.245000,2025-07-31,YK,德国（Germany）,917.91,37.0,14.0,,65.565,65.565,金边团队
2025-08-01 14:41:24.031000,2025-07-31,ZJ,印度（India）,8093.13,1359.0,453.0,,17.86562914,17.86562914,郑州团队
2025-08-01 15:05:24.899000,2025-07-31,SG,尼日利亚,44.53,0.0,0.0,,#DIV/0!,#DIV/0!,郑州团队
2025-08-01 15:14:43.750000,2025-07-31,YJ,德国（Germany）,146.04,12.0,8.0,,18.255,18.255,郑州团队
2025-08-01 15:38:36.550000,2025-07-31,HW,德国（Germany）,506.34,24.0,9.0,,56.26,56.26,金边团队
2025-08-01 22:58:03.696000,2025-08-01,HY,印度（India）,5001.35,665.0,280.0,,17.86196429,17.86196429,郑州团队
2025-08-02 11:09:41.873000,2025-08-01,HW,意大利（Italy),1344.54,74.0,25.0,,53.7816,53.7816,金边团队
2025-08-02 13:24:23.312000,2025-08-01,SG,印度（India）,4597.26,749.0,318.0,,14.45679245,14.45679245,郑州团队
2025-08-02 14:51:36.351000,2025-08-01,YJ,意大利（Italy),758.98,60.0,16.5,,45.99878788,45.99878788,郑州团队
2025-08-02 15:00:30.112000,2025-08-01,MY,印度（India）,89.0,5.0,1.0,,89,89,金边团队
2025-08-02 21:20:19.028000,2025-08-02,YJ,意大利（Italy),1291.64,75.0,20.5,,63.00682927,63.00682927,郑州团队
2025-08-02 22:48:17.098000,2025-08-02,YK,意大利（Italy),202.48,10.0,1.0,,202.48,202.48,金边团队
2025-08-02 23:03:18.762000,2025-08-02,HY,印度（India）,5677.51,875.0,342.0,,16.60090643,16.60090643,郑州团队
2025-08-02 23:05:04.285000,2025-08-02,SG,印度（India）,5872.28,1127.0,385.0,,15.25267532,15.25267532,郑州团队
2025-08-02 23:56:23.878000,2025-08-02,MY,印度（India）,212.87,6.0,0.0,,#DIV/0!,#DIV/0!,金边团队
2025-08-03 00:30:42.639000,2025-08-02,HW,意大利（Italy),1003.18,51.0,14.5,,69.18482759,69.18482759,金边团队
2025-08-03 21:47:52.360000,2025-08-03,HW,意大利（Italy),963.97,68.0,19.5,,49.43435897,49.43435897,金边团队
2025-08-03 22:16:21.807000,2025-08-03,YK,意大利（Italy),383.81,30.0,6.0,,63.96833333,63.96833333,金边团队
2025-08-03 22:25:51.347000,2025-08-03,YJ,意大利（Italy),767.06,40.0,8.5,,90.24235294,90.24235294,郑州团队
2025-08-04 12:52:00.714000,2025-08-03,SG,印度（India）,9497.11,1808.0,585.0,,16.23437607,16.23437607,郑州团队
2025-08-04 14:06:30.056000,2025-08-03,YK,德国（Germany）,123.56,5.0,1.0,,123.56,123.56,金边团队
2025-08-04 14:11:30.485000,2025-08-03,HW,德国（Germany）,222.61,4.0,0.0,,#DIV/0!,#DIV/0!,金边团队
2025-08-04 14:12:28.923000,2025-08-03,YJ,德国（Germany）,313.6,3.0,0.0,,#DIV/0!,#DIV/0!,郑州团队
2025-08-05 01:05:46.077000,2025-08-04,YJ,德国（Germany）,96.18,3.0,1.0,,96.18,96.18,郑州团队
2025-08-05 01:13:47.750000,2025-08-04,HW,德国（Germany）,126.63,4.0,2.0,,63.315,63.315,金边团队
2025-08-05 03:25:51.014000,2025-08-04,YK,德国（Germany）,318.62,8.0,1.0,,318.62,318.62,金边团队
2025-08-05 03:59:04.533000,2025-08-04,HW,意大利（Italy),1387.97,86.0,15.0,,92.53133333,92.53133333,金边团队
2025-08-05 11:32:49.478000,2025-08-04,YK,意大利（Italy),613.2,47.0,4.5,,136.2666667,136.2666667,金边团队
2025-08-05 11:38:38.670000,2025-08-04,YJ,意大利（Italy),434.39,40.0,3.0,,144.7966667,144.7966667,郑州团队
2025-08-05 13:21:19.853000,2025-08-04,SG,印度（India）,1816.79,327.0,89.0,,20.41337079,20.41337079,郑州团队
2025-08-05 23:41:44.813000,2025-08-05,HW,印度（India）,338.5,31.0,14.0,,24.17857143,24.17857143,金边团队
2025-08-06 00:55:38.068000,2025-08-05,SG,印度（India）,1151.14,301.0,68.0,,16.92852941,16.92852941,郑州团队
2025-08-06 01:49:25.186000,2025-08-05,HY,印度（India）,1002.0,180.0,51.0,,19.64705882,19.64705882,郑州团队
2025-08-06 10:45:00.742000,2025-08-05,HW,意大利（Italy),845.44,37.0,5.0,,169.088,169.088,金边团队
2025-08-07 02:17:08.513000,2025-08-06,SG,印度（India）,582.88,87.0,16.0,,36.43,36.43,郑州团队
2025-08-07 10:07:02.816000,2025-08-06,HW,意大利（Italy),205.99,18.0,5.0,,41.198,41.198,金边团队
2025-08-07 14:48:49.974000,2025-08-06,MY,印度（India）,4.85,5.0,2.0,,2.425,2.425,金边团队
2025-08-08 04:58:34.171000,2025-08-07,SG,印度（India）,1425.37,231.0,43.0,,33.14813953,33.14813953,郑州团队
2025-08-08 08:03:33.829000,2025-08-07,HW,意大利（Italy),435.28,29.0,7.0,,62.18285714,62.18285714,金边团队
2025-08-08 16:06:47.041000,2025-08-07,ZJ,印度（India）,287.49,73.0,14.0,,20.535,20.535,郑州团队
2025-08-08 20:20:19.624000,2025-08-08,MY,印度（India）,1.31,0.0,0.0,,#DIV/0!,#DIV/0!,金边团队
2025-08-08 23:56:23,2025-08-08,YK,德国（Germany）,539.48,24.0,15.0,,35.96533333,35.96533333,金边团队
2025-08-09 10:32:12.760000,2025-08-08,HW,意大利（Italy),354.76,24.0,1.0,,354.76,354.76,金边团队
2025-08-09 11:53:18.684000,2025-08-08,YJ,德国（Germany）,9.9,2.0,2.0,,4.95,4.95,郑州团队
2025-08-09 13:51:20.888000,2025-08-08,SG,印度（India）,260.02,52.0,21.0,,12.38190476,12.38190476,郑州团队
2025-08-10 00:17:56.394000,2025-08-09,SG,印度（India）,2411.4,574.0,193.0,,12.49430052,12.49430052,郑州团队
2025-08-10 10:46:56.864000,2025-08-09,HW,意大利（Italy),370.93,24.0,3.0,,123.6433333,123.6433333,金边团队
2025-08-10 22:27:18.400000,2025-08-10,SG,印度（India）,2486.38,593.0,172.0,,14.45569767,14.45569767,郑州团队
2025-08-11 00:48:43.961000,2025-08-10,HW,意大利（Italy),208.73,20.0,5.0,,41.746,41.746,金边团队
2025-08-11 13:09:35.252000,2025-08-10,YJ,德国（Germany）,52.82,0.0,1.0,,52.82,52.82,郑州团队
2025-08-12 05:59:20.472000,2025-08-11,HW,意大利（Italy),308.61,16.0,4.0,,77.1525,77.1525,金边团队
2025-08-12 13:30:07.562000,2025-08-11,SG,印度（India）,1417.76,264.0,68.0,,20.84941176,20.84941176,郑州团队
2025-08-12 13:37:48.223000,2025-08-11,YJ,意大利（Italy),107.04,2.0,1.0,,107.04,107.04,郑州团队
2025-08-12 13:42:51.403000,2025-08-11,YJ,德国（Germany）,471.81,0.0,0.0,,#DIV/0!,#DIV/0!,郑州团队
2025-08-13 05:55:31.549000,2025-08-12,HW,意大利（Italy),375.85,25.0,6.0,,62.64166667,62.64166667,金边团队
2025-08-13 12:42:39.376000,2025-08-11,YK,德国（Germany）,629.74,20.0,3.0,,209.9133333,209.9133333,金边团队
2025-08-13 12:45:00.323000,2025-08-12,YJ,意大利（Italy),359.07,11.0,0.0,,#DIV/0!,#DIV/0!,郑州团队
2025-08-14 03:00:56.828000,2025-08-13,HW,意大利（Italy),538.78,45.0,5.0,,107.756,107.756,金边团队
2025-08-14 11:01:49.575000,2025-08-13,YJ,意大利（Italy),462.8,30.0,3.0,,154.2666667,154.2666667,郑州团队
2025-08-15 10:41:14.236000,2025-08-14,HW,意大利（Italy),400.92,32.0,0.0,,#DIV/0!,#DIV/0!,金边团队
2025-08-15 13:19:03.727000,2025-08-14,MY,印度（India）,1694.27,291.0,62.0,,27.32693548,27.32693548,金边团队
2025-08-15 13:30:18.983000,2025-08-14,ZJ,印度（India）,67.08,30.0,7.0,,9.582857143,9.582857143,郑州团队
2025-08-15 13:45:32.461000,2025-08-14,YK,德国（Germany）,109.04,5.0,2.0,,54.52,54.52,金边团队
2025-08-15 13:48:11.260000,2025-08-14,YJ,意大利（Italy),647.22,41.0,9.0,,71.91333333,71.91333333,郑州团队
2025-08-15 20:48:54.921000,2025-08-15,MY,印度（India）,1005.46,188.0,33.0,,30.46848485,30.46848485,金边团队
2025-08-16 12:26:21.102000,2025-08-15,HW,意大利（Italy),694.88,41.0,6.0,,115.8133333,115.8133333,金边团队
2025-08-16 13:09:52.461000,2025-08-15,YK,德国（Germany）,250.63,10.0,5.0,,50.126,50.126,金边团队
2025-08-17 10:32:18.872000,2025-08-16,HW,意大利（Italy),395.11,27.0,4.0,,98.7775,98.7775,金边团队
2025-08-18 08:44:57.715000,2025-08-17,HW,意大利（Italy),396.77,43.0,9.0,,44.08555556,44.08555556,金边团队
2025-08-18 12:03:14.458000,2025-08-17,YJ,意大利（Italy),194.09,6.0,1.0,,194.09,194.09,郑州团队
2025-08-19 01:06:40.468000,2025-08-18,SG,印度（India）,167.64,43.0,18.0,,9.313333333,9.313333333,郑州团队
2025-08-19 03:03:52.367000,2025-08-18,HW,意大利（Italy),498.58,43.0,6.0,,83.09666667,83.09666667,金边团队
2025-08-19 12:34:54.919000,2025-08-18,YJ,意大利（Italy),539.9,38.0,6.0,,89.98333333,89.98333333,郑州团队
2025-08-19 13:15:51.147000,2025-08-18,YK,德国（Germany）,1068.81,54.0,12.0,,89.0675,89.0675,金边团队
2025-08-20 01:37:05.672000,2025-08-19,SG,印度（India）,1785.41,394.0,90.0,,19.83788889,19.83788889,郑州团队
2025-08-20 12:27:57.652000,2025-08-19,HW,意大利（Italy),316.8,24.0,3.5,,90.51428571,90.51428571,金边团队
2025-08-20 12:39:06.218000,2025-08-19,YK,德国（Germany）,806.42,46.0,4.0,,201.605,201.605,金边团队
2025-08-20 13:21:48.158000,2025-08-19,YJ,意大利（Italy),428.94,33.0,3.5,,122.5542857,122.5542857,郑州团队
2025-08-21 00:47:48.244000,2025-08-20,MY,印度（India）,2523.64,391.0,149.0,,16.93718121,16.93718121,金边团队
2025-08-21 01:37:26.615000,2025-08-20,SG,印度（India）,683.07,138.0,37.0,,18.46135135,18.46135135,郑州团队
2025-08-21 01:53:00.252000,2025-08-20,MY,意大利（Italy),99.64,2.0,1.0,,99.64,99.64,金边团队
2025-08-21 12:21:04.371000,2025-08-20,HW,意大利（Italy),480.34,36.0,7.0,,68.62,68.62,金边团队
2025-08-21 12:21:38.176000,2025-08-20,YJ,意大利（Italy),676.35,55.0,6.5,,104.0538462,104.0538462,郑州团队
2025-08-22 02:13:30.222000,2025-08-21,MY,印度（India）,2044.98,345.0,126.0,,16.23,16.23,金边团队
2025-08-22 12:30:44.394000,2025-08-21,HW,意大利（Italy),490.59,24.0,2.0,,245.295,245.295,金边团队
2025-08-22 13:05:47.324000,2025-08-21,YJ,德国（Germany）,73.4,5.0,0.0,,#DIV/0!,#DIV/0!,郑州团队
2025-08-22 13:08:49.268000,2025-08-21,SG,印度（India）,1295.61,273.0,60.0,,21.5935,21.5935,郑州团队
2025-08-22 13:11:46.192000,2025-08-21,YK,德国（Germany）,2111.24,84.0,12.0,,175.9366667,175.9366667,金边团队
2025-08-22 13:29:12.488000,2025-08-21,YJ,意大利（Italy),570.02,46.0,6.5,,87.69538462,87.69538462,郑州团队
2025-08-22 23:15:29.752000,2025-08-22,MY,印度（India）,1395.12,202.0,82.0,,17.01365854,17.01365854,金边团队
2025-08-23 01:43:46.491000,2025-08-22,SG,印度（India）,763.5,162.0,42.0,,18.17857143,18.17857143,郑州团队
2025-08-23 10:13:31.846000,2025-08-22,HW,意大利（Italy),106.69,9.0,0.0,,#DIV/0!,#DIV/0!,金边团队
2025-08-23 14:15:24.144000,2025-08-22,YJ,意大利（Italy),273.86,23.0,3.0,,91.28666667,91.28666667,郑州团队
2025-08-24 01:29:28.921000,2025-08-23,SG,印度（India）,931.87,193.0,25.0,,37.2748,37.2748,郑州团队
2025-08-24 01:30:27.215000,2025-08-23,MY,印度（India）,3951.86,686.0,264.0,,14.96916667,14.96916667,金边团队
2025-08-24 11:58:20.122000,2025-08-23,HW,意大利（Italy),378.8,21.0,2.0,,189.4,189.4,金边团队
2025-08-24 13:13:35.453000,2025-08-23,YJ,意大利（Italy),275.55,19.0,2.0,,137.775,137.775,郑州团队
2025-08-25 00:02:42.067000,2025-08-24,MY,印度（India）,3462.51,505.0,188.0,,18.41760638,18.41760638,金边团队
2025-08-25 00:05:16.389000,2025-08-24,SG,印度（India）,382.91,87.0,8.0,,47.86375,47.86375,郑州团队
2025-08-25 13:09:37.191000,2025-08-24,YK,德国（Germany）,310.06,0.0,0.0,,#DIV/0!,#DIV/0!,金边团队
2025-08-26 00:01:56.938000,2025-08-25,SG,马来西亚,54.91,2.0,0.0,,#DIV/0!,#DIV/0!,郑州团队
2025-08-26 00:12:24.847000,2025-08-25,SG,印度（India）,8.95,4.0,3.0,,2.983333333,2.983333333,郑州团队
2025-08-26 00:22:24.316000,2025-08-25,MY,印度（India）,2942.54,478.0,189.0,,15.56899471,15.56899471,金边团队
2025-08-26 11:39:53.498000,2025-08-25,HW,意大利（Italy),65.95,9.0,0.0,,#DIV/0!,#DIV/0!,金边团队
2025-08-26 11:53:45.107000,2025-08-25,YJ,意大利（Italy),55.96,6.0,0.0,,#DIV/0!,#DIV/0!,郑州团队
2025-08-26 12:10:51.936000,2025-08-25,YK,德国（Germany）,284.15,10.0,2.0,,142.075,142.075,金边团队
2025-08-27 00:35:04.377000,2025-08-26,MY,印度（India）,2430.77,437.0,169.0,,14.38325444,14.38325444,金边团队
2025-08-27 01:37:44.881000,2025-08-26,HY,印度（India）,275.83,57.0,38.0,,7.258684211,7.258684211,郑州团队
2025-08-27 11:34:22.324000,2025-08-26,HW,意大利（Italy),94.49,9.0,1.0,,94.49,94.49,金边团队
2025-08-27 11:45:05.335000,2025-08-26,SG,印度（India）,205.67,53.0,19.0,,10.82473684,10.82473684,郑州团队
2025-08-28 14:24:00.259000,2025-08-27,HW,意大利（Italy),361.82,0.0,0.0,,#DIV/0!,#DIV/0!,金边团队
2025-08-28 14:26:41.360000,2025-08-27,YJ,意大利（Italy),159.74,6.0,0.0,,#DIV/0!,#DIV/0!,郑州团队
2025-08-28 21:47:44.967000,2025-08-28,HY,印度（India）,73.57,4.0,2.0,,36.785,36.785,郑州团队
2025-08-28 21:48:58.371000,2025-08-28,MY,印度（India）,745.25,95.0,24.0,,31.05208333,31.05208333,金边团队
2025-08-28 21:50:48.307000,2025-08-28,SG,印度（India）,232.23,25.0,7.0,,33.17571429,33.17571429,郑州团队
2025-08-29 12:20:55.092000,2025-08-28,YJ,意大利（Italy),63.24,5.0,0.5,,126.48,126.48,郑州团队
2025-08-29 12:30:23.486000,2025-08-28,HW,意大利（Italy),40.61,31.0,3.0,,13.53666667,13.53666667,金边团队
2025-08-29 13:12:50.894000,2025-08-28,YK,德国（Germany）,57.3,2.0,0.0,,#DIV/0!,#DIV/0!,金边团队
2025-08-29 23:57:37.027000,2025-08-29,SG,印度（India）,204.69,40.0,13.0,,15.74538462,15.74538462,郑州团队
2025-08-30 01:14:11.325000,2025-08-29,MY,印度（India）,1390.78,220.0,68.0,,20.45264706,20.45264706,金边团队
2025-08-30 12:57:36.845000,2025-08-29,YK,西班牙,37.02,3.0,2.0,,18.51,18.51,金边团队
2025-08-30 13:02:44.456000,2025-08-29,YK,德国（Germany）,125.92,3.0,0.0,,#DIV/0!,#DIV/0!,金边团队
2025-08-30 13:30:48.893000,2025-08-29,HW,意大利（Italy),263.53,0.0,0.0,,#DIV/0!,#DIV/0!,金边团队
2025-08-31 02:52:16.740000,2025-08-30,HY,印度（India）,296.53,33.0,13.0,,22.81,22.81,郑州团队
2025-08-31 02:54:35.797000,2025-08-03,HY,印度（India）,0.0,0.0,66.0,,0,0,郑州团队
2025-08-31 16:36:16.287000,2025-08-30,YJ,意大利（Italy),212.55,2.0,0.0,,#DIV/0!,#DIV/0!,郑州团队
2025-08-31 16:57:39.061000,2025-08-30,HW,意大利（Italy),411.05,48.0,3.0,,137.0166667,137.0166667,金边团队
2025-08-31 22:18:52.597000,2025-08-30,MY,印度（India）,2251.24,292.0,138.0,,16.31333333,16.31333333,金边团队
2025-09-01 10:34:30.624000,2025-08-31,HW,意大利（Italy),87.15,24.0,1.0,,87.15,87.15,金边团队
2025-09-01 13:11:15.280000,2025-08-31,YK,德国（Germany）,419.52,2.0,0.0,,#DIV/0!,#DIV/0!,金边团队
2025-09-01 13:18:23.092000,2025-08-31,YJ,意大利（Italy),105.21,0.0,0.0,,#DIV/0!,#DIV/0!,郑州团队
2025-09-01 13:22:51.403000,2025-08-30,SG,印度（India）,358.46,57.0,12.0,,29.87166667,29.87166667,郑州团队
2025-09-01 13:29:18.212000,2025-08-31,ZJ,印度（India）,924.02,58.0,34.0,,27.17705882,27.17705882,郑州团队
2025-09-01 14:05:08.703000,2025-08-31,MY,印度（India）,1185.36,152.0,29.0,,40.87448276,40.87448276,金边团队
2025-09-02 00:48:33.970000,2025-09-01,YK,西班牙,566.67,34.0,11.0,,51.51545455,51.51545455,金边团队
2025-09-02 00:50:15.569000,2025-09-01,MY,印度（India）,578.78,74.0,12.0,,48.23166667,48.23166667,金边团队
2025-09-02 03:33:09.683000,2025-09-01,HY,印度（India）,259.14,35.0,30.0,,8.638,8.638,郑州团队
2025-09-02 11:56:07.270000,2025-09-01,YJ,意大利（Italy),36.68,3.0,1.0,,36.68,36.68,郑州团队
2025-09-02 12:38:33.278000,2025-09-01,ZJ,印度（India）,608.05,104.0,37.0,,16.43378378,16.43378378,郑州团队
2025-09-02 14:21:51.010000,2025-09-01,HW,印度（India）,64.66,61.0,51.0,,1.267843137,1.267843137,金边团队
2025-09-03 01:18:39.754000,2025-09-02,YK,西班牙,1387.92,52.0,25.0,,55.5168,55.5168,金边团队
2025-09-03 01:19:25.803000,2025-09-02,YK,德国（Germany）,194.7,0.0,0.0,,#DIV/0!,#DIV/0!,金边团队
2025-09-03 11:22:56.948000,2025-09-02,ZJ,印度（India）,340.48,58.0,16.0,,21.28,21.28,郑州团队
2025-09-03 11:28:38.988000,2025-09-02,HY,印度（India）,212.68,33.0,9.0,,23.63111111,23.63111111,郑州团队
2025-09-03 12:35:28.334000,2025-09-02,MY,印度（India）,2895.93,429.0,122.0,,23.73713115,23.73713115,金边团队
2025-09-03 13:04:39.934000,2025-09-02,YJ,西班牙,40.98,0.0,0.0,,#DIV/0!,#DIV/0!,郑州团队
2025-09-04 00:22:08.182000,2025-09-03,MY,印度（India）,3007.29,437.0,134.0,,22.44246269,22.44246269,金边团队
2025-09-04 01:24:04.048000,2025-09-03,YK,西班牙,1414.33,57.0,19.0,,74.43842105,74.43842105,金边团队
2025-09-04 11:33:51.391000,2025-09-03,ZJ,印度（India）,120.63,27.0,7.0,,17.23285714,17.23285714,郑州团队
2025-09-04 15:44:32.594000,2025-09-03,HY,印度（India）,650.62,86.0,19.0,,34.24315789,34.24315789,郑州团队
2025-09-04 16:08:53.262000,2025-09-03,YJ,德国（Germany）,181.56,2.0,0.0,,#DIV/0!,#DIV/0!,郑州团队
2025-09-05 00:27:52.283000,2025-09-04,YK,德国（Germany）,186.85,3.0,0.0,,#DIV/0!,#DIV/0!,金边团队
2025-09-05 00:36:11.523000,2025-09-04,YK,西班牙,1049.75,52.0,20.0,,52.4875,52.4875,金边团队
2025-09-05 08:32:57.314000,2025-09-04,HW,印度（India）,353.92,51.0,21.0,,16.85333333,16.85333333,金边团队
2025-09-05 10:18:19.245000,2025-09-04,HY,印度（India）,376.73,64.0,25.0,,15.0692,15.0692,郑州团队
2025-09-05 11:03:39.589000,2025-09-04,MY,印度（India）,1151.7,166.0,45.0,,25.59333333,25.59333333,金边团队
2025-09-05 12:29:48.173000,2025-09-04,YJ,德国（Germany）,36.31,1.0,0.0,,#DIV/0!,#DIV/0!,郑州团队
2025-09-05 12:41:56.657000,2025-09-04,YJ,西班牙,109.51,2.0,0.0,,#DIV/0!,#DIV/0!,郑州团队
2025-09-05 21:36:43.423000,2025-09-05,MY,印度（India）,155.05,20.0,3.0,,51.68333333,51.68333333,金边团队
2025-09-06 00:57:37.590000,2025-09-05,SG,印度（India）,29.75,9.0,2.0,,14.875,14.875,郑州团队
2025-09-06 10:51:02.635000,2025-09-05,HW,印度（India）,950.1,120.0,55.0,,17.27454545,17.27454545,金边团队
2025-09-06 11:09:16.440000,2025-09-05,YJ,德国（Germany）,212.91,7.0,2.0,,106.455,106.455,郑州团队
2025-09-06 11:35:18.803000,2025-09-05,YK,西班牙,703.38,26.0,13.0,,54.10615385,54.10615385,金边团队
2025-09-07 17:25:52.255000,2025-09-06,YJ,德国（Germany）,102.5,3.0,1.0,,102.5,102.5,郑州团队
2025-09-08 14:11:22.791000,2025-09-07,YJ,德国（Germany）,87.41,1.0,0.0,,#DIV/0!,#DIV/0!,郑州团队
2025-09-09 10:00:31.950000,2025-09-08,HW,印度（India）,402.5,81.0,36.0,,11.18055556,11.18055556,金边团队
2025-09-09 11:10:09.656000,2025-09-08,MY,印度（India）,1440.83,209.0,73.0,,19.73739726,19.73739726,金边团队
2025-09-09 11:17:27.030000,2025-09-08,HY,印度（India）,390.85,52.0,33.0,,11.84393939,11.84393939,郑州团队
2025-09-09 12:04:23.023000,2025-09-08,YK,意大利（Italy),123.36,0.0,0.0,,#DIV/0!,#DIV/0!,金边团队
2025-09-09 12:42:53.929000,2025-09-08,YJ,意大利（Italy),430.78,11.0,0.0,,#DIV/0!,#DIV/0!,郑州团队
2025-09-09 12:52:10.084000,2025-09-08,ZJ,印度（India）,153.63,8.0,3.0,,51.21,51.21,郑州团队
2025-09-10 11:15:05.891000,2025-09-09,HW,印度（India）,1912.36,370.0,108.0,,17.70703704,17.70703704,金边团队
2025-09-10 11:29:59.005000,2025-09-09,YK,新加坡,203.78,1.0,0.0,,#DIV/0!,#DIV/0!,金边团队
2025-09-10 11:33:28.465000,2025-09-09,YJ,印度（India）,222.95,16.0,4.0,,55.7375,55.7375,郑州团队
2025-09-10 11:34:08.884000,2025-09-09,HY,印度（India）,1453.51,165.0,49.0,,29.66346939,29.66346939,郑州团队
2025-09-10 11:37:51.253000,2025-09-09,MY,印度（India）,1644.37,299.0,71.0,,23.16014085,23.16014085,金边团队
2025-09-10 12:33:22.162000,2025-09-09,ZJ,印度（India）,120.94,18.0,5.0,,24.188,24.188,郑州团队
2025-09-10 14:46:37.028000,2025-09-09,YK,意大利（Italy),2233.21,68.0,0.0,,#DIV/0!,#DIV/0!,金边团队
2025-09-11 00:43:58.643000,2025-09-10,HY,印度（India）,3184.06,561.0,132.0,,24.12166667,24.12166667,郑州团队
2025-09-11 08:53:04.560000,2025-09-10,XH,印度（India）,60.4,7.0,0.0,,#DIV/0!,#DIV/0!,郑州团队
2025-09-11 09:15:32.387000,2025-09-10,YK,新加坡,140.5,1.0,0.0,,#DIV/0!,#DIV/0!,金边团队
2025-09-11 09:26:14.836000,2025-09-10,MY,印度（India）,1785.12,362.0,48.0,,37.19,37.19,金边团队
2025-09-11 09:26:43.870000,2025-09-10,ZJ,印度（India）,1131.39,139.0,19.0,,59.54684211,59.54684211,郑州团队
2025-09-11 09:55:26.232000,2025-09-10,HW,印度（India）,1602.51,600.0,41.0,,39.08560976,39.08560976,金边团队
2025-09-11 10:21:25.770000,2025-09-10,YJ,印度（India）,248.77,22.0,5.0,,49.754,49.754,郑州团队
2025-09-11 13:33:52.025000,2025-09-10,YK,意大利（Italy),590.52,32.0,23.0,,25.67478261,25.67478261,金边团队
2025-09-12 00:58:37.044000,2025-09-11,HY,印度（India）,4498.7,827.0,161.0,,27.94223602,27.94223602,郑州团队
2025-09-12 09:17:24.550000,2025-09-11,YK,意大利（Italy),719.89,27.0,0.0,,#DIV/0!,#DIV/0!,金边团队
2025-09-12 10:09:18.247000,2025-09-11,MY,印度（India）,3669.68,557.0,92.0,,39.88782609,39.88782609,金边团队
2025-09-12 10:10:31.788000,2025-09-11,ZJ,印度（India）,1573.69,213.0,31.0,,50.76419355,50.76419355,郑州团队
2025-09-12 10:20:47.781000,2025-09-11,XH,印度（India）,10.23,2.0,0.0,,#DIV/0!,#DIV/0!,郑州团队
2025-09-12 10:22:06.564000,2025-09-11,YJ,印度（India）,191.06,13.0,2.0,,95.53,95.53,郑州团队
2025-09-12 10:22:42.436000,2025-09-11,HW,印度（India）,535.64,100.0,15.0,,35.70933333,35.70933333,金边团队
2025-09-12 20:33:12.432000,2025-09-12,FD,印度（India）,272.27,77.0,17.0,,16.01588235,16.01588235,
2025-09-13 02:01:52.672000,2025-09-12,HY,印度（India）,4338.34,846.0,198.0,,21.91080808,21.91080808,郑州团队
2025-09-13 09:04:07.279000,2025-09-12,YK,意大利（Italy),88.86,7.0,14.5,,6.128275862,6.128275862,金边团队
2025-09-13 09:26:40.368000,2025-09-12,XH,印度（India）,87.71,9.0,0.0,,#DIV/0!,#DIV/0!,郑州团队
2025-09-13 09:39:57.753000,2025-09-12,YJ,印度（India）,232.76,33.0,7.0,,33.25142857,33.25142857,郑州团队
2025-09-13 09:56:27.938000,2025-09-12,JK,印度（India）,278.6,24.0,1.0,,278.6,278.6,
2025-09-13 09:58:50.281000,2025-09-12,MY,印度（India）,867.67,166.0,51.0,,17.01313725,17.01313725,金边团队
2025-09-13 10:36:57.346000,2025-09-12,HW,印度（India）,464.71,95.0,17.0,,27.33588235,27.33588235,金边团队
2025-09-14 10:39:13.699000,2025-09-13,FD,印度（India）,1354.92,321.0,76.0,,17.82789474,17.82789474,
2025-09-14 12:59:07.725000,2025-09-13,YJ,印度（India）,423.91,76.0,18.0,,23.55055556,23.55055556,郑州团队
2025-09-14 17:55:08.960000,2025-09-13,HW,印度（India）,3321.21,650.0,170.0,,19.53652941,19.53652941,金边团队
2025-09-14 18:00:39.078000,2025-09-13,JK,印度（India）,275.68,20.0,4.0,,68.92,68.92,
2025-09-14 18:04:32.318000,2025-09-13,LM,印度（India）,103.65,8.0,0.0,,#DIV/0!,#DIV/0!,
2025-09-14 22:01:04.042000,2025-09-13,XH,印度（India）,249.03,41.0,7.0,,35.57571429,35.57571429,郑州团队
2025-09-15 09:14:56.262000,2025-09-14,FD,印度（India）,1298.22,327.0,79.0,,16.43316456,16.43316456,
2025-09-15 09:44:08.502000,2025-09-14,HY,印度（India）,2197.68,328.0,129.0,,17.03627907,17.03627907,郑州团队
2025-09-15 09:56:45.653000,2025-09-14,XH,印度（India）,492.05,93.0,20.0,,24.6025,24.6025,郑州团队
2025-09-15 10:31:40.893000,2025-09-14,LD,印度（India）,59.46,3.0,0.0,,#DIV/0!,#DIV/0!,
2025-09-15 11:45:38.816000,2025-09-14,YJ,印度（India）,265.42,35.0,7.0,,37.91714286,37.91714286,郑州团队
2025-09-15 14:04:03.579000,2025-09-14,LM,印度（India）,5.02,2.0,0.0,,#DIV/0!,#DIV/0!,
2025-09-15 14:52:46.023000,2025-09-14,HW,印度（India）,5513.95,1575.0,264.0,,20.88617424,20.88617424,金边团队
2025-09-15 16:34:26.155000,2025-09-14,YK,意大利（Italy),2832.31,87.0,13.5,,209.8007407,209.8007407,金边团队
2025-09-16 00:49:21.483000,2025-09-15,HY,印度（India）,2921.39,479.0,136.0,,21.48080882,21.48080882,郑州团队
2025-09-16 09:02:52.963000,2025-09-15,LD,印度（India）,66.66,7.0,0.0,,#DIV/0!,#DIV/0!,
2025-09-16 09:13:18.929000,2025-09-15,MY,印度（India）,1272.42,142.0,29.0,,43.87655172,43.87655172,金边团队
2025-09-16 09:16:04.853000,2025-09-15,JK,印度（India）,320.99,42.0,14.0,,22.92785714,22.92785714,
2025-09-16 10:04:04.947000,2025-09-15,YK,意大利（Italy),214.54,8.0,0.0,,#DIV/0!,#DIV/0!,金边团队
2025-09-16 10:06:02.865000,2025-09-15,HW,印度（India）,2118.93,1400.0,131.0,,16.17503817,16.17503817,金边团队
2025-09-16 10:18:00.506000,2025-09-15,XH,印度（India）,717.39,101.0,21.0,,34.16142857,34.16142857,郑州团队
2025-09-16 10:21:54.033000,2025-09-15,FD,印度（India）,1755.57,273.0,56.0,,31.34946429,31.34946429,
2025-09-16 10:31:14.346000,2025-09-15,LM,印度（India）,200.4,13.0,0.0,,#DIV/0!,#DIV/0!,
2025-09-16 11:12:25.680000,2025-09-15,YJ,印度（India）,205.95,41.0,8.0,,25.74375,25.74375,郑州团队
2025-09-16 19:08:09.781000,2025-09-12,SG,印度（India）,187.57,27.0,7.0,,26.79571429,26.79571429,郑州团队
2025-09-17 01:38:32.500000,2025-09-16,SG,印度（India）,111.18,14.0,3.0,,37.06,37.06,郑州团队
2025-09-17 09:07:50.863000,2025-09-16,LD,印度（India）,100.05,17.0,1.0,,100.05,100.05,
2025-09-17 09:12:23.739000,2025-09-16,JK,印度（India）,431.75,61.0,12.0,,35.97916667,35.97916667,
2025-09-17 09:22:57.023000,2025-09-16,YK,马来西亚,240.0,10.0,4.0,,60,60,金边团队
2025-09-17 09:35:53.566000,2025-09-16,FD,印度（India）,773.99,158.0,12.0,,64.49916667,64.49916667,
2025-09-17 09:49:34.761000,2025-09-16,XH,印度（India）,670.6,85.0,8.0,,83.825,83.825,郑州团队
2025-09-17 09:55:15.988000,2025-09-16,MY,印度（India）,3984.53,536.0,93.0,,42.8444086,42.8444086,金边团队
2025-09-17 10:24:16.382000,2025-09-16,SZ1-XW,马来西亚,197.21,3.0,1.0,,197.21,197.21,
2025-09-17 10:26:49.781000,2025-09-16,LM,印度（India）,146.54,27.0,1.0,,146.54,146.54,
2025-09-17 11:16:31.015000,2025-09-16,HY,印度（India）,2924.78,651.0,113.0,,25.88300885,25.88300885,郑州团队
2025-09-17 12:05:02.331000,2025-09-16,YJ,印度（India）,0.0,0.0,0.0,,#DIV/0!,#DIV/0!,郑州团队
2025-09-17 13:11:00.108000,2025-09-16,SZ2-V8,印度（India）,24.94,2.0,0.0,,#DIV/0!,#DIV/0!,
2025-09-17 13:27:22.694000,2025-09-16,HW,印度（India）,6963.52,1654.0,381.0,,18.27695538,18.27695538,金边团队
2025-09-18 08:58:45.598000,2025-09-17,LM,印度（India）,314.45,7.0,3.0,,104.8166667,104.8166667,
2025-09-18 09:04:42.042000,2025-09-17,LD,印度（India）,189.7,26.0,1.0,,189.7,189.7,
2025-09-18 09:09:20.078000,2025-09-17,FD,印度（India）,615.8,140.0,34.0,,18.11176471,18.11176471,
2025-09-18 09:11:42.834000,2025-09-17,YJ,印度（India）,140.74,24.0,3.0,,46.91333333,46.91333333,郑州团队
2025-09-18 09:15:09.002000,2025-09-17,YK,马来西亚,442.92,20.0,9.0,,49.21333333,49.21333333,金边团队
2025-09-18 09:23:39.229000,2025-09-17,HY,印度（India）,3378.95,682.0,181.0,,18.66823204,18.66823204,郑州团队
2025-09-18 09:24:36.419000,2025-09-17,XH,印度（India）,438.53,66.0,21.0,,20.88238095,20.88238095,郑州团队
2025-09-18 09:24:56.602000,2025-09-17,MY,印度（India）,3814.12,539.0,108.0,,35.31592593,35.31592593,金边团队
2025-09-18 09:42:17.157000,2025-09-17,JK,印度（India）,795.63,118.0,34.0,,23.40088235,23.40088235,
2025-09-18 09:52:58.820000,2025-09-17,FKZ,尼日利亚,112.91,54.0,54.0,,2.090925926,2.090925926,
2025-09-18 10:32:22.007000,2025-09-17,SZ1-XW,马来西亚,268.71,13.0,4.0,,67.1775,67.1775,
2025-09-18 10:36:54.755000,2025-09-17,HW,印度（India）,5604.15,1431.0,231.0,,24.26038961,24.26038961,金边团队
2025-09-19 09:18:17.579000,2025-09-18,HY,印度（India）,2865.17,660.0,147.0,,19.49095238,19.49095238,郑州团队
2025-09-19 09:20:57.346000,2025-09-18,LD,印度（India）,332.36,45.0,3.0,,110.7866667,110.7866667,
2025-09-19 09:23:01.734000,2025-09-18,MY,印度（India）,2711.82,443.0,78.0,,34.76692308,34.76692308,金边团队
2025-09-19 09:28:52.203000,2025-09-18,YK,马来西亚,807.03,32.0,10.0,,80.703,80.703,金边团队
2025-09-19 09:33:28.646000,2025-09-18,JK,印度（India）,1622.78,187.0,98.0,,16.55897959,16.55897959,
2025-09-19 09:42:49.675000,2025-09-18,FD,印度（India）,1670.61,269.0,48.0,,34.804375,34.804375,
2025-09-19 09:46:43.890000,2025-09-18,YJ,印度（India）,961.25,166.0,30.0,,32.04166667,32.04166667,郑州团队
2025-09-19 10:18:50.863000,2025-09-18,LM,印度（India）,258.08,9.0,3.0,,86.02666667,86.02666667,
2025-09-19 10:20:23.817000,2025-09-18,XH,印度（India）,917.37,117.0,32.0,,28.6678125,28.6678125,郑州团队
2025-09-19 10:51:23.208000,2025-09-18,FKZ,尼日利亚,39.62,2.0,2.0,,19.81,19.81,
2025-09-19 11:28:35.561000,2025-09-18,HW,印度（India）,6601.04,1650.0,394.0,,16.75390863,16.75390863,金边团队
2025-09-19 12:29:33.260000,2025-09-18,SG,印度（India）,164.64,19.0,4.0,,41.16,41.16,郑州团队
2025-09-19 22:21:53.946000,2025-09-19,SZ2-TG,印度（India）,112.96,51.0,4.0,,28.24,28.24,
2025-09-19 22:34:52.487000,2025-09-19,SZ2-V8,印度（India）,438.89,67.0,14.0,,31.34928571,31.34928571,
2025-09-20 09:12:24.672000,2025-09-19,HY,印度（India）,5385.23,966.0,170.0,,31.67782353,31.67782353,郑州团队
2025-09-20 09:13:07.946000,2025-09-19,JK,印度（India）,250.52,17.0,9.0,,27.83555556,27.83555556,
2025-09-20 09:13:16.178000,2025-09-19,MY,印度（India）,1504.28,262.0,36.0,,41.78555556,41.78555556,金边团队
2025-09-20 09:14:42.776000,2025-09-19,LD,印度（India）,178.42,27.0,6.0,,29.73666667,29.73666667,
2025-09-20 09:31:19.712000,2025-09-19,FD,印度（India）,1304.57,251.0,51.0,,25.57980392,25.57980392,
2025-09-20 10:17:04.739000,2025-09-19,XH,印度（India）,1156.9,140.0,34.0,,34.02647059,34.02647059,郑州团队
2025-09-20 10:53:24.775000,2025-09-19,HW,印度（India）,5898.09,1357.0,224.0,,26.33075893,26.33075893,金边团队
2025-09-20 10:58:38.375000,2025-09-19,YJ,印度（India）,1661.65,286.0,55.0,,30.21181818,30.21181818,郑州团队
2025-09-20 11:00:14.914000,2025-09-19,LM,印度（India）,152.82,2.0,1.0,,152.82,152.82,
2025-09-21 08:28:35.922000,2025-09-20,XH,印度（India）,566.8,80.0,19.0,,29.83157895,29.83157895,郑州团队
2025-09-21 10:37:34.333000,2025-09-20,MY,印度（India）,6977.53,1538.0,216.0,,32.30337963,32.30337963,金边团队
2025-09-21 11:22:44.019000,2025-09-20,FD,印度（India）,114.61,43.0,8.0,,14.32625,14.32625,
2025-09-21 11:51:44.544000,2025-09-20,HW,印度（India）,1671.75,621.0,93.0,,17.97580645,17.97580645,金边团队
2025-09-21 13:28:44.570000,2025-09-20,SZ2-V8,印度（India）,416.4,44.0,6.0,,69.4,69.4,
2025-09-22 09:24:21.798000,2025-09-21,MY,印度（India）,563.72,106.0,13.0,,43.36307692,43.36307692,金边团队
2025-09-22 09:24:42.096000,2025-09-21,JK,印度（India）,120.46,21.0,14.0,,8.604285714,8.604285714,
2025-09-22 17:59:05.062000,2025-09-22,SZ1-SR,马来西亚,30.52,2.0,0.0,,#DIV/0!,#DIV/0!,
2025-09-23 09:11:57.199000,2025-09-22,MY,印度（India）,3336.18,673.0,123.0,,27.12341463,27.12341463,金边团队
2025-09-23 09:17:21.540000,2025-09-22,JK,印度（India）,40.91,10.0,0.0,,#DIV/0!,#DIV/0!,
2025-09-23 12:30:45.891000,2025-09-22,HW,印度（India）,368.74,61.0,20.0,,18.437,18.437,金边团队
2025-09-24 09:02:25.199000,2025-09-23,MY,印度（India）,4976.13,1002.0,216.0,,23.03763889,23.03763889,金边团队
2025-09-24 09:07:11.440000,2025-09-23,FD,印度（India）,10.4,3.0,1.0,,10.4,10.4,
2025-09-24 09:10:14.405000,2025-09-23,LD,印度（India）,13.95,2.0,0.0,,#DIV/0!,#DIV/0!,
2025-09-24 09:21:19.788000,2025-09-23,YK,马来西亚,133.99,5.0,3.0,,44.66333333,44.66333333,金边团队
2025-09-24 09:49:30.646000,2025-09-23,JK,印度（India）,262.06,65.0,7.0,,37.43714286,37.43714286,
2025-09-24 10:48:01.665000,2025-09-23,HW,印度（India）,334.06,93.0,33.0,,10.1230303,10.1230303,金边团队
2025-09-25 07:30:51.699000,2025-09-24,SZ1-XC,马来西亚,197.32,5.0,0.0,,#DIV/0!,#DIV/0!,
2025-09-25 09:07:16.293000,2025-09-24,MY,印度（India）,2149.86,468.0,110.0,,19.54418182,19.54418182,金边团队
2025-09-25 09:17:57.857000,2025-09-24,LM,马来西亚,15.16,0.0,0.0,,#DIV/0!,#DIV/0!,
2025-09-25 09:18:10.596000,2025-09-24,JK,马来西亚,41.02,1.0,0.0,,#DIV/0!,#DIV/0!,
2025-09-25 10:43:09.958000,2025-09-24,FKZ,马来西亚,3.52,1.0,0.0,,#DIV/0!,#DIV/0!,
2025-09-25 12:36:41.867000,2025-09-24,SZ1-DC,印度（India）,60.43,0.0,0.0,,#DIV/0!,#DIV/0!,
2025-09-25 13:00:36.670000,2025-09-24,YJ,马来西亚,53.02,4.0,0.0,,#DIV/0!,#DIV/0!,郑州团队
2025-09-25 19:49:55.692000,2025-09-25,YK,马来西亚,401.96,52.0,9.0,,44.66222222,44.66222222,金边团队
2025-09-26 00:43:25.653000,2025-09-25,SZ1-XC,马来西亚,142.33,9.0,1.0,,142.33,142.33,
2025-09-26 09:05:02.419000,2025-09-25,LM,马来西亚,35.0,0.0,0.0,,#DIV/0!,#DIV/0!,
2025-09-26 09:15:02.122000,2025-09-25,LD,马来西亚,33.94,3.0,0.0,,#DIV/0!,#DIV/0!,
2025-09-26 09:16:55.209000,2025-09-25,XH,马来西亚,122.96,4.0,0.0,,#DIV/0!,#DIV/0!,郑州团队
2025-09-26 09:31:56.714000,2025-09-25,JK,马来西亚,36.82,1.0,0.0,,#DIV/0!,#DIV/0!,
2025-09-26 11:47:44.362000,2025-09-25,SZ1-XW,马来西亚,78.71,4.0,0.0,,#DIV/0!,#DIV/0!,
2025-09-26 14:03:51.148000,2025-09-25,SZ1-DC,印度（India）,67.34,13.0,5.0,,13.468,13.468,
2025-09-26 14:16:05.677000,2025-09-25,FD,马来西亚,35.29,3.0,0.0,,#DIV/0!,#DIV/0!,
2025-09-27 09:03:37.429000,2025-09-26,MY,印度（India）,2974.12,695.0,144.0,,20.65361111,20.65361111,金边团队
2025-09-27 09:08:57.126000,2025-09-26,XH,马来西亚,369.62,7.0,1.0,,369.62,369.62,郑州团队
2025-09-27 09:20:59.329000,2025-09-26,LD,马来西亚,14.5,4.0,2.0,,7.25,7.25,
2025-09-27 09:21:34.220000,2025-09-26,LD,印度（India）,425.56,111.0,23.0,,18.5026087,18.5026087,
2025-09-27 09:22:52.780000,2025-09-26,YK,马来西亚,40.32,3.0,0.0,,#DIV/0!,#DIV/0!,金边团队
2025-09-27 09:34:27.340000,2025-09-26,LM,印度（India）,187.11,24.0,11.0,,17.01,17.01,
2025-09-27 09:43:59.686000,2025-09-26,JK,印度（India）,503.19,140.0,31.0,,16.23193548,16.23193548,
2025-09-27 09:46:36.509000,2025-09-26,YJ,印度（India）,136.9,35.0,10.0,,13.69,13.69,郑州团队
2025-09-27 10:04:58.349000,2025-09-26,YJ,马来西亚,27.25,2.0,0.0,,#DIV/0!,#DIV/0!,郑州团队
2025-09-27 11:46:02.956000,2025-09-26,HW,印度（India）,372.55,101.0,25.0,,14.902,14.902,金边团队
2025-09-27 13:07:49.348000,2025-09-26,SZ1-XC,马来西亚,386.93,21.0,4.0,,96.7325,96.7325,
2025-09-29 09:13:41.465000,2025-09-28,MY,印度（India）,6376.03,1357.0,339.0,,18.80834808,18.80834808,金边团队
2025-09-29 10:02:43.798000,2025-09-28,HW,印度（India）,1765.56,400.0,115.0,,15.35269565,15.35269565,金边团队
2025-09-29 18:55:52.233000,2025-09-29,SZ2-TG,马来西亚,10.85,1.0,0.0,,#DIV/0!,#DIV/0!,
2025-09-30 08:59:26.905000,2025-09-29,LD,印度（India）,22.59,3.0,1.0,,22.59,22.59,
2025-09-30 09:11:47.035000,2025-09-29,MY,印度（India）,5163.11,966.0,249.0,,20.73538153,20.73538153,金边团队
2025-09-30 09:12:38.338000,2025-09-29,HY,印度（India）,52.21,12.0,3.0,,17.40333333,17.40333333,郑州团队
2025-09-30 09:14:52.991000,2025-09-29,XH,马来西亚,42.6,0.0,0.0,,#DIV/0!,#DIV/0!,郑州团队
2025-09-30 09:15:10.190000,2025-09-29,HY,马来西亚,20.23,2.0,0.0,,#DIV/0!,#DIV/0!,郑州团队
2025-09-30 09:18:33.314000,2025-09-29,FD,印度（India）,162.4,19.0,5.0,,32.48,32.48,
2025-09-30 09:27:12.614000,2025-09-29,JK,印度（India）,2131.73,429.0,130.0,,16.39792308,16.39792308,
2025-09-30 09:31:47.127000,2025-09-29,LM,印度（India）,67.14,0.0,0.0,,#DIV/0!,#DIV/0!,
2025-09-30 09:34:32.982000,2025-09-29,YK,马来西亚,137.16,13.0,5.0,,27.432,27.432,金边团队
2025-09-30 10:14:43.502000,2025-09-29,YJ,印度（India）,620.8,150.0,32.0,,19.4,19.4,郑州团队
2025-09-30 10:21:26.051000,2025-09-29,SZ1-XC,马来西亚,341.62,49.0,14.0,,24.40142857,24.40142857,
2025-09-30 10:22:34.389000,2025-09-29,FKZ,马来西亚,10.0,0.0,0.0,,#DIV/0!,#DIV/0!,
2025-09-30 17:23:19.279000,2025-09-29,HW,印度（India）,3814.88,770.0,235.0,,16.23353191,16.23353191,金边团队
2025-09-30 22:10:46.888000,2025-09-30,YK,马来西亚,194.47,14.0,3.0,,64.82333333,64.82333333,金边团队
2025-10-01 07:19:19.830000,2025-09-30,SZ1-XC,马来西亚,326.37,33.0,9.0,,36.26333333,36.26333333,
2025-10-01 07:55:27.888000,2025-09-30,SZ1-XW,马来西亚,72.33,3.0,0.0,,#DIV/0!,#DIV/0!,
2025-10-01 09:42:17.431000,2025-09-30,YJ,印度（India）,2510.46,525.0,108.0,,23.245,23.245,郑州团队
2025-10-01 10:21:28.710000,2025-09-30,LM,印度（India）,47.62,0.0,0.0,,#DIV/0!,#DIV/0!,
2025-10-01 10:27:41.850000,2025-09-30,LD,印度（India）,85.77,22.0,4.0,,21.4425,21.4425,
2025-10-01 11:47:38.849000,2025-09-30,FD,印度（India）,1183.78,249.0,39.0,,30.35333333,30.35333333,
2025-10-01 12:07:58.540000,2025-09-30,HY,印度（India）,2891.98,600.0,384.0,,7.531197917,7.531197917,郑州团队
2025-10-01 12:12:19.300000,2025-09-30,MY,印度（India）,6360.22,1548.0,204.0,,31.17754902,31.17754902,金边团队
2025-10-01 12:16:58.945000,2025-09-30,FKZ,马来西亚,26.95,1.0,0.0,,#DIV/0!,#DIV/0!,
2025-10-01 12:35:43.726000,2025-09-30,JK,印度（India）,2654.47,489.0,107.0,,24.80813084,24.80813084,
2025-10-02 06:15:33.874000,2025-10-01,HY,印度（India）,2509.39,487.0,130.0,,19.303,19.303,郑州团队
2025-10-02 08:58:57.581000,2025-10-01,HW,印度（India）,2296.29,483.0,98.0,,23.43153061,23.43153061,金边团队
2025-10-02 11:01:19.549000,2025-10-01,YJ,印度（India）,342.83,220.0,34.0,,10.08323529,10.08323529,郑州团队
2025-10-02 11:01:29.965000,2025-10-01,XH,印度（India）,36.18,2.0,1.0,,36.18,36.18,郑州团队
2025-10-02 11:04:38.831000,2025-10-01,JK,印度（India）,984.12,210.0,45.0,,21.86933333,21.86933333,
2025-10-02 11:48:58.596000,2025-10-01,FD,印度（India）,122.56,31.0,5.0,,24.512,24.512,
2025-10-03 09:38:30.056000,2025-10-02,XH,印度（India）,81.18,9.0,4.0,,20.295,20.295,郑州团队
2025-10-03 10:20:13.541000,2025-10-02,LM,印度（India）,9.14,0.0,0.0,,#DIV/0!,#DIV/0!,
2025-10-03 10:39:51.825000,2025-10-02,FD,印度（India）,1069.83,315.0,77.0,,13.8938961,13.8938961,
2025-10-03 10:49:48.734000,2025-10-02,HW,印度（India）,1797.01,430.0,70.0,,25.67157143,25.67157143,金边团队
2025-10-03 11:38:14.798000,2025-10-02,JK,印度（India）,1314.59,322.0,122.0,,10.77532787,10.77532787,
2025-10-03 14:33:42.954000,2025-10-02,HY,印度（India）,2376.32,474.0,97.0,,24.49814433,24.49814433,郑州团队
2025-10-04 03:09:31.516000,2025-10-03,HY,印度（India）,1231.41,300.0,60.0,,20.5235,20.5235,郑州团队
2025-10-04 10:34:12.323000,2025-10-03,JK,印度（India）,409.29,85.0,18.0,,22.73833333,22.73833333,
2025-10-04 10:52:57.227000,2025-10-03,FD,印度（India）,159.42,42.0,5.0,,31.884,31.884,
2025-10-04 10:54:58.463000,2025-10-03,LM,印度（India）,26.82,4.0,1.0,,26.82,26.82,
2025-10-04 11:15:42.096000,2025-10-03,XH,印度（India）,15.3,0.0,0.0,,#DIV/0!,#DIV/0!,郑州团队
2025-10-04 11:26:11.028000,2025-10-03,YJ,印度（India）,1594.82,302.0,53.0,,30.0909434,30.0909434,郑州团队
2025-10-04 11:45:57.003000,2025-09-30,HY,印度（India）,1331.76,0.0,0.0,,#DIV/0!,#DIV/0!,郑州团队
2025-10-04 12:06:32.465000,2025-10-03,HW,印度（India）,326.23,66.0,13.0,,25.09461538,25.09461538,金边团队
2025-10-05 00:25:18.241000,2025-10-04,HY,印度（India）,4077.76,1024.0,248.0,,16.44258065,16.44258065,郑州团队
2025-10-05 10:22:53.627000,2025-10-04,YJ,印度（India）,66.67,12.0,4.0,,16.6675,16.6675,郑州团队
2025-10-05 10:24:03.410000,2025-10-04,JK,印度（India）,753.25,168.0,47.0,,16.02659574,16.02659574,
2025-10-05 10:34:33.697000,2025-10-04,LD,印度（India）,109.58,41.0,14.0,,7.827142857,7.827142857,
2025-10-05 10:54:12.714000,2025-10-04,FD,印度（India）,108.25,37.0,6.0,,18.04166667,18.04166667,
2025-10-05 12:20:09.839000,2025-10-04,HW,印度（India）,706.99,871.0,30.0,,23.56633333,23.56633333,金边团队
2025-10-05 14:20:34.901000,2025-10-04,LM,印度（India）,136.38,6.0,3.0,,45.46,45.46,
2025-10-06 02:51:10.521000,2025-10-05,HY,印度（India）,5614.08,1344.0,319.0,,17.59899687,17.59899687,郑州团队
2025-10-06 08:42:01.360000,2025-10-05,JK,印度（India）,1716.1,372.0,108.0,,15.88981481,15.88981481,
2025-10-06 09:11:53.063000,2025-10-05,YJ,印度（India）,2367.53,680.0,189.0,,12.52661376,12.52661376,郑州团队
2025-10-06 10:20:23.724000,2025-10-05,LD,印度（India）,88.48,20.0,2.0,,44.24,44.24,
2025-10-06 10:58:55.519000,2025-10-05,FD,印度（India）,376.85,165.0,29.0,,12.99482759,12.99482759,
2025-10-06 11:01:18.902000,2025-10-05,LM,印度（India）,114.51,18.0,9.0,,12.72333333,12.72333333,
2025-10-06 23:41:46.583000,2025-10-06,SZ1-DC,印度（India）,40.54,0.0,0.0,,#DIV/0!,#DIV/0!,
2025-10-06 23:42:32.384000,2025-10-06,HY,印度（India）,5239.5,1243.0,239.0,,21.92259414,21.92259414,郑州团队
2025-10-07 07:21:45.524000,2025-10-06,SZ1-XC,马来西亚,416.03,28.0,4.0,,104.0075,104.0075,
2025-10-07 08:19:06.557000,2025-10-06,YJ,印度（India）,2881.9,695.0,185.0,,15.57783784,15.57783784,郑州团队
2025-10-07 09:58:18.413000,2025-10-06,JK,印度（India）,1829.61,401.0,126.0,,14.52071429,14.52071429,
2025-10-07 10:23:41.610000,2025-10-06,LM,印度（India）,73.73,7.0,3.0,,24.57666667,24.57666667,
2025-10-07 10:40:00.751000,2025-10-06,FD,印度（India）,745.77,234.0,48.0,,15.536875,15.536875,
2025-10-07 12:12:11.967000,2025-10-06,HW,印度（India）,1306.47,220.0,50.0,,26.1294,26.1294,金边团队
2025-10-07 12:46:50.194000,2025-10-06,YK,马来西亚,47.67,3.0,1.0,,47.67,47.67,金边团队
2025-10-08 01:42:06.287000,2025-10-07,HY,印度（India）,6083.94,1405.0,292.0,,20.83541096,20.83541096,郑州团队
2025-10-08 09:49:43.558000,2025-10-07,LM,印度（India）,274.74,63.0,23.0,,11.94521739,11.94521739,
2025-10-08 11:19:59.753000,2025-10-07,JK,印度（India）,612.05,165.0,40.0,,15.30125,15.30125,
2025-10-08 11:30:00.433000,2025-10-07,LD,印度（India）,34.29,18.0,2.0,,17.145,17.145,
2025-10-08 11:54:45.788000,2025-10-07,HW,印度（India）,1655.5,360.0,62.0,,26.7016129,26.7016129,金边团队
2025-10-08 14:07:23.203000,2025-10-07,YK,马来西亚,106.22,5.0,1.0,,106.22,106.22,金边团队
2025-10-09 01:08:35.909000,2025-10-08,HY,印度（India）,5179.2,1125.0,205.0,,25.26439024,25.26439024,郑州团队
2025-10-09 09:21:43.494000,2025-10-08,LM,印度（India）,272.89,44.0,10.0,,27.289,27.289,
2025-10-09 09:22:36.438000,2025-10-08,LD,印度（India）,38.22,29.0,3.0,,12.74,12.74,
2025-10-09 09:27:24.845000,2025-10-08,JK,印度（India）,348.75,81.0,15.0,,23.25,23.25,
2025-10-09 09:28:36.521000,2025-10-08,FD,印度（India）,535.19,141.0,11.0,,48.65363636,48.65363636,
2025-10-09 10:56:42.981000,2025-10-08,HW,印度（India）,1633.98,340.0,57.0,,28.66631579,28.66631579,金边团队
2025-10-09 11:32:19.710000,2025-10-08,SZ1-XC,马来西亚,278.88,13.0,3.0,,92.96,92.96,
2025-10-09 19:51:15.858000,2025-10-09,YK,马来西亚,70.83,3.0,0.0,,#DIV/0!,#DIV/0!,金边团队
2025-10-10 00:28:03.678000,2025-10-09,SZ1-XC,马来西亚,91.29,3.0,2.0,,45.645,45.645,
2025-10-10 00:46:26.493000,2025-10-09,SZ1-ZQ,马来西亚,157.66,5.0,1.0,,157.66,157.66,
2025-10-10 08:56:16.843000,2025-10-09,YJ,印度（India）,1622.97,410.0,108.0,,15.0275,15.0275,郑州团队
2025-10-10 09:00:17.185000,2025-10-09,XH,印度（India）,59.47,7.0,3.0,,19.82333333,19.82333333,郑州团队
2025-10-10 09:11:06.131000,2025-10-09,LM,印度（India）,275.38,60.0,24.0,,11.47416667,11.47416667,
2025-10-10 09:11:25.894000,2025-10-09,HY,印度（India）,4614.29,976.0,223.0,,20.69188341,20.69188341,郑州团队
2025-10-10 09:25:20.983000,2025-10-09,LD,印度（India）,490.87,160.0,33.0,,14.87484848,14.87484848,
2025-10-10 09:27:34.867000,2025-10-09,JK,印度（India）,793.46,171.0,40.0,,19.8365,19.8365,
2025-10-10 09:35:13.265000,2025-10-09,MY,印度（India）,1603.7,460.0,82.0,,19.55731707,19.55731707,金边团队
2025-10-10 10:13:13.035000,2025-10-09,FD,印度（India）,557.78,67.0,13.0,,42.90615385,42.90615385,
2025-10-10 11:04:18.360000,2025-10-09,HW,印度（India）,1422.54,300.0,50.0,,28.4508,28.4508,金边团队
2025-10-10 22:40:10.814000,2025-10-10,SZ1-ZQ,马来西亚,339.01,7.0,3.0,,113.0033333,113.0033333,
2025-10-11 00:49:15.193000,2025-10-10,SZ2-TG,马来西亚,10.81,1.0,0.0,,#DIV/0!,#DIV/0!,
2025-10-11 01:06:42.750000,2025-10-10,SZ2-TG,印度（India）,25.67,4.0,3.0,,8.556666667,8.556666667,
2025-10-11 02:33:18.277000,2025-10-10,HY,印度（India）,3081.75,595.0,122.0,,25.2602459,25.2602459,郑州团队
2025-10-11 09:03:56.012000,2025-10-10,YJ,印度（India）,2665.7,465.0,102.0,,26.13431373,26.13431373,郑州团队
2025-10-11 09:19:19.942000,2025-10-10,YK,马来西亚,153.16,6.0,1.0,,153.16,153.16,金边团队
2025-10-11 09:29:07.403000,2025-10-10,LD,印度（India）,777.54,201.0,36.0,,21.59833333,21.59833333,
2025-10-11 09:35:53.640000,2025-10-10,FD,印度（India）,136.25,26.0,6.0,,22.70833333,22.70833333,
2025-10-11 09:36:50.473000,2025-10-10,LM,印度（India）,225.3,19.0,9.0,,25.03333333,25.03333333,
2025-10-11 09:45:55.144000,2025-10-10,JK,印度（India）,540.06,101.0,20.0,,27.003,27.003,
2025-10-11 10:19:45.466000,2025-10-10,XH,印度（India）,272.46,39.0,11.0,,24.76909091,24.76909091,郑州团队
2025-10-11 10:19:51.048000,2025-10-10,FKZ,马来西亚,14.18,0.0,0.0,,#DIV/0!,#DIV/0!,
2025-10-11 10:39:15.785000,2025-10-10,SZ1-HJ,马来西亚,10.36,0.0,0.0,,#DIV/0!,#DIV/0!,
2025-10-11 10:40:12.204000,2025-10-10,SZ1-XC,马来西亚,277.51,13.0,4.0,,69.3775,69.3775,
2025-10-11 10:46:49.632000,2025-10-10,MY,印度（India）,2061.96,627.0,116.0,,17.77551724,17.77551724,金边团队
2025-10-11 10:50:25.647000,2025-10-10,HW,印度（India）,988.05,215.0,40.0,,24.70125,24.70125,金边团队
2025-10-11 19:33:26.305000,2025-10-11,YK,马来西亚,90.59,4.0,0.0,,#DIV/0!,#DIV/0!,金边团队
2025-10-11 20:09:19.586000,2025-10-11,SZ1-HJ,马来西亚,69.37,7.0,1.0,,69.37,69.37,
2025-10-11 21:06:24.328000,2025-10-11,SZ1-ZQ,马来西亚,231.97,10.0,3.0,,77.32333333,77.32333333,
2025-10-12 09:29:48.474000,2025-10-11,SZ1-XC,马来西亚,189.14,10.0,2.0,,94.57,94.57,
2025-10-12 11:24:18.675000,2025-10-11,XH,印度（India）,272.75,25.0,6.0,,45.45833333,45.45833333,郑州团队
2025-10-12 11:44:36.229000,2025-10-11,YJ,印度（India）,2653.74,632.0,149.0,,17.81033557,17.81033557,郑州团队
2025-10-12 12:09:12.496000,2025-10-11,LM,印度（India）,1724.32,346.0,113.0,,15.25946903,15.25946903,
2025-10-12 12:16:05.489000,2025-10-11,FKZ,马来西亚,6.43,1.0,0.0,,#DIV/0!,#DIV/0!,
2025-10-12 12:25:16.337000,2025-10-11,LD,印度（India）,100.92,21.0,3.0,,33.64,33.64,
2025-10-12 12:33:25.762000,2025-10-11,HW,印度（India）,1432.82,300.0,52.0,,27.55423077,27.55423077,金边团队
2025-10-12 13:07:05.156000,2025-10-11,FD,印度（India）,84.84,7.0,1.0,,84.84,84.84,
2025-10-12 13:12:27.534000,2025-10-11,JK,印度（India）,495.98,121.0,11.0,,45.08909091,45.08909091,
2025-10-12 14:50:37.444000,2025-10-11,HY,印度（India）,2523.79,615.0,110.0,,22.94354545,22.94354545,郑州团队
2025-10-12 20:04:25.371000,2025-10-12,SZ1-ZQ,马来西亚,114.03,2.0,1.0,,114.03,114.03,
2025-10-13 08:08:50.909000,2025-10-12,SZ1-XC,马来西亚,507.27,54.0,14.0,,36.23357143,36.23357143,
2025-10-13 08:17:05.727000,2025-10-12,SZ1-HJ,马来西亚,67.32,6.0,2.0,,33.66,33.66,
2025-10-13 08:54:09.191000,2025-10-12,YK,马来西亚,168.79,13.0,4.0,,42.1975,42.1975,金边团队
2025-10-13 09:19:22.567000,2025-10-12,MY,印度（India）,4405.66,1361.0,209.0,,21.07971292,21.07971292,金边团队
2025-10-13 09:37:56.129000,2025-10-12,LM,印度（India）,1787.15,282.0,125.0,,14.2972,14.2972,
2025-10-13 09:38:55.680000,2025-10-12,LD,印度（India）,114.57,37.0,4.0,,28.6425,28.6425,
2025-10-13 09:39:12.753000,2025-10-12,JK,印度（India）,768.83,165.0,21.0,,36.61095238,36.61095238,
2025-10-13 09:41:48.634000,2025-10-12,XH,印度（India）,439.36,60.0,21.0,,20.92190476,20.92190476,郑州团队
2025-10-13 09:47:51.063000,2025-10-12,FD,印度（India）,124.79,17.0,1.0,,124.79,124.79,
2025-10-13 09:53:18.219000,2025-10-12,YJ,印度（India）,3750.45,890.0,164.0,,22.86859756,22.86859756,郑州团队
2025-10-13 11:23:21.009000,2025-10-12,HW,印度（India）,1537.26,450.0,58.0,,26.50448276,26.50448276,金边团队
2025-10-13 20:26:51.073000,2025-10-13,HY,印度（India）,3034.85,639.0,79.0,FB,38.41582278,38.41582278,郑州团队
2025-10-13 20:33:16.654000,2025-10-13,MY,印度（India）,1678.87,639.0,79.0,FB,21.25151899,21.25151899,金边团队
2025-10-13 21:30:14.655000,2025-10-13,LD,印度（India）,318.05,52.0,6.0,FB,53.00833333,53.00833333,
2025-10-13 22:36:16.710000,2025-10-13,SZ1-HJ,马来西亚,104.69,5.0,0.0,FB,#DIV/0!,#DIV/0!,
2025-10-14 03:50:33.435000,2025-10-13,SZ2-V8,印度（India）,690.23,40.0,8.0,FB,86.27875,86.27875,
2025-10-14 08:30:31.034000,2025-10-13,YK,马来西亚,632.65,107.0,15.0,FB,42.17666667,42.17666667,金边团队
2025-10-14 09:06:22.992000,2025-10-13,JK,印度（India）,481.52,124.0,15.0,FB,32.10133333,32.10133333,
2025-10-14 09:07:46.417000,2025-10-13,XH,印度（India）,698.6,78.0,27.0,FB,25.87407407,25.87407407,郑州团队
2025-10-14 09:07:46.635000,2025-10-13,YJ,印度（India）,673.57,106.0,17.0,FB,39.62176471,39.62176471,郑州团队
2025-10-14 09:44:33.126000,2025-10-13,FKZ,马来西亚,14.78,3.0,0.0,FB,#DIV/0!,#DIV/0!,
2025-10-14 09:44:41.327000,2025-10-13,LM,印度（India）,606.29,63.0,34.0,FB,17.83205882,17.83205882,
2025-10-14 09:45:39.589000,2025-10-13,SZ1-XC,马来西亚,682.92,66.0,4.0,FB,170.73,170.73,
2025-10-14 09:47:10.169000,2025-10-13,FD,印度（India）,134.45,31.0,1.0,FB,134.45,134.45,
2025-10-14 10:49:00.828000,2025-10-13,HW,印度（India）,954.44,240.0,41.0,FB,23.27902439,23.27902439,金边团队
2025-10-14 11:16:52.597000,2025-10-13,SZ1-ZQ,马来西亚,357.52,8.0,3.0,FB,119.1733333,119.1733333,
2025-10-14 11:17:26.337000,2025-10-13,SZ1-ZQ,马来西亚,321.46,8.0,2.0,谷歌,160.73,160.73,
2025-10-14 22:59:34.720000,2025-10-14,SZ1-ZQ,马来西亚,231.73,0.0,0.0,FB,#DIV/0!,#DIV/0!,
2025-10-15 09:31:44.983000,2025-10-14,XH,印度（India）,533.23,53.0,11.0,FB,48.47545455,48.47545455,郑州团队
2025-10-15 09:37:07.018000,2025-10-14,FKZ,马来西亚,88.81,7.0,0.0,FB,#DIV/0!,#DIV/0!,
2025-10-15 09:37:35.644000,2025-10-14,SZ1-HJ,马来西亚,210.86,21.0,5.0,FB,42.172,42.172,
2025-10-15 09:37:52.078000,2025-10-14,LM,印度（India）,298.9,37.0,13.0,FB,22.99230769,22.99230769,
2025-10-15 09:43:52.063000,2025-10-14,JK,印度（India）,438.48,129.0,20.0,FB,21.924,21.924,
2025-10-15 09:44:07.329000,2025-10-14,LD,印度（India）,392.92,110.0,14.0,FB,28.06571429,28.06571429,
2025-10-15 09:45:29.474000,2025-10-14,FD,印度（India）,283.49,61.0,13.0,FB,21.80692308,21.80692308,
2025-10-15 09:47:19.633000,2025-10-14,YJ,印度（India）,287.68,42.0,12.0,FB,23.97333333,23.97333333,郑州团队
2025-10-15 10:01:43.246000,2025-10-14,YK,马来西亚,549.55,62.0,5.0,FB,109.91,109.91,金边团队
2025-10-15 10:15:12.330000,2025-10-14,HY,印度（India）,643.47,160.0,31.0,FB,20.75709677,20.75709677,郑州团队
2025-10-15 10:17:22.201000,2025-10-14,SZ1-XC,马来西亚,326.48,26.0,3.0,FB,108.8266667,108.8266667,
2025-10-15 10:27:23.198000,2025-10-14,MM,印度（India）,26.26,6.0,2.0,FB,13.13,13.13,
2025-10-15 10:29:26.154000,2025-10-14,MY,印度（India）,1455.69,496.0,97.0,FB,15.0071134,15.0071134,金边团队
2025-10-15 11:33:41.824000,2025-10-14,HW,印度（India）,1148.61,346.0,107.0,FB,10.7346729,10.7346729,金边团队
2025-10-16 02:24:45.563000,2025-10-15,HW,印度（India）,3202.72,750.0,246.0,FB,13.01918699,13.01918699,金边团队
2025-10-16 09:19:52.816000,2025-10-15,XH,印度（India）,20.45,5.0,0.0,FB,#DIV/0!,#DIV/0!,郑州团队
2025-10-16 09:28:42.494000,2025-10-15,LD,印度（India）,34.69,13.0,3.0,FB,11.56333333,11.56333333,
2025-10-16 09:33:03.334000,2025-10-15,LM,印度（India）,46.65,4.0,1.0,FB,46.65,46.65,
2025-10-16 09:45:09.568000,2025-10-15,MM,印度（India）,160.43,29.0,7.0,FB,22.91857143,22.91857143,
2025-10-16 09:47:31.041000,2025-10-15,HY,印度（India）,3328.61,713.0,171.0,FB,19.46555556,19.46555556,郑州团队
2025-10-16 09:48:12.370000,2025-10-15,MY,印度（India）,1508.67,383.0,92.0,FB,16.39858696,16.39858696,金边团队
2025-10-16 09:52:07.160000,2025-10-15,JK,印度（India）,414.23,93.0,11.0,FB,37.65727273,37.65727273,
2025-10-16 10:00:30.051000,2025-10-15,FD,印度（India）,52.74,12.0,3.0,FB,17.58,17.58,
2025-10-16 22:41:59.987000,2025-10-16,SZ1-DC,马来西亚,470.95,7.0,1.0,谷歌,470.95,470.95,
2025-10-16 23:30:58.914000,2025-10-16,SZ1-ZQ,马来西亚,32.05,2.0,0.0,FB,#DIV/0!,#DIV/0!,
2025-10-17 09:15:43.506000,2025-10-16,YK,比利时,272.25,2.0,0.0,FB,#DIV/0!,#DIV/0!,金边团队
2025-10-17 09:16:44.053000,2025-10-16,YK,马来西亚,88.42,10.0,2.0,FB,44.21,44.21,金边团队
2025-10-17 09:26:23.894000,2025-10-16,SZ1-XC,马来西亚,80.34,10.0,3.0,FB,26.78,26.78,
2025-10-17 09:29:12.616000,2025-10-16,SZ1-XC,马来西亚,70.8,3.0,0.0,谷歌,#DIV/0!,#DIV/0!,
2025-10-17 09:54:35.528000,2025-10-16,HY,印度（India）,2974.22,717.0,192.0,FB,15.49072917,15.49072917,郑州团队
2025-10-17 09:55:33.496000,2025-10-16,MY,印度（India）,1937.16,513.0,138.0,FB,14.0373913,14.0373913,金边团队
2025-10-17 09:56:58.079000,2025-10-16,SZ1-HJ,马来西亚,185.22,25.0,3.0,FB,61.74,61.74,
2025-10-17 10:01:39.985000,2025-10-16,LM,印度（India）,193.49,55.0,21.0,FB,9.213809524,9.213809524,
2025-10-17 10:04:24.836000,2025-10-16,FKZ,马来西亚,123.78,7.0,1.0,FB,123.78,123.78,
2025-10-17 10:04:58.084000,2025-10-16,LD,印度（India）,399.76,128.0,28.0,FB,14.27714286,14.27714286,
2025-10-17 10:05:23.647000,2025-10-16,XH,印度（India）,183.17,25.0,4.0,FB,45.7925,45.7925,郑州团队
2025-10-17 10:06:49.238000,2025-10-16,FD,印度（India）,187.76,42.0,8.0,FB,23.47,23.47,
2025-10-17 10:13:24.978000,2025-10-16,MM,印度（India）,295.97,45.0,9.0,FB,32.88555556,32.88555556,
2025-10-17 10:16:15.626000,2025-10-16,JK,印度（India）,1693.83,619.0,226.0,FB,7.494823009,7.494823009,
2025-10-17 10:32:05.155000,2025-10-16,YJ,印度（India）,561.3,195.0,54.0,FB,10.39444444,10.39444444,郑州团队
2025-10-17 10:57:33.217000,2025-10-16,HW,印度（India）,3670.94,870.0,140.0,FB,26.221,26.221,金边团队
2025-10-17 22:04:27.909000,2025-10-17,SZ1-HJ,马来西亚,212.27,19.0,6.0,FB,35.37833333,35.37833333,
2025-10-18 04:38:50.971000,2025-10-17,SZ1-XC,马来西亚,366.26,350.0,6.0,谷歌,61.04333333,61.04333333,
2025-10-18 09:18:33.070000,2025-10-17,FD,印度（India）,462.18,130.0,36.0,FB,12.83833333,12.83833333,
2025-10-18 09:22:14.168000,2025-10-17,YK,比利时,313.16,2.0,0.0,FB,#DIV/0!,#DIV/0!,金边团队
2025-10-18 09:23:02.451000,2025-10-17,YK,马来西亚,25.9,5.0,2.0,FB,12.95,12.95,金边团队
2025-10-18 09:26:27.144000,2025-10-17,LM,印度（India）,1547.42,400.0,198.0,FB,7.815252525,7.815252525,
2025-10-18 09:31:53.717000,2025-10-17,YJ,印度（India）,2268.86,700.0,100.0,FB,22.6886,22.6886,郑州团队
2025-10-18 09:34:43.951000,2025-10-17,LD,印度（India）,533.11,184.0,49.0,FB,10.87979592,10.87979592,
2025-10-18 09:44:07.251000,2025-10-17,XH,印度（India）,563.27,95.0,27.0,FB,20.86185185,20.86185185,郑州团队
2025-10-18 09:45:17.410000,2025-10-17,SZ1-ZQ,马来西亚,89.85,1.0,0.0,谷歌,#DIV/0!,#DIV/0!,
2025-10-18 09:56:09.964000,2025-10-17,JK,印度（India）,5434.47,1250.0,482.0,FB,11.27483402,11.27483402,
2025-10-18 10:03:14.312000,2025-10-17,SZ1-ZQ,马来西亚,58.16,3.0,0.0,FB,#DIV/0!,#DIV/0!,
2025-10-18 10:07:02.067000,2025-10-17,MY,印度（India）,2062.81,478.0,140.0,FB,14.73435714,14.73435714,金边团队
2025-10-18 10:11:35.144000,2025-10-17,HY,印度（India）,4451.61,909.0,267.0,FB,16.67269663,16.67269663,郑州团队
2025-10-18 10:22:13.878000,2025-10-17,HW,印度（India）,1707.26,500.0,94.0,FB,18.16234043,18.16234043,金边团队
2025-10-18 10:38:47.824000,2025-10-17,SZ1-HJ,比利时,56.96,2.0,0.0,FB,#DIV/0!,#DIV/0!,
2025-10-18 10:45:42.344000,2025-10-17,FKZ,马来西亚,13.07,0.0,0.0,FB,#DIV/0!,#DIV/0!,
2025-10-18 10:47:45.808000,2025-10-17,SZ1-XL,比利时,59.17,0.0,0.0,FB,#DIV/0!,#DIV/0!,
2025-10-18 10:53:17.621000,2025-10-17,MM,印度（India）,155.16,12.0,0.0,FB,#DIV/0!,#DIV/0!,
2025-10-19 02:18:15.702000,2025-10-18,SZ1-XC,马来西亚,1.91,2.0,0.0,谷歌,#DIV/0!,#DIV/0!,
2025-10-19 10:10:46.239000,2025-10-18,HY,印度（India）,5808.23,1030.0,282.0,FB,20.59656028,20.59656028,郑州团队
2025-10-19 10:14:41.415000,2025-10-18,MY,印度（India）,2360.41,614.0,168.0,FB,14.05005952,14.05005952,金边团队
2025-10-19 10:21:46.545000,2025-10-18,LM,印度（India）,2525.38,681.0,303.0,FB,8.334587459,8.334587459,
2025-10-19 10:24:51.146000,2025-10-18,XH,印度（India）,210.81,20.0,5.0,FB,42.162,42.162,郑州团队
2025-10-19 10:49:26.770000,2025-10-18,HW,印度（India）,1997.78,460.0,109.0,FB,18.32825688,18.32825688,金边团队
2025-10-19 10:51:00.014000,2025-10-18,JK,印度（India）,8467.07,2008.0,484.0,FB,17.49394628,17.49394628,
2025-10-19 10:52:28.817000,2025-10-18,LD,印度（India）,395.28,160.0,36.0,FB,10.98,10.98,
2025-10-19 10:53:09.238000,2025-10-18,FD,印度（India）,646.79,162.0,40.0,FB,16.16975,16.16975,
2025-10-19 11:56:43.869000,2025-10-18,YJ,印度（India）,1113.32,260.0,88.0,FB,12.65136364,12.65136364,郑州团队
2025-10-20 08:10:01.098000,2025-10-19,SZ1-XC,马来西亚,67.42,12.0,2.0,FB,33.71,33.71,
2025-10-20 08:11:01.288000,2025-10-19,SZ1-XC,马来西亚,2.0,1.0,0.0,谷歌,#DIV/0!,#DIV/0!,
2025-10-20 09:18:44.176000,2025-10-19,YJ,印度（India）,190.21,36.0,11.0,FB,17.29181818,17.29181818,郑州团队
2025-10-20 09:21:03.309000,2025-10-19,LM,印度（India）,3264.47,642.0,329.0,FB,9.922401216,9.922401216,
2025-10-20 09:21:26.028000,2025-10-19,MM,印度（India）,0.0,24.0,7.0,FB,0,0,
2025-10-20 09:22:36.417000,2025-10-19,XH,印度（India）,161.52,36.0,16.0,FB,10.095,10.095,郑州团队
2025-10-20 09:29:26.027000,2025-10-19,HW,印度（India）,2544.01,504.0,130.0,FB,19.56930769,19.56930769,金边团队
2025-10-20 09:30:08.264000,2025-10-19,FD,印度（India）,227.72,64.0,18.0,FB,12.65111111,12.65111111,
2025-10-20 09:31:46.526000,2025-10-19,SZ1-XL,比利时,11.92,1.0,0.0,FB,#DIV/0!,#DIV/0!,
2025-10-20 09:33:33.446000,2025-10-19,LD,印度（India）,162.7,43.0,7.0,FB,23.24285714,23.24285714,
2025-10-20 09:34:30.264000,2025-10-19,JK,印度（India）,2516.52,598.0,128.0,FB,19.6603125,19.6603125,
2025-10-20 10:00:53.556000,2025-10-19,HY,印度（India）,3375.09,703.0,188.0,FB,17.95260638,17.95260638,郑州团队
2025-10-20 10:04:01.995000,2025-10-19,SZ1-HJ,马来西亚,209.19,18.0,2.0,FB,104.595,104.595,
2025-10-20 10:15:51.590000,2025-10-19,SZ1-ZQ,马来西亚,102.59,7.0,3.0,FB,34.19666667,34.19666667,
2025-10-20 10:35:47.019000,2025-10-19,MY,印度（India）,3534.85,833.0,222.0,FB,15.92274775,15.92274775,金边团队
2025-10-20 21:18:01.442000,2025-10-20,SZ1-HJ,马来西亚,217.17,16.0,1.0,FB,217.17,217.17,
2025-10-21 01:28:59.925000,2025-10-20,SZ1-XC,马来西亚,204.51,17.0,0.0,FB,#DIV/0!,#DIV/0!,
2025-10-21 01:29:33.971000,2025-10-20,SZ1-XC,马来西亚,1.92,1.0,0.0,谷歌,#DIV/0!,#DIV/0!,
2025-10-21 01:35:23.869000,2025-10-20,SZ1-ZQ,马来西亚,159.64,9.0,2.0,FB,79.82,79.82,
2025-10-21 09:14:40.836000,2025-10-20,YK,马来西亚,88.5,4.0,0.0,FB,#DIV/0!,#DIV/0!,金边团队
2025-10-21 09:16:43.562000,2025-10-20,YJ,印度（India）,55.76,11.0,3.0,FB,18.58666667,18.58666667,郑州团队
2025-10-21 09:18:41.757000,2025-10-20,XH,印度（India）,360.19,80.0,20.0,FB,18.0095,18.0095,郑州团队
2025-10-21 09:19:45.061000,2025-10-20,LM,印度（India）,856.94,152.0,69.0,FB,12.41942029,12.41942029,
2025-10-21 09:25:28.020000,2025-10-20,YK,印度（India）,62.88,10.0,3.0,FB,20.96,20.96,金边团队
2025-10-21 09:37:49.469000,2025-10-20,LD,印度（India）,2348.43,479.0,143.0,FB,16.42258741,16.42258741,
2025-10-21 09:39:28.265000,2025-10-20,FD,印度（India）,405.98,150.0,42.0,FB,9.666190476,9.666190476,
2025-10-21 09:44:34.052000,2025-10-20,HW,印度（India）,2740.25,520.0,128.0,FB,21.40820313,21.40820313,金边团队
2025-10-21 09:56:41.618000,2025-10-20,JK,印度（India）,2759.05,699.0,159.0,FB,17.35251572,17.35251572,
2025-10-21 10:06:40.905000,2025-10-20,SZ1-ZQ,印度（India）,13.11,0.0,0.0,谷歌,#DIV/0!,#DIV/0!,
2025-10-21 10:32:49.306000,2025-10-20,SZ1-XL,马来西亚,17.38,0.0,0.0,FB,#DIV/0!,#DIV/0!,
2025-10-21 11:29:08.661000,2025-10-20,MM,印度（India）,337.11,36.0,8.0,FB,42.13875,42.13875,
2025-10-21 11:29:38.305000,2025-10-20,MY,印度（India）,2279.93,582.0,131.0,FB,17.4040458,17.4040458,金边团队
2025-10-21 11:30:25.472000,2025-10-20,HY,印度（India）,2943.1,572.0,128.0,FB,22.99296875,22.99296875,郑州团队
2025-10-21 20:09:19.429000,2025-10-21,YK,马来西亚,136.53,7.0,1.0,FB,136.53,136.53,金边团队
2025-10-21 22:48:10.376000,2025-10-21,SZ1-HJ,马来西亚,177.67,5.0,1.0,FB,177.67,177.67,
2025-10-21 22:53:29.053000,2025-10-21,SZ1-ZQ,印度（India）,28.94,0.0,0.0,谷歌,#DIV/0!,#DIV/0!,
2025-10-21 23:04:38.322000,2025-10-21,SZ1-ZQ,马来西亚,72.77,3.0,1.0,FB,72.77,72.77,
2025-10-21 23:05:28.577000,2025-10-21,SZ1-XL,印度（India）,13.6,0.0,0.0,FB,#DIV/0!,#DIV/0!,
2025-10-22 00:13:35.329000,2025-10-21,LM,印度（India）,1738.85,262.0,90.0,FB,19.32055556,19.32055556,
2025-10-22 00:16:57.251000,2025-10-21,FD,印度（India）,4665.94,1112.0,352.0,FB,13.25551136,13.25551136,
2025-10-22 00:17:58.463000,2025-10-21,YK,印度（India）,330.62,62.0,17.0,FB,19.44823529,19.44823529,金边团队
2025-10-22 00:20:50.854000,2025-10-21,JK,印度（India）,5690.66,1180.0,213.0,FB,26.71671362,26.71671362,
2025-10-22 00:21:08.994000,2025-10-21,LD,印度（India）,5553.21,1665.0,425.0,FB,13.06637647,13.06637647,
2025-10-22 00:26:42.468000,2025-10-21,YJ,印度（India）,4135.53,842.0,250.0,FB,16.54212,16.54212,郑州团队
2025-10-22 01:13:12.090000,2025-10-21,XH,印度（India）,541.25,113.0,31.0,FB,17.45967742,17.45967742,郑州团队
2025-10-22 03:16:56.437000,2025-10-21,SZ1-LC,印度（India）,43.77,9.0,1.0,FB,43.77,43.77,
2025-10-22 08:56:36.476000,2025-10-21,HW,印度（India）,1169.39,400.0,41.0,FB,28.52170732,28.52170732,金边团队
2025-10-22 09:50:30.430000,2025-10-21,SZ1-HJ,印度（India）,399.63,61.0,7.0,FB,57.09,57.09,
2025-10-22 10:01:00.930000,2025-10-21,SZ1-XC,马来西亚,104.84,5.0,0.0,FB,#DIV/0!,#DIV/0!,
2025-10-22 10:03:56.968000,2025-10-21,SZ1-XC,马来西亚,23.93,4.0,0.0,谷歌,#DIV/0!,#DIV/0!,
2025-10-22 10:08:07.530000,2025-10-21,SZ1-XC,印度（India）,98.79,11.0,1.0,FB,98.79,98.79,
2025-10-22 11:11:16.311000,2025-10-21,MY,印度（India）,3771.69,908.0,234.0,FB,16.11833333,16.11833333,金边团队
2025-10-22 11:19:46.221000,2025-10-21,HY,印度（India）,1877.82,419.0,108.0,FB,17.38722222,17.38722222,郑州团队
2025-10-22 11:21:53.467000,2025-10-21,FKZ,印度（India）,2.82,0.0,0.0,FB,#DIV/0!,#DIV/0!,
2025-10-22 11:48:23.724000,2025-10-21,MM,印度（India）,705.84,142.0,37.0,FB,19.07675676,19.07675676,
2025-10-22 21:31:04.351000,2025-10-22,SZ1-ZQ,马来西亚,8.46,1.0,0.0,FB,#DIV/0!,#DIV/0!,
2025-10-22 21:48:43.163000,2025-10-22,SZ1-XL,马来西亚,27.43,0.0,0.0,FB,#DIV/0!,#DIV/0!,
2025-10-23 08:01:29.406000,2025-10-22,SZ1-XC,马来西亚,1.8,10.0,0.0,谷歌,#DIV/0!,#DIV/0!,
2025-10-23 10:08:16.193000,2025-10-22,SZ1-HJ,马来西亚,48.97,1.0,1.0,FB,48.97,48.97,
2025-10-23 10:41:07.041000,2025-10-22,YK,马来西亚,320.32,61.0,4.0,FB,80.08,80.08,金边团队
2025-10-24 09:20:39.664000,2025-10-23,LM,印度（India）,1086.61,76.0,45.0,FB,24.14688889,24.14688889,
2025-10-24 09:21:17.633000,2025-10-23,YJ,印度（India）,128.34,34.0,12.0,FB,10.695,10.695,郑州团队
2025-10-24 09:22:40.058000,2025-10-23,LD,印度（India）,749.44,274.0,74.0,FB,10.12756757,10.12756757,
2025-10-24 09:25:00.748000,2025-10-23,XH,印度（India）,968.28,195.0,64.0,FB,15.129375,15.129375,郑州团队
2025-10-24 09:26:57.089000,2025-10-23,YK,印度（India）,873.73,183.0,50.0,FB,17.4746,17.4746,金边团队
2025-10-24 09:28:32.468000,2025-10-23,SZ1-HJ,印度（India）,38.85,3.0,0.0,FB,#DIV/0!,#DIV/0!,
2025-10-24 09:28:53.003000,2025-10-23,MY,印度（India）,1505.66,285.0,61.0,FB,24.68295082,24.68295082,金边团队
2025-10-24 09:29:01.307000,2025-10-23,HY,印度（India）,1957.74,354.0,76.0,FB,25.75973684,25.75973684,郑州团队
2025-10-24 09:30:10.765000,2025-10-23,FD,印度（India）,637.18,154.0,47.0,FB,13.55702128,13.55702128,
2025-10-24 09:33:46.186000,2025-10-23,FKZ,韩国,4.01,0.0,0.0,FB,#DIV/0!,#DIV/0!,
2025-10-24 09:40:24.151000,2025-10-23,JK,印度（India）,883.6,160.0,24.0,FB,36.81666667,36.81666667,
2025-10-24 09:57:35.554000,2025-10-23,MM,印度（India）,399.61,67.0,15.0,FB,26.64066667,26.64066667,
2025-10-24 10:02:03.901000,2025-10-23,SZ1-XC,印度（India）,5.14,0.0,0.0,FB,#DIV/0!,#DIV/0!,
2025-10-24 10:06:24.598000,2025-10-23,HW,印度（India）,711.16,81.0,15.0,FB,47.41066667,47.41066667,金边团队
2025-10-24 11:14:18.478000,2025-10-23,SZ1-LC,印度（India）,433.17,64.0,13.0,FB,33.32076923,33.32076923,
2025-10-25 03:31:15.729000,2025-10-24,SZ1-LC,印度（India）,192.11,32.0,7.0,FB,27.44428571,27.44428571,
2025-10-25 08:22:07.593000,2025-10-24,SZ1-XC,印度（India）,20.11,5.0,1.0,FB,20.11,20.11,
2025-10-25 09:17:10.561000,2025-10-24,FKZ,韩国,7.91,0.0,0.0,FB,#DIV/0!,#DIV/0!,
2025-10-25 09:17:20.323000,2025-10-24,YJ,印度（India）,4233.5,1120.0,351.0,FB,12.06125356,12.06125356,郑州团队
2025-10-25 09:20:38.797000,2025-10-24,FD,印度（India）,3450.9,851.0,288.0,FB,11.98229167,11.98229167,
2025-10-25 09:22:27.817000,2025-10-24,JK,印度（India）,2177.04,500.0,148.0,FB,14.70972973,14.70972973,
2025-10-25 09:23:51.097000,2025-10-24,MY,印度（India）,2545.37,549.0,155.0,FB,16.42174194,16.42174194,金边团队
2025-10-25 09:25:24.953000,2025-10-24,LM,印度（India）,425.98,121.0,31.0,FB,13.74129032,13.74129032,
2025-10-25 09:25:49.750000,2025-10-24,MM,印度（India）,1017.91,180.0,51.0,FB,19.95901961,19.95901961,
2025-10-25 09:26:31.749000,2025-10-24,HY,印度（India）,3323.71,613.0,174.0,FB,19.10178161,19.10178161,郑州团队
2025-10-25 09:35:32.429000,2025-10-24,LD,印度（India）,594.57,184.0,60.0,FB,9.9095,9.9095,
2025-10-25 09:36:32.968000,2025-10-24,SZ1-HJ,印度（India）,108.11,10.0,1.0,FB,108.11,108.11,
2025-10-25 09:38:46.048000,2025-10-24,YK,印度（India）,1675.93,391.0,109.0,FB,15.37550459,15.37550459,金边团队
2025-10-25 09:40:37.782000,2025-10-24,YK,马来西亚,102.64,24.0,4.0,FB,25.66,25.66,金边团队
2025-10-25 09:44:37.435000,2025-10-24,YK,德国（Germany）,21.17,4.0,2.0,FB,10.585,10.585,金边团队
2025-10-25 10:04:02.507000,2025-10-24,YK,韩国,5.45,1.0,0.0,FB,#DIV/0!,#DIV/0!,金边团队
2025-10-25 10:06:50.940000,2025-10-24,XH,印度（India）,4242.75,1239.0,386.0,FB,10.99158031,10.99158031,郑州团队
2025-10-25 10:11:14.246000,2025-10-24,SZ1-XL,印度（India）,15.46,2.0,0.0,FB,#DIV/0!,#DIV/0!,
2025-10-25 10:38:27.355000,2025-10-24,HW,印度（India）,349.63,30.0,0.0,FB,#DIV/0!,#DIV/0!,金边团队
2025-10-25 19:34:00.708000,2025-10-25,YK,印度（India）,193.21,47.0,9.0,FB,21.46777778,21.46777778,金边团队
2025-10-25 20:00:34.911000,2025-10-25,MY,印度（India）,1102.42,223.0,54.0,FB,20.41518519,20.41518519,金边团队
2025-10-25 20:02:52.587000,2025-10-25,XH,印度（India）,638.8,115.0,32.0,FB,19.9625,19.9625,郑州团队
2025-10-25 20:17:53.080000,2025-10-25,LD,印度（India）,515.52,100.0,16.0,FB,32.22,32.22,
2025-10-25 20:19:30.094000,2025-10-25,FD,印度（India）,1639.38,372.0,96.0,FB,17.076875,17.076875,
2025-10-25 20:21:04.548000,2025-10-25,LM,印度（India）,490.36,54.0,9.0,FB,54.48444444,54.48444444,
2025-10-25 21:13:29.128000,2025-10-25,HY,印度（India）,331.71,75.0,18.0,FB,18.42833333,18.42833333,郑州团队
2025-10-25 21:14:02.157000,2025-10-25,JK,印度（India）,898.18,156.0,30.0,FB,29.93933333,29.93933333,
2025-10-25 21:22:42.632000,2025-10-25,YJ,印度（India）,1730.93,435.0,185.0,FB,9.356378378,9.356378378,郑州团队
2025-10-26 03:04:22.587000,2025-10-25,SZ1-LC,印度（India）,78.46,24.0,1.0,FB,78.46,78.46,
2025-10-26 08:10:06.437000,2025-10-25,MM,印度（India）,786.92,235.0,57.0,FB,13.80561404,13.80561404,
2025-10-26 08:58:49.454000,2025-10-25,SZ1-HJ,印度（India）,85.66,5.0,1.0,FB,85.66,85.66,
2025-10-26 09:44:17.752000,2025-10-25,SZ1-XC,印度（India）,201.81,79.0,8.0,FB,25.22625,25.22625,
2025-10-26 09:52:37.509000,2025-10-25,SZ1-ZQ,印度（India）,43.93,7.0,1.0,FB,43.93,43.93,
2025-10-26 11:55:54.552000,2025-10-25,HW,印度（India）,446.84,90.0,11.0,FB,40.62181818,40.62181818,金边团队
2025-10-27 09:17:33.278000,2025-10-26,YK,德国（Germany）,88.09,5.0,2.0,FB,44.045,44.045,金边团队
2025-10-27 09:19:48.091000,2025-10-26,YK,韩国,14.65,2.0,0.0,FB,#DIV/0!,#DIV/0!,金边团队
2025-10-27 09:39:01.493000,2025-10-26,LD,德国（Germany）,13.2,3.0,0.0,FB,#DIV/0!,#DIV/0!,
2025-10-27 23:19:40.895000,2025-10-27,SZ1-HJ,马来西亚,38.66,0.0,0.0,FB,#DIV/0!,#DIV/0!,
2025-10-28 03:03:19.386000,2025-10-27,SZ1-XC,印度（India）,480.07,165.0,12.0,FB,40.00583333,40.00583333,
2025-10-28 03:17:15.049000,2025-10-27,SZ1-XC,马来西亚,79.33,5.0,0.0,FB,#DIV/0!,#DIV/0!,
2025-10-28 08:13:06.793000,2025-10-27,SZ1-XL,马来西亚,13.06,0.0,0.0,FB,#DIV/0!,#DIV/0!,
2025-10-28 08:16:06.147000,2025-10-27,SZ1-XL,印度（India）,10.23,1.0,0.0,FB,#DIV/0!,#DIV/0!,
2025-10-28 09:32:57.928000,2025-10-27,LD,德国（Germany）,134.85,5.0,1.0,FB,134.85,134.85,
2025-10-28 09:34:09.619000,2025-10-27,MY,印度（India）,2689.74,630.0,85.0,FB,31.644,31.644,金边团队
2025-10-28 09:35:09.487000,2025-10-27,MM,印度（India）,1487.39,366.0,49.0,FB,30.35489796,30.35489796,
2025-10-28 09:35:34.366000,2025-10-27,SZ1-HJ,印度（India）,79.2,11.0,1.0,FB,79.2,79.2,
2025-10-28 09:36:31.617000,2025-10-27,XH,印度（India）,334.84,76.0,13.0,FB,25.75692308,25.75692308,郑州团队
2025-10-28 09:41:52.505000,2025-10-27,YK,印度（India）,353.02,87.0,13.0,FB,27.15538462,27.15538462,金边团队
2025-10-28 09:44:04.903000,2025-10-27,LM,印度（India）,1246.04,268.0,60.0,FB,20.76733333,20.76733333,
2025-10-28 09:49:17.341000,2025-10-27,YK,马来西亚,106.22,12.0,2.0,FB,53.11,53.11,金边团队
2025-10-28 09:50:58.085000,2025-10-27,YK,韩国,3.16,0.0,0.0,FB,#DIV/0!,#DIV/0!,金边团队
2025-10-28 09:51:39.487000,2025-10-27,FD,印度（India）,279.7,60.0,18.0,FB,15.53888889,15.53888889,
2025-10-28 09:52:15.502000,2025-10-27,LD,印度（India）,1680.91,325.0,76.0,FB,22.11723684,22.11723684,
2025-10-28 09:53:55.939000,2025-10-27,YK,德国（Germany）,303.59,6.0,0.0,FB,#DIV/0!,#DIV/0!,金边团队
2025-10-28 10:01:12.349000,2025-10-27,JK,印度（India）,3564.03,622.0,121.0,FB,29.45479339,29.45479339,
2025-10-28 10:02:09.762000,2025-10-27,JK,马来西亚,3.16,0.0,0.0,FB,#DIV/0!,#DIV/0!,
2025-10-28 10:08:25.112000,2025-10-27,YJ,印度（India）,2520.19,546.0,116.0,FB,21.72577586,21.72577586,郑州团队
2025-10-28 10:09:29.360000,2025-10-27,XH,德国（Germany）,171.54,2.0,0.0,FB,#DIV/0!,#DIV/0!,郑州团队
2025-10-28 10:21:01.607000,2025-10-27,HW,印度（India）,1341.73,230.0,48.0,FB,27.95270833,27.95270833,金边团队
2025-10-28 10:24:29.010000,2025-10-27,SZ1-LC,印度（India）,454.2,78.0,6.0,FB,75.7,75.7,
2025-10-28 10:27:20.826000,2025-10-27,SZ1-ZQ,印度（India）,71.56,15.0,1.0,FB,71.56,71.56,
2025-10-28 10:34:53.097000,2025-10-27,SZ1-ZQ,马来西亚,27.78,0.0,0.0,FB,#DIV/0!,#DIV/0!,
2025-10-28 21:32:03.798000,2025-10-28,SZ1-HJ,马来西亚,25.55,0.0,0.0,FB,#DIV/0!,#DIV/0!,
2025-10-28 23:21:07.576000,2025-10-28,SZ1-LC,印度（India）,329.53,11.0,1.0,FB,329.53,329.53,
2025-10-29 08:21:51.660000,2025-10-28,LD,印度（India）,1276.05,390.0,88.0,FB,14.50056818,14.50056818,
2025-10-29 08:38:56.785000,2025-10-28,FD,印度（India）,564.1,100.0,17.0,FB,33.18235294,33.18235294,
2025-10-29 08:53:15.354000,2025-10-28,FKZ,韩国,62.24,8.0,2.0,FB,31.12,31.12,
2025-10-29 09:09:35.697000,2025-10-28,LD,德国（Germany）,101.57,2.0,0.0,FB,#DIV/0!,#DIV/0!,
2025-10-29 09:10:45.303000,2025-10-28,XH,印度（India）,914.73,172.0,42.0,FB,21.77928571,21.77928571,郑州团队
2025-10-29 09:13:16.964000,2025-10-28,YK,印度（India）,1015.65,235.0,44.0,FB,23.08295455,23.08295455,金边团队
2025-10-29 09:20:15.304000,2025-10-28,SZ1-ZQ,印度（India）,57.81,5.0,1.0,FB,57.81,57.81,
2025-10-29 09:20:19.084000,2025-10-28,YK,韩国,9.23,1.0,1.0,FB,9.23,9.23,金边团队
2025-10-29 09:21:43.391000,2025-10-28,MY,印度（India）,3107.13,736.0,86.0,FB,36.1294186,36.1294186,金边团队
2025-10-29 09:24:21.382000,2025-10-28,YK,马来西亚,242.37,54.0,10.0,FB,24.237,24.237,金边团队
2025-10-29 09:25:10.882000,2025-10-28,XH,德国（Germany）,78.06,1.0,0.0,FB,#DIV/0!,#DIV/0!,郑州团队
2025-10-29 09:28:22.541000,2025-10-28,YK,德国（Germany）,238.92,4.0,0.0,FB,#DIV/0!,#DIV/0!,金边团队
2025-10-29 09:28:44.062000,2025-10-28,YJ,印度（India）,3305.33,596.0,138.0,FB,23.95166667,23.95166667,郑州团队
2025-10-29 09:29:25.058000,2025-10-28,SZ1-XC,马来西亚,101.06,3.0,1.0,FB,101.06,101.06,
2025-10-29 09:30:42.874000,2025-10-28,JK,印度（India）,4889.65,805.0,151.0,FB,32.38178808,32.38178808,
2025-10-29 09:31:48.619000,2025-10-28,SZ1-XC,印度（India）,209.91,96.0,11.0,FB,19.08272727,19.08272727,
2025-10-29 09:34:38.064000,2025-10-28,SZ1-HJ,印度（India）,904.42,205.0,23.0,FB,39.3226087,39.3226087,
2025-10-29 09:41:34.011000,2025-10-28,JK,马来西亚,29.4,1.0,0.0,FB,#DIV/0!,#DIV/0!,
2025-10-29 09:58:56.043000,2025-10-28,SZ1-XL,印度（India）,14.23,0.0,0.0,FB,#DIV/0!,#DIV/0!,
2025-10-29 10:03:42.692000,2025-10-28,LM,印度（India）,1873.27,254.0,59.0,FB,31.75033898,31.75033898,
2025-10-29 10:06:36.018000,2025-10-28,MM,印度（India）,1430.95,338.0,40.0,FB,35.77375,35.77375,
2025-10-30 01:18:26.082000,2025-10-29,SZ1-LC,印度（India）,1233.38,161.0,17.0,FB,72.55176471,72.55176471,
2025-10-30 08:57:33.147000,2025-10-29,SZ1-XL,马来西亚,3.55,0.0,0.0,FB,#DIV/0!,#DIV/0!,
2025-10-30 08:59:35.695000,2025-10-29,SZ1-XC,马来西亚,44.49,1.0,0.0,FB,#DIV/0!,#DIV/0!,
2025-10-30 09:01:35.718000,2025-10-29,SZ1-XC,印度（India）,40.92,8.0,1.0,FB,40.92,40.92,
2025-10-30 09:06:18.910000,2025-10-29,SZ1-ZQ,印度（India）,136.67,24.0,3.0,FB,45.55666667,45.55666667,
2025-10-30 09:16:11.179000,2025-10-29,SZ1-HJ,印度（India）,1596.73,411.0,45.0,FB,35.48288889,35.48288889,
2025-10-30 09:16:23.833000,2025-10-29,SZ1-XL,印度（India）,27.99,4.0,0.0,FB,#DIV/0!,#DIV/0!,
2025-10-30 09:19:11.475000,2025-10-29,LM,印度（India）,871.59,166.0,22.0,FB,39.61772727,39.61772727,
2025-10-30 09:22:39.646000,2025-10-29,YK,印度（India）,482.53,85.0,18.0,FB,26.80722222,26.80722222,金边团队
2025-10-30 09:26:29.136000,2025-10-29,FKZ,韩国,105.4,5.0,0.0,FB,#DIV/0!,#DIV/0!,
2025-10-30 09:32:04.791000,2025-10-29,LD,印度（India）,2765.42,572.0,85.0,FB,32.53435294,32.53435294,
2025-10-30 09:34:39.425000,2025-10-29,JK,印度（India）,3095.66,630.0,94.0,FB,32.93255319,32.93255319,
2025-10-30 09:37:24.078000,2025-10-29,FD,印度（India）,249.35,50.0,10.0,FB,24.935,24.935,
2025-10-30 09:37:49.733000,2025-10-29,YK,马来西亚,203.74,32.0,8.0,FB,25.4675,25.4675,金边团队
2025-10-30 09:38:06.890000,2025-10-29,SZ1-ZQ,马来西亚,20.26,2.0,0.0,FB,#DIV/0!,#DIV/0!,
2025-10-30 09:56:35.326000,2025-10-29,YJ,印度（India）,9470.17,1780.0,379.0,FB,24.98725594,24.98725594,郑州团队
2025-10-30 10:01:44.825000,2025-10-29,XH,印度（India）,842.94,158.0,35.0,FB,24.084,24.084,郑州团队
2025-10-30 10:08:23.244000,2025-10-29,JK,马来西亚,37.23,4.0,0.0,FB,#DIV/0!,#DIV/0!,
2025-10-30 10:23:45.045000,2025-10-29,HW,印度（India）,418.87,100.0,2.0,FB,209.435,209.435,金边团队
2025-10-30 10:26:54.929000,2025-10-29,YK,韩国,69.4,4.0,4.0,FB,17.35,17.35,金边团队
2025-10-30 10:37:31.049000,2025-10-29,HY,印度（India）,0.0,0.0,72.0,FB,0,0,郑州团队
2025-10-30 10:38:24.515000,2025-10-29,MM,印度（India）,213.16,69.0,12.0,FB,17.76333333,17.76333333,
2025-10-30 11:08:28.971000,2025-10-29,MY,印度（India）,3022.99,519.0,15.0,FB,201.5326667,201.5326667,金边团队
2025-10-31 09:11:13.597000,2025-10-30,YJ,德国（Germany）,19.75,1.0,0.0,FB,#DIV/0!,#DIV/0!,郑州团队
2025-10-31 09:13:10.939000,2025-10-30,YJ,印度（India）,1036.2,193.0,29.0,FB,35.73103448,35.73103448,郑州团队
2025-10-31 09:15:12.582000,2025-10-30,YK,马来西亚,409.5,68.0,13.0,FB,31.5,31.5,金边团队
2025-10-31 09:19:03.050000,2025-10-30,YK,印度（India）,212.69,54.0,4.0,FB,53.1725,53.1725,金边团队
2025-10-31 09:22:18.143000,2025-10-30,LM,印度（India）,521.74,104.0,2.0,FB,260.87,260.87,
2025-10-31 09:22:26.075000,2025-10-30,LD,印度（India）,561.15,121.0,7.0,FB,80.16428571,80.16428571,
2025-10-31 09:23:11.426000,2025-10-30,LM,德国（Germany）,50.92,2.0,1.0,FB,50.92,50.92,
2025-10-31 09:25:59.935000,2025-10-30,YK,韩国,79.1,3.0,3.0,FB,26.36666667,26.36666667,金边团队
2025-10-31 09:28:55.149000,2025-10-30,XH,印度（India）,52.94,13.0,4.0,FB,13.235,13.235,郑州团队
2025-10-31 09:31:55.298000,2025-10-30,JK,印度（India）,707.34,260.0,11.0,FB,64.30363636,64.30363636,
2025-10-31 09:32:35.690000,2025-10-30,JK,马来西亚,167.76,8.0,2.0,FB,83.88,83.88,
2025-10-31 09:46:37.330000,2025-10-30,SZ1-HJ,印度（India）,168.16,40.0,0.0,FB,#DIV/0!,#DIV/0!,
2025-10-31 09:51:02.797000,2025-10-30,XH,德国（Germany）,6.19,0.0,0.0,FB,#DIV/0!,#DIV/0!,郑州团队
2025-10-31 10:07:37.086000,2025-10-30,SZ1-XC,印度（India）,124.06,13.0,0.0,FB,#DIV/0!,#DIV/0!,
2025-10-31 10:31:48.146000,2025-10-30,SZ1-ZQ,马来西亚,42.46,2.0,0.0,FB,#DIV/0!,#DIV/0!,
2025-10-31 10:39:28.856000,2025-10-30,FD,印度（India）,2.47,0.0,0.0,FB,#DIV/0!,#DIV/0!,
2025-10-31 10:50:23.887000,2025-10-30,MY,韩国,69.64,0.0,0.0,FB,#DIV/0!,#DIV/0!,金边团队
2025-10-31 11:24:51.536000,2025-10-30,MM,韩国,163.35,5.0,5.0,FB,32.67,32.67,
2025-11-01 03:18:21.148000,2025-10-31,FKZ,尼日利亚,410.09,426.0,0.0,FB,#DIV/0!,#DIV/0!,
2025-11-01 09:11:42.783000,2025-10-31,XH,德国（Germany）,100.91,3.0,1.0,FB,100.91,100.91,郑州团队
2025-11-01 09:16:28.961000,2025-10-31,LM,德国（Germany）,207.11,8.0,2.0,FB,103.555,103.555,
2025-11-01 09:19:42.104000,2025-10-31,LD,德国（Germany）,66.32,3.0,1.0,FB,66.32,66.32,
2025-11-01 09:22:29.525000,2025-10-31,FD,德国（Germany）,34.05,0.0,0.0,FB,#DIV/0!,#DIV/0!,
2025-11-01 09:27:34.456000,2025-10-31,MY,韩国,86.43,3.0,3.0,FB,28.81,28.81,金边团队
2025-11-01 09:38:03.077000,2025-10-31,MM,韩国,254.61,28.0,13.0,FB,19.58538462,19.58538462,
2025-11-01 09:38:18.760000,2025-10-31,HY,韩国,369.07,11.0,11.0,FB,33.55181818,33.55181818,郑州团队
2025-11-01 09:42:11.452000,2025-10-31,YK,马来西亚,614.95,83.0,19.0,FB,32.36578947,32.36578947,金边团队
2025-11-01 09:48:05.689000,2025-10-31,YK,韩国,229.19,12.0,8.0,FB,28.64875,28.64875,金边团队
2025-11-01 09:57:15.091000,2025-10-31,JK,尼日利亚,70.46,75.0,75.0,FB,0.9394666667,0.9394666667,
2025-11-01 10:03:04.116000,2025-10-31,SZ1-XC,马来西亚,67.23,3.0,0.0,FB,#DIV/0!,#DIV/0!,
2025-11-01 10:54:48.226000,2025-10-31,YJ,德国（Germany）,100.0,6.0,0.0,FB,#DIV/0!,#DIV/0!,郑州团队
2025-11-01 21:33:20.115000,2025-11-01,FKZ,尼日利亚,987.26,819.0,0.0,FB,#DIV/0!,#DIV/0!,
2025-11-01 22:00:44.642000,2025-11-01,SZ1-HJ,马来西亚,45.65,2.0,0.0,FB,#DIV/0!,#DIV/0!,
2025-11-01 22:45:00.773000,2025-11-01,SZ1-XL,马来西亚,47.31,1.0,0.0,FB,#DIV/0!,#DIV/0!,
2025-11-02 11:02:52.224000,2025-11-01,LM,马来西亚,54.67,3.0,2.0,FB,27.335,27.335,
2025-11-02 11:03:50.311000,2025-11-01,YK,马来西亚,319.72,42.0,11.0,FB,29.06545455,29.06545455,金边团队
2025-11-02 11:04:54.697000,2025-11-01,XH,马来西亚,21.23,1.0,1.0,FB,21.23,21.23,郑州团队
2025-11-02 11:05:56.529000,2025-11-01,JK,马来西亚,185.78,3.0,1.0,FB,185.78,185.78,
2025-11-03 09:25:11.176000,2025-11-02,LM,马来西亚,98.86,5.0,1.0,FB,98.86,98.86,
2025-11-03 09:39:31.834000,2025-11-02,YK,马来西亚,332.93,53.0,13.0,FB,25.61,25.61,金边团队
2025-11-03 16:21:20.356000,2025-11-02,FKZ,尼日利亚,934.83,860.0,0.0,FB,#DIV/0!,#DIV/0!,
2025-11-03 16:37:50.451000,2025-11-03,FKZ,尼日利亚,339.65,686.0,0.0,FB,#DIV/0!,#DIV/0!,
2025-11-04 08:03:42.727000,2025-11-03,FD,印度（India）,47.7,4.0,3.0,FB,15.9,15.9,
2025-11-04 09:12:14.895000,2025-11-03,SZ1-HJ,马来西亚,187.96,4.0,0.0,FB,#DIV/0!,#DIV/0!,
2025-11-04 09:14:51.618000,2025-11-03,JK,马来西亚,9.67,0.0,0.0,FB,#DIV/0!,#DIV/0!,
2025-11-04 09:15:24.817000,2025-11-03,LM,马来西亚,369.52,7.0,3.0,FB,123.1733333,123.1733333,
2025-11-04 09:25:00.712000,2025-11-03,LD,印度（India）,12.91,0.0,0.0,FB,#DIV/0!,#DIV/0!,
2025-11-04 09:30:09.236000,2025-11-03,YK,马来西亚,359.35,35.0,6.0,FB,59.89166667,59.89166667,金边团队
2025-11-04 09:41:54.518000,2025-11-03,SZ1-XC,马来西亚,124.74,5.0,1.0,FB,124.74,124.74,
2025-11-04 09:57:59.108000,2025-11-03,SZ1-XL,马来西亚,161.91,1.0,0.0,FB,#DIV/0!,#DIV/0!,
2025-11-04 10:20:11.859000,2025-11-03,SZ1-ZQ,马来西亚,61.15,0.0,0.0,FB,#DIV/0!,#DIV/0!,
2025-11-04 10:21:00.036000,2025-11-03,MY,瑞典,299.72,3.0,0.0,FB,#DIV/0!,#DIV/0!,金边团队
2025-11-04 11:08:56.982000,2025-11-03,XH,马来西亚,9.72,0.0,0.0,FB,#DIV/0!,#DIV/0!,郑州团队
2025-11-04 19:40:44.736000,2025-11-03,HY,印度（India）,375.57,10.0,4.0,FB,93.8925,93.8925,郑州团队
2025-11-05 09:08:41.617000,2025-11-04,YK,马来西亚,387.92,24.0,6.0,FB,64.65333333,64.65333333,金边团队
2025-11-05 09:16:13.247000,2025-11-04,MY,印度（India）,71.18,7.0,2.0,FB,35.59,35.59,金边团队
2025-11-05 09:18:41.130000,2025-11-04,MY,瑞典,99.04,1.0,0.0,FB,#DIV/0!,#DIV/0!,金边团队
2025-11-05 09:19:49.303000,2025-11-04,MM,印度（India）,150.87,62.0,19.0,FB,7.940526316,7.940526316,
2025-11-05 09:20:50.272000,2025-11-04,LD,印度（India）,43.74,12.0,2.0,FB,21.87,21.87,
2025-11-05 09:20:58.327000,2025-11-04,YJ,印度（India）,203.57,45.0,10.0,FB,20.357,20.357,郑州团队
2025-11-05 09:21:58.813000,2025-11-04,LM,印度（India）,33.63,5.0,2.0,FB,16.815,16.815,
2025-11-05 09:22:03.759000,2025-11-04,SZ1-HJ,马来西亚,18.91,0.0,0.0,FB,#DIV/0!,#DIV/0!,
2025-11-05 09:22:33.057000,2025-11-04,LM,马来西亚,16.98,3.0,0.0,FB,#DIV/0!,#DIV/0!,
2025-11-05 10:22:57.411000,2025-11-04,JK,瑞典,155.68,2.0,0.0,FB,#DIV/0!,#DIV/0!,
2025-11-05 16:18:50.063000,2025-11-04,FKZ,尼日利亚,637.24,1562.0,0.0,FB,#DIV/0!,#DIV/0!,
2025-11-05 16:21:35.253000,2025-11-05,FKZ,尼日利亚,886.28,1238.0,0.0,FB,#DIV/0!,#DIV/0!,
2025-11-05 19:55:25.065000,2025-11-05,YK,马来西亚,252.81,40.0,5.0,FB,50.562,50.562,金边团队
2025-11-06 09:10:37.528000,2025-11-05,LM,马来西亚,9.93,1.0,0.0,FB,#DIV/0!,#DIV/0!,
2025-11-06 09:25:01.370000,2025-11-05,LD,瑞典,72.94,0.0,0.0,FB,#DIV/0!,#DIV/0!,
2025-11-06 09:29:15.894000,2025-11-05,SZ1-HJ,马来西亚,7.56,0.0,0.0,FB,#DIV/0!,#DIV/0!,
2025-11-06 09:48:12.113000,2025-11-05,YJ,瑞典,357.85,21.0,1.5,FB,238.5666667,238.5666667,郑州团队
2025-11-06 09:49:49.637000,2025-11-05,LM,瑞典,114.34,3.0,1.0,FB,114.34,114.34,
2025-11-06 09:54:41.670000,2025-11-05,JK,瑞典,353.68,8.0,1.5,FB,235.7866667,235.7866667,
2025-11-06 09:56:03.622000,2025-11-05,FD,瑞典,32.7,0.0,0.0,FB,#DIV/0!,#DIV/0!,
2025-11-06 10:03:10.078000,2025-11-05,HY,韩国,9.66,0.0,0.0,FB,#DIV/0!,#DIV/0!,郑州团队
2025-11-06 10:04:37.859000,2025-11-05,MM,韩国,34.32,4.0,0.0,FB,#DIV/0!,#DIV/0!,
2025-11-06 10:04:44.129000,2025-11-05,MY,韩国,101.02,3.0,0.0,FB,#DIV/0!,#DIV/0!,金边团队
2025-11-06 10:04:45.949000,2025-11-05,YK,韩国,12.45,0.0,0.0,FB,#DIV/0!,#DIV/0!,金边团队
2025-11-06 11:06:37.535000,2025-11-05,FKZ,尼日利亚,492.49,1315.0,0.0,FB,#DIV/0!,#DIV/0!,
2025-11-06 19:56:12.303000,2025-11-06,MM,马来西亚,29.04,1.0,1.0,FB,29.04,29.04,
2025-11-06 19:56:42.018000,2025-11-06,MY,马来西亚,60.56,1.0,1.0,FB,60.56,60.56,金边团队
2025-11-06 22:21:03.796000,2025-11-06,SZ1-HJ,马来西亚,11.63,0.0,0.0,FB,#DIV/0!,#DIV/0!,
2025-11-07 09:21:14.056000,2025-11-06,SZ1-HJ,瑞典,20.28,1.0,0.0,FB,#DIV/0!,#DIV/0!,
2025-11-07 09:25:57.004000,2025-11-06,YK,瑞典,49.21,0.0,0.0,FB,#DIV/0!,#DIV/0!,金边团队
2025-11-07 09:29:05.728000,2025-11-06,LM,马来西亚,51.37,5.0,0.0,FB,#DIV/0!,#DIV/0!,
2025-11-07 09:39:47.418000,2025-11-06,YK,马来西亚,491.33,45.0,14.0,FB,35.095,35.095,金边团队
2025-11-07 09:41:32.594000,2025-11-06,JK,马来西亚,30.21,1.0,0.0,FB,#DIV/0!,#DIV/0!,
2025-11-07 09:57:46.826000,2025-11-06,JK,瑞典,393.68,15.0,5.0,FB,78.736,78.736,
2025-11-07 09:59:16.452000,2025-11-06,LM,瑞典,474.05,17.0,3.0,FB,158.0166667,158.0166667,
2025-11-07 09:59:44.496000,2025-11-06,XH,瑞典,219.39,9.0,0.0,FB,#DIV/0!,#DIV/0!,郑州团队
2025-11-07 10:01:18.471000,2025-11-06,LD,瑞典,293.4,5.0,0.0,FB,#DIV/0!,#DIV/0!,
2025-11-07 10:04:12.888000,2025-11-06,YJ,瑞典,240.09,7.0,2.0,FB,120.045,120.045,郑州团队
2025-11-07 10:06:06.939000,2025-11-06,FD,瑞典,360.85,10.0,4.0,FB,90.2125,90.2125,
2025-11-07 10:16:42.631000,2025-11-06,XH,马来西亚,4.72,0.0,0.0,FB,#DIV/0!,#DIV/0!,郑州团队
2025-11-07 10:31:49.553000,2025-11-06,HY,马来西亚,13.5,0.0,0.0,FB,#DIV/0!,#DIV/0!,郑州团队
2025-11-07 19:35:04.817000,2025-11-07,YK,瑞典,60.98,1.0,0.0,FB,#DIV/0!,#DIV/0!,金边团队
2025-11-07 19:35:52.933000,2025-11-07,LM,瑞典,11.03,1.0,0.0,FB,#DIV/0!,#DIV/0!,
2025-11-07 19:41:09.483000,2025-11-07,JK,马来西亚,51.17,1.0,0.0,FB,#DIV/0!,#DIV/0!,
2025-11-07 19:43:41.046000,2025-11-07,JK,瑞典,136.47,8.0,1.0,FB,136.47,136.47,
2025-11-07 19:45:57.800000,2025-11-07,LD,瑞典,86.72,7.0,1.0,FB,86.72,86.72,
2025-11-08 09:22:11.107000,2025-11-07,FD,瑞典,1.75,0.0,0.0,FB,#DIV/0!,#DIV/0!,
2025-11-08 09:23:34.190000,2025-11-07,LM,马来西亚,117.87,5.0,3.0,FB,39.29,39.29,
2025-11-08 09:37:07.027000,2025-11-07,SZ1-HJ,瑞典,18.33,0.0,0.0,FB,#DIV/0!,#DIV/0!,
2025-11-08 09:39:27.808000,2025-11-07,XH,瑞典,106.32,3.0,1.0,FB,106.32,106.32,郑州团队
2025-11-08 09:40:37.328000,2025-11-07,XH,马来西亚,6.04,0.0,0.0,FB,#DIV/0!,#DIV/0!,郑州团队
2025-11-08 10:19:23.698000,2025-11-07,YK,马来西亚,568.95,20.0,20.0,FB,28.4475,28.4475,金边团队
2025-11-08 15:07:32.282000,2025-11-07,YJ,瑞典,49.02,2.0,1.0,FB,49.02,49.02,郑州团队
2025-11-08 21:59:33.353000,2025-11-08,SZ1-HJ,马来西亚,12.68,1.0,0.0,FB,#DIV/0!,#DIV/0!,
2025-11-09 09:38:41.194000,2025-11-08,SZ1-HJ,瑞典,15.36,0.0,0.0,FB,#DIV/0!,#DIV/0!,
2025-11-09 11:10:42.361000,2025-11-08,LD,瑞典,317.16,26.0,2.0,FB,158.58,158.58,
2025-11-10 09:15:09.006000,2025-11-09,MM,瑞典,31.47,1.0,0.0,FB,#DIV/0!,#DIV/0!,
2025-11-10 09:21:29.941000,2025-11-09,LM,马来西亚,0.11,0.0,0.0,FB,#DIV/0!,#DIV/0!,
2025-11-10 09:22:53.596000,2025-11-09,YK,马来西亚,416.83,63.0,13.0,FB,32.06384615,32.06384615,金边团队
2025-11-10 09:25:20.206000,2025-11-09,LD,瑞典,3.45,1.0,0.0,FB,#DIV/0!,#DIV/0!,
2025-11-10 09:38:40.407000,2025-11-09,SZ1-HJ,瑞典,4.45,0.0,0.0,FB,#DIV/0!,#DIV/0!,
2025-11-10 10:41:20.472000,2025-11-09,SZ1-ZQ,德国（Germany）,196.91,2.0,0.0,FB,#DIV/0!,#DIV/0!,
2025-11-11 09:27:09.314000,2025-11-10,YK,马来西亚,266.2,48.0,11.0,FB,24.2,24.2,金边团队
2025-11-11 09:56:07.340000,2025-11-10,LD,瑞典,159.8,6.0,0.0,FB,#DIV/0!,#DIV/0!,
2025-11-11 09:58:45.230000,2025-11-10,JK,瑞典,99.95,13.0,1.0,FB,99.95,99.95,
2025-11-11 09:59:29.847000,2025-11-10,MM,瑞典,121.59,8.0,1.0,FB,121.59,121.59,
2025-11-11 10:01:20.157000,2025-11-10,LM,瑞典,267.65,7.0,2.0,FB,133.825,133.825,
2025-11-11 10:11:15.775000,2025-11-10,SZ1-HJ,德国（Germany）,146.27,0.0,0.0,TIKTOK,#DIV/0!,#DIV/0!,
2025-11-11 10:14:37.033000,2025-11-10,SZ1-ZQ,德国（Germany）,14.93,0.0,0.0,TIKTOK,#DIV/0!,#DIV/0!,
2025-11-11 10:18:11.611000,2025-11-10,SZ1-ZQ,加拿大,169.63,179.0,0.0,TIKTOK,#DIV/0!,#DIV/0!,
2025-11-12 09:18:44.756000,2025-11-11,YJ,印尼,36.97,4.0,0.0,FB,#DIV/0!,#DIV/0!,郑州团队
2025-11-12 09:26:25.326000,2025-11-11,LM,瑞典,76.57,4.0,1.0,FB,76.57,76.57,
2025-11-12 09:26:52.950000,2025-11-11,XH,印尼,7.27,0.0,0.0,FB,#DIV/0!,#DIV/0!,郑州团队
2025-11-12 09:27:22.079000,2025-11-11,LM,马来西亚,44.11,3.0,0.0,FB,#DIV/0!,#DIV/0!,
2025-11-12 09:31:14.100000,2025-11-11,LM,印尼,121.06,8.0,1.0,FB,121.06,121.06,
2025-11-12 09:31:29.958000,2025-11-11,XH,瑞典,137.91,7.0,1.0,FB,137.91,137.91,郑州团队
2025-11-12 09:36:10.758000,2025-11-11,LD,瑞典,131.12,9.0,1.0,FB,131.12,131.12,
2025-11-12 09:37:24.570000,2025-11-11,LD,印尼,69.87,1.0,0.0,FB,#DIV/0!,#DIV/0!,
2025-11-12 09:37:51.704000,2025-11-11,JK,瑞典,217.94,18.0,3.0,FB,72.64666667,72.64666667,
2025-11-12 09:38:56.711000,2025-11-11,MM,瑞典,208.49,12.0,2.0,FB,104.245,104.245,
2025-11-12 09:41:53.193000,2025-11-11,MM,印尼,35.38,6.0,0.0,FB,#DIV/0!,#DIV/0!,
2025-11-12 09:42:19.112000,2025-11-11,YK,马来西亚,90.19,12.0,0.0,FB,#DIV/0!,#DIV/0!,金边团队
2025-11-12 09:51:12.277000,2025-11-11,SZ1-HJ,德国（Germany）,24.34,0.0,0.0,TIKTOK,#DIV/0!,#DIV/0!,
2025-11-12 09:53:15.596000,2025-11-11,JK,印尼,50.18,3.0,0.0,FB,#DIV/0!,#DIV/0!,
2025-11-12 10:22:52.672000,2025-11-11,SZ1-ZQ,德国（Germany）,35.37,0.0,0.0,TIKTOK,#DIV/0!,#DIV/0!,
2025-11-12 10:26:53.668000,2025-11-11,SZ1-ZQ,加拿大,59.69,124.0,0.0,TIKTOK,#DIV/0!,#DIV/0!,
2025-11-13 09:21:19.877000,2025-11-12,YK,新加坡,4.41,1.0,1.0,FB,4.41,4.41,金边团队
2025-11-13 09:34:03.411000,2025-11-12,LM,瑞典,23.29,1.0,0.0,FB,#DIV/0!,#DIV/0!,
2025-11-13 09:38:09.408000,2025-11-12,MM,瑞典,180.21,19.0,1.0,FB,180.21,180.21,
2025-11-13 09:52:55.433000,2025-11-12,SZ1-HJ,德国（Germany）,72.47,14.0,0.0,TIKTOK,#DIV/0!,#DIV/0!,
2025-11-13 09:57:14.239000,2025-11-12,LD,瑞典,88.28,2.0,1.0,FB,88.28,88.28,
2025-11-13 09:57:55.329000,2025-11-12,JK,瑞典,303.99,25.0,0.0,FB,#DIV/0!,#DIV/0!,
2025-11-13 10:24:40.348000,2025-11-12,MM,印尼,14.35,2.0,0.0,FB,#DIV/0!,#DIV/0!,
2025-11-13 11:36:57.179000,2025-11-12,SZ1-ZQ,加拿大,88.28,256.0,0.0,TIKTOK,#DIV/0!,#DIV/0!,
2025-11-13 11:52:18.838000,2025-11-12,SZ1-ZQ,德国（Germany）,27.98,0.0,0.0,TIKTOK,#DIV/0!,#DIV/0!,
2025-11-14 09:10:22.604000,2025-11-13,SZ1-ZQ,德国（Germany）,71.3,9.0,2.0,TIKTOK,35.65,35.65,
2025-11-14 09:18:39.893000,2025-11-13,SZ1-ZQ,加拿大,43.91,3.0,0.0,TIKTOK,#DIV/0!,#DIV/0!,
2025-11-14 09:53:25.183000,2025-11-13,LD,瑞典,123.93,6.0,0.0,FB,#DIV/0!,#DIV/0!,
2025-11-14 10:08:48.382000,2025-11-13,MM,瑞典,325.52,13.0,2.0,FB,162.76,162.76,
2025-11-14 10:23:40.566000,2025-11-13,LM,瑞典,132.94,5.0,1.0,FB,132.94,132.94,
2025-11-14 12:10:40.463000,2025-11-13,SZ1-HJ,德国（Germany）,46.24,10.0,0.0,TIKTOK,#DIV/0!,#DIV/0!,
2025-11-14 14:27:51.706000,2025-11-13,SZ1-DC,德国（Germany）,301.6,18.0,4.0,TIKTOK,75.4,75.4,
2025-11-15 02:12:02.193000,2025-11-14,SZ2-ZY,德国（Germany）,150.21,0.0,0.0,TIKTOK,#DIV/0!,#DIV/0!,
2025-11-15 02:12:44.628000,2025-11-14,SZ2-FF,德国（Germany）,75.14,3.0,0.0,TIKTOK,#DIV/0!,#DIV/0!,
2025-11-15 09:04:33.367000,2025-11-14,HY,瑞典,300.01,3.0,2.0,FB,150.005,150.005,郑州团队
2025-11-15 09:29:47.205000,2025-11-14,JK,瑞典,3.26,0.0,0.0,FB,#DIV/0!,#DIV/0!,
2025-11-15 09:30:48.264000,2025-11-14,YJ,瑞典,9.08,0.0,0.0,FB,#DIV/0!,#DIV/0!,郑州团队
2025-11-15 09:54:22.765000,2025-11-14,LD,瑞典,127.98,3.0,0.0,FB,#DIV/0!,#DIV/0!,
2025-11-15 09:59:27.889000,2025-11-14,LM,瑞典,185.57,5.0,1.0,FB,185.57,185.57,
2025-11-15 10:51:43.309000,2025-11-14,SZ1-ZQ,德国（Germany）,81.92,4.0,0.0,TIKTOK,#DIV/0!,#DIV/0!,
2025-11-15 11:12:31.541000,2025-11-14,SZ-MF,德国（Germany）,52.01,0.0,1.0,TIKTOK,52.01,52.01,
2025-11-15 12:43:37.630000,2025-11-14,SZ1-HJ,德国（Germany）,124.78,10.0,4.0,TIKTOK,31.195,31.195,
2025-11-15 13:30:20.898000,2025-11-14,SZ-LL,德国（Germany）,12.54,11.0,1.0,TIKTOK,12.54,12.54,
2025-11-16 10:54:04.413000,2025-11-15,JK,瑞典,167.91,17.0,0.0,FB,#DIV/0!,#DIV/0!,
2025-11-16 11:15:02.737000,2025-11-15,LD,瑞典,121.19,7.0,1.0,FB,121.19,121.19,
2025-11-16 13:42:15.652000,2025-11-15,LM,瑞典,166.94,9.0,0.0,FB,#DIV/0!,#DIV/0!,
2025-11-17 06:33:14.417000,2025-11-16,SZ2-FF,德国（Germany）,264.78,2.0,1.0,TIKTOK,264.78,264.78,
2025-11-17 09:05:41.474000,2025-11-16,HY,瑞典,71.47,0.0,0.0,FB,#DIV/0!,#DIV/0!,郑州团队
2025-11-17 09:28:30.685000,2025-11-16,LD,瑞典,189.52,5.0,0.0,FB,#DIV/0!,#DIV/0!,
2025-11-17 09:59:56.985000,2025-11-16,LM,瑞典,2.52,0.0,0.0,FB,#DIV/0!,#DIV/0!,
2025-11-17 10:13:41.136000,2025-11-16,JK,瑞典,134.03,8.0,0.0,FB,#DIV/0!,#DIV/0!,
2025-11-17 10:48:39.291000,2025-11-16,SZ-LL,德国（Germany）,292.59,104.0,6.0,TIKTOK,48.765,48.765,
2025-11-17 12:47:05.168000,2025-11-16,SZ1-ZQ,德国（Germany）,25.82,6.0,0.0,TIKTOK,#DIV/0!,#DIV/0!,
2025-11-17 12:53:19.478000,2025-11-16,SZ1-HJ,德国（Germany）,58.67,8.0,0.0,TIKTOK,#DIV/0!,#DIV/0!,
2025-11-17 13:34:25.269000,2025-11-16,SZ2-ZY,德国（Germany）,1019.58,60.0,6.0,TIKTOK,169.93,169.93,
2025-11-18 05:32:12.413000,2025-11-17,SZ2-ZY,德国（Germany）,809.97,80.0,13.0,TIKTOK,62.30538462,62.30538462,
2025-11-18 05:35:53.589000,2025-11-17,SZ2-FF,德国（Germany）,414.31,4.0,1.0,TIKTOK,414.31,414.31,
2025-11-18 09:37:21.962000,2025-11-17,LD,瑞典,124.84,6.0,1.0,FB,124.84,124.84,
2025-11-18 09:37:37.885000,2025-11-17,JK,瑞典,100.09,6.0,0.0,FB,#DIV/0!,#DIV/0!,
2025-11-18 09:40:21.943000,2025-11-17,SZ1-ZQ,加拿大,27.18,1.0,0.0,TIKTOK,#DIV/0!,#DIV/0!,
2025-11-18 10:52:25.785000,2025-11-17,SZ1-HJ,德国（Germany）,44.89,6.0,1.0,TIKTOK,44.89,44.89,
2025-11-18 11:44:39.402000,2025-11-17,SZ-LL,德国（Germany）,352.88,463.0,7.0,TIKTOK,50.41142857,50.41142857,
2025-11-19 04:33:00.823000,2025-11-18,SZ2-ZY,德国（Germany）,687.97,60.0,11.0,TIKTOK,62.54272727,62.54272727,
2025-11-19 04:33:55.830000,2025-11-18,SZ2-FF,德国（Germany）,155.7,4.0,1.0,TIKTOK,155.7,155.7,
2025-11-19 09:26:36.109000,2025-11-18,MM,瑞典,13.19,0.0,0.0,FB,#DIV/0!,#DIV/0!,
2025-11-19 11:05:49.047000,2025-11-18,SZ1-ZQ,德国（Germany）,77.51,5.0,0.0,TIKTOK,#DIV/0!,#DIV/0!,
2025-11-19 11:20:52.480000,2025-11-18,SZ-LL,德国（Germany）,415.31,236.0,9.0,TIKTOK,46.14555556,46.14555556,
2025-11-19 12:44:58.654000,2025-11-18,SZ1-HJ,德国（Germany）,41.78,1.0,0.0,TIKTOK,#DIV/0!,#DIV/0!,
2025-11-20 04:04:05.980000,2025-11-19,SZ1-DC,德国（Germany）,200.59,14.0,0.0,TIKTOK,#DIV/0!,#DIV/0!,
2025-11-20 09:46:06.540000,2025-11-19,JK,印尼,135.67,8.0,1.0,FB,135.67,135.67,
2025-11-20 11:00:21.614000,2025-11-19,YJ,印尼,539.92,62.0,17.0,FB,31.76,31.76,郑州团队
2025-11-20 11:33:18.381000,2025-11-19,HY,印尼,306.12,25.0,6.0,FB,51.02,51.02,郑州团队
2025-11-20 11:33:20.978000,2025-11-19,MM,印尼,333.13,49.0,13.0,FB,25.62538462,25.62538462,
2025-11-20 11:34:42.546000,2025-11-19,YK,印尼,301.61,17.0,4.0,FB,75.4025,75.4025,金边团队
2025-11-20 11:48:03.555000,2025-11-19,SZ-LL,德国（Germany）,903.99,183.0,11.0,TIKTOK,82.18090909,82.18090909,
2025-11-20 11:51:41.792000,2025-11-19,SZ1-ZQ,德国（Germany）,405.81,9.0,1.0,TIKTOK,405.81,405.81,
2025-11-20 12:02:07.559000,2025-11-19,SZ1-HJ,德国（Germany）,99.4,5.0,0.0,TIKTOK,#DIV/0!,#DIV/0!,
2025-11-20 12:17:20.439000,2025-11-19,SZ-MF,德国（Germany）,273.36,5.0,0.0,TIKTOK,#DIV/0!,#DIV/0!,
2025-11-20 13:13:39.971000,2025-11-19,SZ2-ZY,德国（Germany）,851.15,73.0,15.0,TIKTOK,56.74333333,56.74333333,
2025-11-20 13:21:59.618000,2025-11-19,SZ2-FF,德国（Germany）,142.01,3.0,1.0,TIKTOK,142.01,142.01,
2025-11-21 09:43:13.493000,2025-11-20,SZ1-ZQ,德国（Germany）,84.15,5.0,0.0,TIKTOK,#DIV/0!,#DIV/0!,
2025-11-21 09:47:24.080000,2025-11-20,HY,印尼,282.5,27.0,6.0,FB,47.08333333,47.08333333,郑州团队
2025-11-21 09:52:28.585000,2025-11-20,LD,印尼,55.56,3.0,0.0,FB,#DIV/0!,#DIV/0!,
2025-11-21 09:53:49.447000,2025-11-20,YK,印尼,150.93,20.0,5.0,FB,30.186,30.186,金边团队
2025-11-21 10:03:12.901000,2025-11-20,LM,印尼,475.36,84.0,23.0,FB,20.66782609,20.66782609,
2025-11-21 10:06:17.390000,2025-11-20,JK,印尼,982.98,142.0,43.0,FB,22.86,22.86,
2025-11-21 10:10:34.504000,2025-11-20,MM,印尼,663.23,104.0,13.0,FB,51.01769231,51.01769231,
2025-11-21 10:22:47.368000,2025-11-20,YJ,印尼,1488.34,133.0,31.0,FB,48.01096774,48.01096774,郑州团队
2025-11-21 11:07:56.803000,2025-11-20,SZ-MF,德国（Germany）,66.13,5.0,0.0,TIKTOK,#DIV/0!,#DIV/0!,
2025-11-21 12:07:20.016000,2025-11-20,SZ-LL,德国（Germany）,697.02,143.0,10.0,TIKTOK,69.702,69.702,
2025-11-21 12:49:48.024000,2025-11-20,SZ1-ZQ,加拿大,17.12,4.0,0.0,TIKTOK,#DIV/0!,#DIV/0!,
2025-11-21 12:57:01.226000,2025-11-20,SZ1-HJ,德国（Germany）,44.5,3.0,0.0,TIKTOK,#DIV/0!,#DIV/0!,
2025-11-21 13:06:01.820000,2025-11-20,SZ2-FF,德国（Germany）,200.0,3.0,1.0,TIKTOK,200,200,
2025-11-21 14:35:31.025000,2025-11-20,SZ2-ZY,德国（Germany）,508.86,32.0,2.0,TIKTOK,254.43,254.43,
2025-11-22 03:42:01.931000,2025-11-21,SZ1-DC,德国（Germany）,60.91,0.0,0.0,TIKTOK,#DIV/0!,#DIV/0!,
2025-11-22 09:40:30.975000,2025-11-21,YK,马来西亚,126.72,17.0,6.0,FB,21.12,21.12,金边团队
2025-11-22 10:48:04.245000,2025-11-21,SZ2-ZY,德国（Germany）,237.77,8.0,1.0,TIKTOK,237.77,237.77,
2025-11-22 10:49:05.206000,2025-11-21,SZ-MF,德国（Germany）,232.53,25.0,1.0,TIKTOK,232.53,232.53,
2025-11-22 11:27:16.695000,2025-11-21,SZ-LL,德国（Germany）,739.87,147.0,9.0,TIKTOK,82.20777778,82.20777778,
2025-11-22 13:15:04.685000,2025-11-21,SZ2-FF,德国（Germany）,158.31,8.0,0.0,TIKTOK,#DIV/0!,#DIV/0!,
2025-11-22 14:18:53.809000,2025-11-21,SZ1-ZQ,德国（Germany）,81.21,3.0,0.0,TIKTOK,#DIV/0!,#DIV/0!,
2025-11-22 14:33:14.723000,2025-11-21,SZ1-ZQ,加拿大,194.19,20.0,2.0,TIKTOK,97.095,97.095,
2025-11-24 09:43:30.390000,2025-11-23,YK,马来西亚,75.49,15.0,3.0,FB,25.16333333,25.16333333,金边团队
2025-11-24 10:26:51.037000,2025-11-23,SZ2-ZY,德国（Germany）,404.07,62.0,11.0,TIKTOK,36.73363636,36.73363636,
2025-11-24 11:04:12.619000,2025-11-23,SZ-MF,德国（Germany）,172.69,20.0,2.0,TIKTOK,86.345,86.345,
2025-11-24 11:07:53.201000,2025-11-23,SZ-LL,德国（Germany）,339.35,97.0,3.0,TIKTOK,113.1166667,113.1166667,
2025-11-24 11:08:32.896000,2025-11-23,MM,印尼,2.85,0.0,0.0,FB,#DIV/0!,#DIV/0!,
2025-11-24 11:13:07.212000,2025-11-23,SZ2-FF,德国（Germany）,499.93,91.0,8.0,TIKTOK,62.49125,62.49125,
2025-11-24 11:50:51.023000,2025-11-23,SZ1-HJ,德国（Germany）,7.02,4.0,0.0,TIKTOK,#DIV/0!,#DIV/0!,
2025-11-24 12:33:05.124000,2025-11-23,SZ1-ZQ,德国（Germany）,126.29,15.0,2.0,TIKTOK,63.145,63.145,
2025-11-24 13:45:40.012000,2025-11-23,SZ1-DC,德国（Germany）,107.85,1.0,1.0,TIKTOK,107.85,107.85,
2025-11-25 09:17:58.014000,2025-11-24,MM,马来西亚,124.19,5.0,2.0,FB,62.095,62.095,
2025-11-25 09:38:26.292000,2025-11-24,YK,马来西亚,118.25,21.0,5.0,FB,23.65,23.65,金边团队
2025-11-25 11:09:38.254000,2025-11-24,SZ-LL,德国（Germany）,458.93,68.0,6.0,TIKTOK,76.48833333,76.48833333,
2025-11-25 11:17:24.137000,2025-11-24,SZ-MF,德国（Germany）,299.82,16.0,4.0,TIKTOK,74.955,74.955,
2025-11-25 12:10:28.598000,2025-11-24,SZ1-ZQ,德国（Germany）,332.14,29.0,5.0,TIKTOK,66.428,66.428,
2025-11-25 12:42:03.301000,2025-11-24,SZ2-ZY,德国（Germany）,1764.84,69.0,19.0,TIKTOK,92.88631579,92.88631579,
2025-11-25 12:47:56.254000,2025-11-24,SZ1-HJ,德国（Germany）,49.24,3.0,0.0,TIKTOK,#DIV/0!,#DIV/0!,
2025-11-25 13:29:23.088000,2025-11-24,SZ1-DC,德国（Germany）,204.21,11.0,0.0,TIKTOK,#DIV/0!,#DIV/0!,
2025-11-25 13:48:32.612000,2025-11-24,SZ2-FF,德国（Germany）,1825.21,150.0,19.0,TIKTOK,96.06368421,96.06368421,
2025-11-26 04:41:23.361000,2025-11-25,SZ1-ZQ,德国（Germany）,103.51,9.0,1.0,TIKTOK,103.51,103.51,
2025-11-26 09:03:47.087000,2025-11-25,HY,印度（India）,6.03,5.0,1.0,FB,6.03,6.03,郑州团队
2025-11-26 09:06:58.840000,2025-11-25,YJ,印度（India）,674.11,105.0,25.0,FB,26.9644,26.9644,郑州团队
2025-11-26 09:21:33.510000,2025-11-25,LM,印度（India）,4.23,1.0,0.0,FB,#DIV/0!,#DIV/0!,
2025-11-26 09:25:37.143000,2025-11-25,LD,印度（India）,12.06,2.0,0.0,FB,#DIV/0!,#DIV/0!,
2025-11-26 09:36:59.480000,2025-11-25,JK,印度（India）,41.28,2.0,0.0,FB,#DIV/0!,#DIV/0!,
2025-11-26 09:41:12.347000,2025-11-25,MM,印度（India）,7.45,0.0,0.0,FB,#DIV/0!,#DIV/0!,
2025-11-26 10:24:05.955000,2025-11-25,SZ1-ZQ,加拿大,73.0,6.0,0.0,TIKTOK,#DIV/0!,#DIV/0!,
2025-11-26 12:39:59.443000,2025-11-25,SZ1-DC,德国（Germany）,84.62,6.0,1.0,TIKTOK,84.62,84.62,
2025-11-26 12:44:42.311000,2025-11-25,SZ-MF,德国（Germany）,113.25,5.0,0.0,TIKTOK,#DIV/0!,#DIV/0!,
2025-11-26 13:48:45.874000,2025-11-25,SZ2-ZY,德国（Germany）,936.72,69.0,16.0,TIKTOK,58.545,58.545,
2025-11-26 13:49:20.181000,2025-11-25,SZ2-ZY,加拿大,92.88,10.0,1.5,TIKTOK,61.92,61.92,
2025-11-26 14:21:57.927000,2025-11-25,SZ1-HJ,德国（Germany）,37.44,1.0,0.0,TIKTOK,#DIV/0!,#DIV/0!,
2025-11-26 14:26:54.439000,2025-11-25,SZ1-HJ,加拿大,39.86,2.0,0.0,TIKTOK,#DIV/0!,#DIV/0!,
2025-11-26 14:31:00.436000,2025-11-25,SZ2-FF,加拿大,100.01,12.0,1.5,TIKTOK,66.67333333,66.67333333,
2025-11-26 14:32:14.952000,2025-11-25,SZ2-FF,德国（Germany）,693.69,76.0,8.0,TIKTOK,86.71125,86.71125,
2025-11-26 14:54:40.218000,2025-11-25,SZ-LL,德国（Germany）,149.43,23.0,0.0,TIKTOK,#DIV/0!,#DIV/0!,
2025-11-27 09:29:50.026000,2025-11-26,JK,印度（India）,2.12,0.0,0.0,FB,#DIV/0!,#DIV/0!,
2025-11-27 09:35:24.294000,2025-11-26,YK,马来西亚,177.03,19.0,3.0,FB,59.01,59.01,金边团队
2025-11-27 09:39:52.640000,2025-11-26,YK,新加坡,22.57,2.0,0.0,FB,#DIV/0!,#DIV/0!,金边团队
2025-11-27 09:43:10.642000,2025-11-26,YJ,印度（India）,151.41,30.0,11.0,FB,13.76454545,13.76454545,郑州团队
2025-11-27 09:43:24.166000,2025-11-26,LD,印度（India）,40.67,6.0,3.0,FB,13.55666667,13.55666667,
2025-11-27 09:46:01.632000,2025-11-26,LM,印度（India）,57.4,20.0,5.0,FB,11.48,11.48,
2025-11-27 09:48:48.731000,2025-11-26,MM,印度（India）,109.52,9.0,3.0,FB,36.50666667,36.50666667,
2025-11-27 13:16:35.815000,2025-11-26,HY,印度（India）,116.3,24.0,16.0,FB,7.26875,7.26875,郑州团队
2025-11-27 14:08:37.314000,2025-11-26,SZ1-ZQ,加拿大,185.65,18.0,3.0,TIKTOK,61.88333333,61.88333333,
2025-11-27 14:15:29.374000,2025-11-26,SZ2-ZY,加拿大,723.72,32.0,3.0,TIKTOK,241.24,241.24,
2025-11-27 14:29:48.470000,2025-11-26,SZ-LL,加拿大,120.81,15.0,0.0,TIKTOK,#DIV/0!,#DIV/0!,
2025-11-27 14:36:03.512000,2025-11-26,SZ2-FF,加拿大,562.07,20.0,3.0,TIKTOK,187.3566667,187.3566667,
2025-11-27 14:36:56.155000,2025-11-26,SZ2-FF,美国,84.2204,16.0,3.0,FB,28.07346667,28.07346667,
2025-11-27 14:53:51.810000,2025-11-26,SZ1-HJ,加拿大,83.11,7.0,0.0,TIKTOK,#DIV/0!,#DIV/0!,
2025-11-28 09:25:10.532000,2025-11-27,LD,印度（India）,56.7,11.0,3.0,FB,18.9,18.9,
2025-11-28 09:28:06.464000,2025-11-27,YJ,印度（India）,357.4,44.0,8.0,FB,44.675,44.675,郑州团队
2025-11-28 09:32:14.197000,2025-11-27,LM,印度（India）,311.56,63.0,19.0,FB,16.39789474,16.39789474,
2025-11-28 09:34:35.551000,2025-11-27,MM,印度（India）,5.36,3.0,1.0,FB,5.36,5.36,
2025-11-28 09:39:32.664000,2025-11-27,JK,印度（India）,56.2,15.0,2.0,FB,28.1,28.1,
2025-11-28 14:18:27.546000,2025-11-27,SZ1-ZQ,加拿大,255.9,29.0,0.0,TIKTOK,#DIV/0!,#DIV/0!,
2025-11-28 15:08:48.251000,2025-11-27,SZ2-ZY,加拿大,563.93,20.0,3.0,TIKTOK,187.9766667,187.9766667,
2025-11-28 15:20:58.351000,2025-11-27,SZ1-HJ,加拿大,123.21,11.0,1.0,TIKTOK,123.21,123.21,
2025-11-28 15:37:43.115000,2025-11-27,SZ2-FF,加拿大,214.95,5.0,1.0,TIKTOK,214.95,214.95,
2025-11-28 15:56:34.937000,2025-11-27,SZ-LL,加拿大,268.8,24.0,1.0,TIKTOK,268.8,268.8,
2025-11-28 22:59:17.374000,2025-11-28,YK,新加坡,28.52,4.0,2.0,FB,14.26,14.26,金边团队
2025-11-29 07:29:48.588000,2025-11-28,SZ1-HJ,加拿大,144.58,12.0,3.0,TIKTOK,48.19333333,48.19333333,
2025-11-29 07:43:54.992000,2025-11-28,SZ-LL,加拿大,98.83,13.0,1.0,TIKTOK,98.83,98.83,
2025-11-29 09:47:07.200000,2025-11-28,HY,印度（India）,80.8,26.0,4.0,FB,20.2,20.2,郑州团队
2025-11-29 09:49:15.485000,2025-11-28,LD,印度（India）,16.45,2.0,0.0,FB,#DIV/0!,#DIV/0!,
2025-11-29 09:51:26.598000,2025-11-28,LM,印度（India）,637.2,132.0,28.0,FB,22.75714286,22.75714286,
2025-11-29 09:56:16.784000,2025-11-28,JK,新加坡,71.55,3.0,0.0,FB,#DIV/0!,#DIV/0!,
2025-11-29 13:43:42.055000,2025-11-28,SZ1-ZQ,加拿大,88.76,8.0,0.0,TIKTOK,#DIV/0!,#DIV/0!,
2025-11-29 14:36:57.935000,2025-11-28,SZ1-DC,加拿大,173.13,13.0,1.0,TIKTOK,173.13,173.13,
2025-11-29 15:21:36.027000,2025-11-28,SZ2-ZY,加拿大,135.8,11.0,1.0,TIKTOK,135.8,135.8,
2025-11-29 16:56:13.659000,2025-11-28,SZ2-FF,加拿大,260.19,5.0,0.0,TIKTOK,#DIV/0!,#DIV/0!,
2025-11-29 16:57:12.833000,2025-11-28,SZ2-FF,新加坡,140.59,9.0,0.0,TIKTOK,#DIV/0!,#DIV/0!,
2025-11-30 03:55:38.492000,2025-11-29,SZ1-HJ,加拿大,115.1,19.0,4.0,TIKTOK,28.775,28.775,
2025-11-30 04:05:31.618000,2025-11-29,SZ1-ZQ,加拿大,74.56,8.0,0.0,TIKTOK,#DIV/0!,#DIV/0!,
2025-11-30 06:06:14.809000,2025-11-29,SZ1-DC,加拿大,88.16,15.0,1.0,TIKTOK,88.16,88.16,
2025-11-30 06:35:35.297000,2025-11-29,SZ-LL,加拿大,77.04,10.0,0.0,TIKTOK,#DIV/0!,#DIV/0!,
2025-11-30 10:49:52.920000,2025-11-29,JK,新加坡,39.61,4.0,1.0,FB,39.61,39.61,
2025-11-30 12:05:15.323000,2025-11-29,SZ2-ZY,加拿大,276.01,12.0,0.0,TIKTOK,#DIV/0!,#DIV/0!,
2025-11-30 13:11:03.352000,2025-11-29,SZ2-FF,加拿大,44.01,2.0,1.0,TIKTOK,44.01,44.01,
2025-11-30 14:20:28.837000,2025-11-29,YK,新加坡,190.11,32.0,8.0,FB,23.76375,23.76375,金边团队
2025-11-30 21:23:38.078000,2025-11-30,SZ1-ZQ,新加坡,88.2,18.0,1.0,TIKTOK,88.2,88.2,
2025-12-01 05:27:33.987000,2025-11-30,SZ1-HJ,加拿大,45.63,3.0,0.0,TIKTOK,#DIV/0!,#DIV/0!,
2025-12-01 05:29:16.514000,2025-11-30,SZ-LL,加拿大,95.61,16.0,1.0,TIKTOK,95.61,95.61,
2025-12-01 05:35:41.588000,2025-11-30,SZ1-ZQ,加拿大,67.42,5.0,0.0,TIKTOK,#DIV/0!,#DIV/0!,
2025-12-01 06:38:14.509000,2025-11-30,SZ1-DC,加拿大,114.29,13.0,0.0,TIKTOK,#DIV/0!,#DIV/0!,
2025-12-01 09:28:10.807000,2025-11-30,JK,新加坡,72.53,3.0,0.0,FB,#DIV/0!,#DIV/0!,
2025-12-01 10:31:57.086000,2025-11-30,SZ2-FF,加拿大,204.37,10.0,0.0,TIKTOK,#DIV/0!,#DIV/0!,
2025-12-01 19:00:19.676000,2025-12-01,HY,印度（India）,13.55,3.0,2.0,FB,6.775,6.775,郑州团队
2025-12-02 06:51:38.347000,2025-12-01,SZ1-HJ,加拿大,104.09,12.0,0.0,TIKTOK,#DIV/0!,#DIV/0!,
2025-12-02 06:55:03.176000,2025-12-01,YK,新加坡,103.06,13.0,3.0,FB,34.35333333,34.35333333,金边团队
2025-12-02 07:18:56.740000,2025-12-01,SZ-LL,加拿大,192.06,13.0,1.0,TIKTOK,192.06,192.06,
2025-12-02 09:24:59.172000,2025-12-01,LM,印度（India）,437.35,68.0,30.0,FB,14.57833333,14.57833333,
2025-12-02 09:29:50.693000,2025-12-01,YJ,印度（India）,26.08,6.0,2.0,FB,13.04,13.04,郑州团队
2025-12-02 09:30:59.573000,2025-12-01,LD,印度（India）,66.78,13.0,4.0,FB,16.695,16.695,
2025-12-02 09:34:16.889000,2025-12-01,JK,新加坡,16.95,3.0,1.0,FB,16.95,16.95,
2025-12-02 10:03:59.732000,2025-12-01,SZ2-FF,加拿大,218.1,10.0,2.0,TIKTOK,109.05,109.05,
2025-12-02 10:13:41.083000,2025-12-01,SZ2-ZY,加拿大,79.27,20.0,0.0,TIKTOK,#DIV/0!,#DIV/0!,
2025-12-02 14:21:02.435000,2025-12-01,SZ1-ZQ,新加坡,31.17,4.0,0.0,TIKTOK,#DIV/0!,#DIV/0!,
2025-12-03 06:12:47.783000,2025-12-02,SZ1-HJ,加拿大,80.43,6.0,0.0,TIKTOK,#DIV/0!,#DIV/0!,
2025-12-03 08:19:24.778000,2025-12-02,SZ1-ZQ,新加坡,13.84,2.0,0.0,TIKTOK,#DIV/0!,#DIV/0!,
2025-12-03 08:46:51.657000,2025-12-02,HY,印度（India）,9.81,2.0,1.0,FB,9.81,9.81,郑州团队
2025-12-03 09:23:00.458000,2025-12-02,YJ,印度（India）,32.15,7.0,2.0,FB,16.075,16.075,郑州团队
2025-12-03 09:24:13.784000,2025-12-02,LM,印度（India）,485.7,108.0,27.0,FB,17.98888889,17.98888889,
2025-12-03 09:24:30.698000,2025-12-02,LD,印度（India）,86.35,21.0,4.0,FB,21.5875,21.5875,
2025-12-03 09:39:45.580000,2025-12-02,JK,新加坡,8.93,1.0,0.0,FB,#DIV/0!,#DIV/0!,
2025-12-03 10:34:57.568000,2025-12-02,SZ1-ZQ,加拿大,33.02,1.0,0.0,TIKTOK,#DIV/0!,#DIV/0!,
2025-12-03 13:35:28.873000,2025-12-02,SZ2-ZY,加拿大,83.88,12.0,0.0,TIKTOK,#DIV/0!,#DIV/0!,
2025-12-03 13:37:14.829000,2025-12-02,SZ2-FF,加拿大,172.37,20.0,0.0,TIKTOK,#DIV/0!,#DIV/0!,
2025-12-03 14:26:55.015000,2025-12-02,SZ-LL,加拿大,106.22,10.0,0.0,TIKTOK,#DIV/0!,#DIV/0!,
2025-12-04 00:00:04.166000,2025-12-03,HY,印度（India）,20.02,3.0,1.0,FB,20.02,20.02,郑州团队
2025-12-04 04:38:09.039000,2025-12-03,SZ1-HJ,加拿大,78.47,12.0,0.0,TIKTOK,#DIV/0!,#DIV/0!,
2025-12-04 04:40:45.426000,2025-12-03,SZ1-ZQ,加拿大,90.77,18.0,0.0,TIKTOK,#DIV/0!,#DIV/0!,
2025-12-04 09:14:24.687000,2025-12-03,LM,印度（India）,909.83,124.0,31.0,FB,29.34935484,29.34935484,
2025-12-04 09:20:41.473000,2025-12-03,LM,加拿大,103.05,6.0,0.0,FB,#DIV/0!,#DIV/0!,
2025-12-04 09:36:01.241000,2025-12-03,LD,印度（India）,253.73,119.0,11.0,FB,23.06636364,23.06636364,
2025-12-04 10:37:35.319000,2025-12-03,JK,新加坡,48.38,6.0,3.0,FB,16.12666667,16.12666667,
2025-12-04 13:36:33.478000,2025-12-03,SZ2-ZY,爱尔兰,128.6,3.0,2.0,FB,64.3,64.3,
2025-12-04 14:26:36.082000,2025-12-03,SZ2-FF,爱尔兰,39.72,4.0,0.0,FB,#DIV/0!,#DIV/0!,
2025-12-04 20:46:28.796000,2025-12-04,YK,新加坡,57.96,9.0,3.0,FB,19.32,19.32,金边团队
2025-12-05 01:38:26.421000,2025-12-04,SZ1—YX,加拿大,16.4,0.0,0.0,TIKTOK,#DIV/0!,#DIV/0!,
2025-12-05 04:18:05.897000,2025-12-04,SZ1-ZQ,加拿大,74.79,6.0,0.0,TIKTOK,#DIV/0!,#DIV/0!,
2025-12-05 09:21:49.839000,2025-12-04,LD,印度（India）,8.56,1.0,0.0,FB,#DIV/0!,#DIV/0!,
2025-12-05 09:28:40.981000,2025-12-04,HY,印度（India）,216.48,17.0,10.0,FB,21.648,21.648,郑州团队
2025-12-05 09:34:37.224000,2025-12-04,LM,印度（India）,85.52,28.0,4.0,FB,21.38,21.38,
2025-12-05 09:41:32.766000,2025-12-04,LM,加拿大,51.17,3.0,0.0,FB,#DIV/0!,#DIV/0!,
2025-12-05 09:59:39.835000,2025-12-04,JK,新加坡,24.55,1.0,0.0,FB,#DIV/0!,#DIV/0!,
2025-12-05 19:43:59.916000,2025-12-05,HY,爱尔兰,99.69,4.0,0.0,FB,#DIV/0!,#DIV/0!,郑州团队
2025-12-05 21:00:56.995000,2025-12-05,YK,新加坡,156.12,18.0,7.0,FB,22.30285714,22.30285714,金边团队
2025-12-05 21:12:11.256000,2025-12-05,SZ1-HJ,新加坡,31.65,6.0,0.0,TIKTOK,#DIV/0!,#DIV/0!,
2025-12-06 00:05:54.680000,2025-12-05,SZ1-ZQ,新加坡,69.06,6.0,0.0,TIKTOK,#DIV/0!,#DIV/0!,
2025-12-06 09:24:21.521000,2025-12-05,LM,印度（India）,142.26,16.0,4.0,FB,35.565,35.565,
2025-12-06 09:25:52.510000,2025-12-05,JK,新加坡,13.18,0.0,0.0,FB,#DIV/0!,#DIV/0!,
2025-12-06 09:26:26.232000,2025-12-05,LM,加拿大,3.57,0.0,0.0,FB,#DIV/0!,#DIV/0!,
2025-12-06 09:30:18.777000,2025-12-05,LM,爱尔兰,46.95,0.0,0.0,FB,#DIV/0!,#DIV/0!,
2025-12-06 11:27:41.428000,2025-12-05,SZ-LL,新加坡,31.03,1.0,0.0,FB,#DIV/0!,#DIV/0!,
2025-12-06 12:23:39.046000,2025-12-05,SZ2-FF,爱尔兰,75.49928,4.0,1.0,FB,75.49928,75.49928,
2025-12-06 12:24:38.265000,2025-12-05,SZ2-FF,加拿大,367.65,48.0,4.0,TIKTOK,91.9125,91.9125,
2025-12-06 13:26:12.685000,2025-12-05,SZ2-ZY,加拿大,110.41,12.0,1.0,TIKTOK,110.41,110.41,
2025-12-06 13:29:00.476000,2025-12-05,SZ2-ZY,爱尔兰,44.09,0.0,0.0,FB,#DIV/0!,#DIV/0!,
2025-12-06 16:06:14.194000,2025-12-04,SZ1-HJ,加拿大,20.89,0.0,0.0,TIKTOK,#DIV/0!,#DIV/0!,
2025-12-06 19:13:13.407000,2025-12-06,SZ1-ZQ,新加坡,41.14,7.0,0.0,TIKTOK,#DIV/0!,#DIV/0!,
2025-12-06 19:31:51.107000,2025-12-06,SZ1—YX,新加坡,7.69,0.0,0.0,TIKTOK,#DIV/0!,#DIV/0!,
2025-12-07 04:22:20.124000,2025-12-06,SZ1-ZQ,加拿大,19.38,2.0,0.0,TIKTOK,#DIV/0!,#DIV/0!,
2025-12-07 04:38:49.029000,2025-12-06,SZ1-HJ,加拿大,45.75,8.0,0.0,TIKTOK,#DIV/0!,#DIV/0!,
2025-12-07 05:42:20.056000,2025-12-06,SZ-LL,加拿大,47.72,10.0,0.0,TIKTOK,#DIV/0!,#DIV/0!,
2025-12-07 10:23:39.106000,2025-12-06,SZ2-ZY,加拿大,45.23,12.0,1.0,TIKTOK,45.23,45.23,
2025-12-07 11:56:01.444000,2025-12-06,SZ2-FF,加拿大,638.36,136.0,8.0,TIKTOK,79.795,79.795,
2025-12-07 12:55:54.659000,2025-12-06,YK,新加坡,53.83,4.0,1.0,FB,53.83,53.83,金边团队
2025-12-07 22:18:31.596000,2025-12-07,SZ1-ZQ,新加坡,33.62,7.0,0.0,TIKTOK,#DIV/0!,#DIV/0!,
2025-12-07 22:21:06.680000,2025-12-07,SZ-LL,新加坡,46.63,6.0,1.0,TIKTOK,46.63,46.63,
2025-12-07 22:41:48.843000,2025-12-07,SZ1—YX,新加坡,12.91,6.0,0.0,TIKTOK,#DIV/0!,#DIV/0!,
2025-12-08 06:09:22.623000,2025-12-07,SZ1—YX,加拿大,17.42,1.0,0.0,TIKTOK,#DIV/0!,#DIV/0!,
2025-12-08 07:21:37.445000,2025-12-07,SZ1-HJ,加拿大,115.1,27.0,2.0,TIKTOK,57.55,57.55,
2025-12-08 07:36:03.417000,2025-12-07,SZ-LL,加拿大,460.2,114.0,19.0,TIKTOK,24.22105263,24.22105263,
2025-12-08 10:38:43.070000,2025-12-07,SZ2-ZY,加拿大,88.8,15.0,0.0,TIKTOK,#DIV/0!,#DIV/0!,
2025-12-08 11:10:30.962000,2025-12-07,SZ1-ZQ,加拿大,78.72,12.0,0.0,TIKTOK,#DIV/0!,#DIV/0!,
2025-12-08 11:22:02.491000,2025-12-07,SZ2-FF,加拿大,358.87,71.0,8.0,TIKTOK,44.85875,44.85875,
2025-12-08 21:18:05.684000,2025-12-08,YK,新加坡,175.51,12.0,5.0,FB,35.102,35.102,金边团队
2025-12-09 01:34:52.713000,2025-12-08,HY,爱尔兰,83.62,2.0,0.0,FB,#DIV/0!,#DIV/0!,郑州团队
2025-12-09 01:53:33.435000,2025-12-08,SZ1—YX,加拿大,23.77,1.0,0.0,TIKTOK,#DIV/0!,#DIV/0!,
2025-12-09 05:58:57.136000,2025-12-08,SZ1-HJ,加拿大,165.85,39.0,8.0,TIKTOK,20.73125,20.73125,
2025-12-09 06:15:49.097000,2025-12-08,SZ1-ZQ,加拿大,106.67,9.0,0.0,TIKTOK,#DIV/0!,#DIV/0!,
2025-12-09 06:18:02.781000,2025-12-08,SZ-LL,加拿大,237.03,69.0,4.0,TIKTOK,59.2575,59.2575,
2025-12-09 09:25:54.907000,2025-12-08,LM,印度（India）,16.04,2.0,0.0,FB,#DIV/0!,#DIV/0!,
2025-12-09 11:01:55.590000,2025-12-08,YJ,印度（India）,52.72,12.0,3.0,FB,17.57333333,17.57333333,郑州团队
2025-12-09 12:19:38.266000,2025-12-08,SZ2-FF,加拿大,808.5,67.0,11.0,TIKTOK,73.5,73.5,
2025-12-09 12:21:27.732000,2025-12-08,SZ2-ZY,加拿大,249.55,30.0,2.0,TIKTOK,124.775,124.775,
2025-12-09 13:41:51.696000,2025-12-08,SZ1-ZQ,新加坡,12.85,3.0,0.0,TIKTOK,#DIV/0!,#DIV/0!,
2025-12-10 07:06:29.633000,2025-12-09,JK,印度（India）,8.15,1.0,0.0,FB,#DIV/0!,#DIV/0!,
2025-12-10 07:36:39.910000,2025-12-09,SZ1-ZQ,加拿大,293.21,38.0,5.0,TIKTOK,58.642,58.642,
2025-12-10 07:55:52.989000,2025-12-09,SZ-LL,加拿大,787.23,126.0,14.0,TIKTOK,56.23071429,56.23071429,
2025-12-10 09:32:33.360000,2025-12-09,LM,印度（India）,193.61,42.0,14.0,FB,13.82928571,13.82928571,
2025-12-10 09:33:07.126000,2025-12-09,SZ2-FF,加拿大,314.59,50.0,4.0,TIKTOK,78.6475,78.6475,
2025-12-10 09:34:26.087000,2025-12-09,YJ,印度（India）,124.7,16.0,4.0,FB,31.175,31.175,郑州团队
2025-12-10 09:40:33.372000,2025-12-09,SZ2-FF,爱尔兰,120.69,5.0,0.0,FB,#DIV/0!,#DIV/0!,
2025-12-10 09:49:22.113000,2025-12-09,YK,加拿大,100.0,3.0,1.0,TIKTOK,100,100,金边团队
2025-12-10 09:49:59.380000,2025-12-09,YK,新加坡,272.28,18.0,3.0,FB,90.76,90.76,金边团队
2025-12-10 12:38:15.655000,2025-12-09,SZ2-ZY,加拿大,102.03,16.0,0.0,TIKTOK,#DIV/0!,#DIV/0!,
2025-12-10 16:59:52.423000,2025-12-09,SZ1—YX,加拿大,84.68,10.0,0.0,TIKTOK,#DIV/0!,#DIV/0!,
2025-12-10 17:07:15.965000,2025-12-09,SZ1-HJ,加拿大,478.74,44.0,9.0,TIKTOK,53.19333333,53.19333333,
2025-12-11 04:20:02.672000,2025-12-10,SZ-LL,加拿大,290.38,57.0,5.0,TIKTOK,58.076,58.076,
2025-12-11 04:25:08.661000,2025-12-10,SZ1-ZQ,加拿大,72.83,16.0,0.0,TIKTOK,#DIV/0!,#DIV/0!,
2025-12-11 04:25:44.491000,2025-12-10,SZ1-HJ,加拿大,80.64,8.0,1.0,TIKTOK,80.64,80.64,
2025-12-11 04:36:14.888000,2025-12-10,SZ1—YX,加拿大,45.04,3.0,0.0,TIKTOK,#DIV/0!,#DIV/0!,
2025-12-11 06:03:28.332000,2025-12-10,SZ2-ZY,加拿大,59.71,12.0,0.0,TIKTOK,#DIV/0!,#DIV/0!,
2025-12-11 06:54:52.485000,2025-12-10,SZ2-FF,加拿大,631.24,90.0,19.0,TIKTOK,33.22315789,33.22315789,
2025-12-11 09:19:10.690000,2025-12-10,LM,印度（India）,243.68,54.0,10.0,FB,24.368,24.368,
2025-12-11 09:31:14.147000,2025-12-10,YK,新加坡,108.02,8.0,2.0,FB,54.01,54.01,金边团队
2025-12-11 09:49:55.611000,2025-12-10,YK,加拿大,36.83,5.0,1.0,TIKTOK,36.83,36.83,金边团队
2025-12-11 10:13:34.650000,2025-12-10,HY,爱尔兰,10.94,0.0,0.0,FB,#DIV/0!,#DIV/0!,郑州团队
2025-12-11 12:58:03.131000,2025-12-10,SZ1-DC,印度（India）,37.71,0.0,0.0,谷歌,#DIV/0!,#DIV/0!,
2025-12-11 22:37:35.575000,2025-12-11,HY,爱尔兰,60.54,2.0,1.0,FB,60.54,60.54,郑州团队
2025-12-12 07:20:19.307000,2025-12-11,SZ1—YX,加拿大,48.47,2.0,0.0,TIKTOK,#DIV/0!,#DIV/0!,
2025-12-12 07:21:27.504000,2025-12-11,SZ1-HJ,加拿大,208.87,50.0,3.0,TIKTOK,69.62333333,69.62333333,
2025-12-12 09:57:26.741000,2025-12-11,YK,新加坡,690.78,67.0,26.0,FB,26.56846154,26.56846154,金边团队
2025-12-12 09:59:56.036000,2025-12-11,SZ2-FF,加拿大,476.12,61.0,11.0,TIKTOK,43.28363636,43.28363636,
2025-12-12 11:19:51.091000,2025-12-11,SZ-LL,加拿大,712.78,144.0,15.0,TIKTOK,47.51866667,47.51866667,
2025-12-12 11:20:23.969000,2025-12-11,SZ1-ZQ,加拿大,178.84,16.0,0.0,TIKTOK,#DIV/0!,#DIV/0!,
2025-12-13 04:47:34.775000,2025-12-12,SZ1-HJ,加拿大,164.21,36.0,4.0,TIKTOK,41.0525,41.0525,
2025-12-13 04:54:59.981000,2025-12-12,SZ-LL,加拿大,479.89,70.0,7.0,TIKTOK,68.55571429,68.55571429,
2025-12-13 04:58:53.243000,2025-12-12,SZ1—YX,加拿大,67.56,3.0,0.0,TIKTOK,#DIV/0!,#DIV/0!,
2025-12-13 09:29:09.429000,2025-12-12,JK,爱尔兰,32.5,1.0,0.0,FB,#DIV/0!,#DIV/0!,
2025-12-13 09:51:14.702000,2025-12-12,YK,新加坡,996.86,94.0,31.0,FB,32.15677419,32.15677419,金边团队
2025-12-13 10:28:52.118000,2025-12-12,SZ2-FF,加拿大,701.2,60.0,14.0,TIKTOK,50.08571429,50.08571429,
2025-12-13 12:54:50.101000,2025-12-12,HY,爱尔兰,123.54,4.0,2.0,FB,61.77,61.77,郑州团队
2025-12-13 21:27:23.908000,2025-12-13,YK,新加坡,914.19,86.0,28.0,FB,32.64964286,32.64964286,金边团队
2025-12-14 20:55:48.771000,2025-12-14,YK,新加坡,224.61,18.0,8.0,FB,28.07625,28.07625,金边团队
2025-12-15 05:40:51.761000,2025-12-14,SZ1-HJ,加拿大,294.39,68.0,9.0,TIKTOK,32.71,32.71,
2025-12-15 05:48:57.004000,2025-12-14,SZ1—YX,加拿大,67.97,8.0,0.0,TIKTOK,#DIV/0!,#DIV/0!,
2025-12-15 06:05:32.305000,2025-12-14,SZ1-ZQ,加拿大,209.4,23.0,0.0,TIKTOK,#DIV/0!,#DIV/0!,
2025-12-15 13:54:36.571000,2025-12-14,SZ2-FF,加拿大,1301.93,122.0,22.0,TIKTOK,59.17863636,59.17863636,
2025-12-15 14:00:30.316000,2025-12-14,SZ-LL,加拿大,928.72,171.0,23.0,TIKTOK,40.37913043,40.37913043,
2025-12-15 19:53:29.643000,2025-12-15,YK,新加坡,205.77,12.0,3.0,FB,68.59,68.59,金边团队
2025-12-16 02:27:59.656000,2025-12-15,HY,爱尔兰,79.44,3.0,0.0,FB,#DIV/0!,#DIV/0!,郑州团队
2025-12-16 02:40:46.964000,2025-12-15,SZ1—YX,加拿大,66.29,3.0,0.0,TIKTOK,#DIV/0!,#DIV/0!,
2025-12-16 03:06:41.660000,2025-12-15,SZ1-HJ,加拿大,102.28,25.0,1.0,TIKTOK,102.28,102.28,
2025-12-16 03:08:09.489000,2025-12-15,SZ-LL,加拿大,532.09,82.0,19.0,TIKTOK,28.00473684,28.00473684,
2025-12-16 09:33:08.324000,2025-12-15,LM,印度（India）,14.7,0.0,0.0,FB,#DIV/0!,#DIV/0!,
2025-12-16 09:34:36.534000,2025-12-15,JK,印度（India）,13.34,0.0,0.0,FB,#DIV/0!,#DIV/0!,
2025-12-16 13:37:33.040000,2025-12-15,SZ2-FF,加拿大,820.06,107.0,23.0,TIKTOK,35.65478261,35.65478261,
2025-12-16 21:20:07.589000,2025-12-16,YK,新加坡,352.58,24.0,7.0,FB,50.36857143,50.36857143,金边团队
2025-12-17 02:33:18.821000,2025-12-16,HY,爱尔兰,305.94,10.0,3.0,FB,101.98,101.98,郑州团队
2025-12-17 05:13:56.050000,2025-12-16,SZ1-HJ,加拿大,151.15,39.0,3.0,TIKTOK,50.38333333,50.38333333,
2025-12-17 05:16:05.080000,2025-12-16,SZ1—YX,加拿大,171.78,17.0,3.0,TIKTOK,57.26,57.26,
2025-12-17 05:31:03.809000,2025-12-16,SZ-LL,加拿大,1040.97,157.0,20.0,TIKTOK,52.0485,52.0485,
2025-12-17 09:41:09.478000,2025-12-16,LM,爱尔兰,82.43,0.0,0.0,FB,#DIV/0!,#DIV/0!,
2025-12-17 10:50:49.642000,2025-12-16,YJ,新加坡,30.71,0.0,0.0,TIKTOK,#DIV/0!,#DIV/0!,郑州团队
2025-12-17 16:13:17.616000,2025-12-16,SZ2-FF,加拿大,1246.6,150.0,20.0,TIKTOK,62.33,62.33,
2025-12-18 02:42:14.431000,2025-12-17,HY,爱尔兰,142.82,4.0,1.0,FB,142.82,142.82,郑州团队
2025-12-18 05:22:56.524000,2025-12-17,SZ1-HJ,加拿大,58.91,9.0,1.0,TIKTOK,58.91,58.91,
2025-12-18 05:37:04.624000,2025-12-17,SZ1—YX,加拿大,427.37,30.0,9.0,TIKTOK,47.48555556,47.48555556,
2025-12-18 07:09:28.033000,2025-12-17,SZ-LL,加拿大,946.86,162.0,27.0,TIKTOK,35.06888889,35.06888889,
2025-12-18 08:38:09.070000,2025-12-17,YJ,巴西,290.04,6.0,0.0,FB,#DIV/0!,#DIV/0!,郑州团队
2025-12-18 09:47:18.003000,2025-12-17,YK,新加坡,1868.77,96.0,33.0,FB,56.62939394,56.62939394,金边团队
2025-12-18 10:26:53.363000,2025-12-17,LM,巴西,118.63,5.0,0.0,FB,#DIV/0!,#DIV/0!,
2025-12-18 14:26:02.007000,2025-12-17,SZ2-FF,加拿大,1465.42,156.0,32.0,TIKTOK,45.794375,45.794375,
2025-12-18 23:35:56,2025-12-18,YK,新加坡,1137.32,81.0,25.0,FB,45.4928,45.4928,金边团队
2025-12-19 03:27:49.667000,2025-12-18,HY,爱尔兰,107.64,4.0,0.0,FB,#DIV/0!,#DIV/0!,郑州团队
2025-12-19 06:46:15.238000,2025-12-18,SZ1—YX,加拿大,178.18,19.0,2.0,TIKTOK,89.09,89.09,
2025-12-19 07:04:48.898000,2025-12-18,SZ1-HJ,加拿大,68.44,0.0,3.0,TIKTOK,22.81333333,22.81333333,
2025-12-19 07:15:13.105000,2025-12-18,SZ-LL,加拿大,1101.57,104.0,17.0,TIKTOK,64.79823529,64.79823529,
2025-12-19 07:39:34.729000,2025-12-18,YJ,巴西,428.5,20.0,0.0,FB,#DIV/0!,#DIV/0!,郑州团队
2025-12-19 08:59:14.223000,2025-12-18,SZ2-FF,加拿大,1052.6,70.0,17.0,TIKTOK,61.91764706,61.91764706,
2025-12-19 09:37:03.855000,2025-12-18,LM,巴西,65.4,5.0,0.0,FB,#DIV/0!,#DIV/0!,
2025-12-19 09:45:27.390000,2025-12-18,JK,巴西,184.97,15.0,0.0,FB,#DIV/0!,#DIV/0!,
2025-12-19 10:20:09.571000,2025-12-18,LD,巴西,83.43,2.0,0.0,FB,#DIV/0!,#DIV/0!,
2025-12-20 07:30:56.036000,2025-12-19,SZ1-HJ,加拿大,162.52,27.0,1.0,TIKTOK,162.52,162.52,
2025-12-20 08:09:48.701000,2025-12-19,SZ1—YX,加拿大,266.34,29.0,3.0,TIKTOK,88.78,88.78,
2025-12-20 08:19:04.916000,2025-12-19,SZ-LL,加拿大,2218.23,288.0,43.0,TIKTOK,51.58674419,51.58674419,
2025-12-20 09:11:36.457000,2025-12-19,YJ,巴西,446.06,13.0,0.0,FB,#DIV/0!,#DIV/0!,郑州团队
2025-12-20 09:28:17.727000,2025-12-19,JK,巴西,150.8,6.0,0.0,FB,#DIV/0!,#DIV/0!,
2025-12-20 10:13:31.126000,2025-12-19,MY,新加坡,24.02,0.0,0.0,FB,#DIV/0!,#DIV/0!,金边团队
2025-12-20 10:26:35.313000,2025-12-19,YK,新加坡,1603.62,86.0,27.0,FB,59.39333333,59.39333333,金边团队
2025-12-20 10:54:23.431000,2025-12-19,LD,巴西,47.73,1.0,0.0,FB,#DIV/0!,#DIV/0!,
2025-12-20 10:54:28.633000,2025-12-19,YJ,新加坡,4.52,0.0,0.0,FB,#DIV/0!,#DIV/0!,郑州团队
2025-12-20 10:55:35.552000,2025-12-19,LD,爱尔兰,40.37,0.0,0.0,FB,#DIV/0!,#DIV/0!,
2025-12-20 11:17:22.818000,2025-12-19,SZ2-FF,加拿大,839.41,58.0,10.0,TIKTOK,83.941,83.941,
2025-12-20 12:21:46.046000,2025-12-19,LM,爱尔兰,210.69,8.0,0.0,FB,#DIV/0!,#DIV/0!,
2025-12-20 12:22:37.810000,2025-12-19,LM,巴西,127.44,4.0,0.0,FB,#DIV/0!,#DIV/0!,
2025-12-20 22:19:27.537000,2025-12-20,YK,新加坡,1068.18,64.0,20.0,FB,53.409,53.409,金边团队
2025-12-20 22:20:23.652000,2025-12-20,LM,新加坡,9.44,0.0,0.0,FB,#DIV/0!,#DIV/0!,
2025-12-21 05:09:37.188000,2025-12-20,SZ1—YX,加拿大,122.45,10.0,0.0,TIKTOK,#DIV/0!,#DIV/0!,
2025-12-21 06:39:44.701000,2025-12-20,SZ1-HJ,加拿大,80.78,23.0,1.0,TIKTOK,80.78,80.78,
2025-12-21 09:48:35.452000,2025-12-20,SZ2-FF,加拿大,1076.21,100.0,8.0,TIKTOK,134.52625,134.52625,
2025-12-21 10:14:23.077000,2025-12-20,SZ-LL,加拿大,1550.46,188.0,32.0,TIKTOK,48.451875,48.451875,
,,,,,,,,#DIV/0!,#DIV/0!,
,,,,,,,,#DIV/0!,#DIV/0!,
,,,,,,,,#DIV/0!,#DIV/0!,
,,,,,,,,#DIV/0!,#DIV/0!,
,,,,,,,,#DIV/0!,#DIV/0!,
,,,,,,,,#DIV/0!,#DIV/0!,
,,,,,,,,#DIV/0!,#DIV/0!,
,,,,,,,,#DIV/0!,#DIV/0!,
,,,,,,,,#DIV/0!,#DIV/0!,
,,,,,,,,#DIV/0!,#DIV/0!,
,,,,,,,,#DIV/0!,#DIV/0!,
,,,,,,,,#DIV/0!,#DIV/0!,
,,,,,,,,#DIV/0!,#DIV/0!,
,,,,,,,,#DIV/0!,#DIV/0!,
,,,,,,,,#DIV/0!,#DIV/0!,
,,,,,,,,#DIV/0!,#DIV/0!,
,,,,,,,,#DIV/0!,#DIV/0!,
,,,,,,,,#DIV/0!,#DIV/0!,
,,,,,,,,#DIV/0!,#DIV/0!,
,,,,,,,,#DIV/0!,#DIV/0!,
,,,,,,,,#DIV/0!,#DIV/0!,
,,,,,,,,#DIV/0!,#DIV/0!,
,,,,,,,,#DIV/0!,#DIV/0!,
,,,,,,,,#DIV/0!,#DIV/0!,
,,,,,,,,#DIV/0!,#DIV/0!,
,,,,,,,,#DIV/0!,#DIV/0!,
,,,,,,,,#DIV/0!,#DIV/0!,
,,,,,,,,#DIV/0!,#DIV/0!,
,,,,,,,,#DIV/0!,#DIV/0!,
,,,,,,,,#DIV/0!,#DIV/0!,
,,,,,,,,#DIV/0!,#DIV/0!,
,,,,,,,,#DIV/0!,#DIV/0!,
,,,,,,,,#DIV/0!,#DIV/0!,
,,,,,,,,#DIV/0!,#DIV/0!,
,,,,,,,,#DIV/0!,#DIV/0!,
,,,,,,,,#DIV/0!,#DIV/0!,
,,,,,,,,#DIV/0!,#DIV/0!,
,,,,,,,,#DIV/0!,#DIV/0!,
2024-10-19 上午14:30:46,2024-10-18,阿杜,印度（India）,30.52,7.0,3.0,,10.17333333,10.17333333,深圳团队
,2025-01-12,SG,印度（India）,0.0,0.0,0.0,,#DIV/0!,#DIV/0!,郑州团队
